wandb: Appending key for api.wandb.ai to your netrc file: /home/m1/23CS60R16/.netrc
wandb: Currently logged in as: i-rishab-duhan (i-rishab-duhan-iit-kharagpur) to https://api.wandb.ai. Use `wandb login --relogin` to force relogin
wandb: Using wandb-core as the SDK backend.  Please refer to https://wandb.me/wandb-core for more information.
wandb: Tracking run with wandb version 0.19.6
wandb: Run data is saved locally in /home/m1/23CS60R16/Dec_6_Model_data/Hevc_models_script/ViT_small_small/wandb/run-20250330_115430-zipjmtj8
wandb: Run `wandb offline` to turn off syncing.
wandb: Syncing run fresh-water-133
wandb: ⭐️ View project at https://wandb.ai/i-rishab-duhan-iit-kharagpur/vit-training
wandb: 🚀 View run at https://wandb.ai/i-rishab-duhan-iit-kharagpur/vit-training/runs/zipjmtj8
Total Parameters: 2,352,805
Trainable Parameters: 2,352,805
Loading checkpoint from best_vit_model.pth...
Epoch [3737/10000] Training Loss: 0.1959 Accuracy: 82.09% | L1: 85.18% | L2: 82.42% | L3: 78.68%
Epoch [3738/10000] Training Loss: 0.1947 Accuracy: 82.10% | L1: 85.06% | L2: 82.44% | L3: 78.79%
Validation Loss: 0.2011 
 Accuracy: 82.18% | L1: 85.60% | L2: 82.21% | L3: 78.72%
Checkpoint saved at epoch 3738
Epoch [3739/10000] Training Loss: 0.1952 Accuracy: 82.25% | L1: 85.40% | L2: 82.62% | L3: 78.71%
Epoch [3740/10000] Training Loss: 0.1939 Accuracy: 82.14% | L1: 84.98% | L2: 82.63% | L3: 78.81%
Validation Loss: 0.2026 
 Accuracy: 82.24% | L1: 85.95% | L2: 82.20% | L3: 78.58%
Epoch [3741/10000] Training Loss: 0.1936 Accuracy: 82.32% | L1: 85.37% | L2: 82.83% | L3: 78.75%
Epoch [3742/10000] Training Loss: 0.1943 Accuracy: 82.18% | L1: 85.17% | L2: 82.52% | L3: 78.86%
Validation Loss: 0.2014 
 Accuracy: 82.16% | L1: 85.55% | L2: 82.31% | L3: 78.62%
Epoch [3743/10000] Training Loss: 0.1943 Accuracy: 82.23% | L1: 85.19% | L2: 82.66% | L3: 78.85%
Epoch [3744/10000] Training Loss: 0.1933 Accuracy: 82.38% | L1: 85.38% | L2: 82.85% | L3: 78.92%
Validation Loss: 0.2004 
 Accuracy: 82.37% | L1: 86.00% | L2: 82.16% | L3: 78.94%
Checkpoint saved at epoch 3744
Epoch [3745/10000] Training Loss: 0.1936 Accuracy: 82.21% | L1: 85.06% | L2: 82.70% | L3: 78.88%
Epoch [3746/10000] Training Loss: 0.1932 Accuracy: 82.34% | L1: 85.30% | L2: 82.69% | L3: 79.04%
Validation Loss: 0.1996 
 Accuracy: 82.39% | L1: 85.85% | L2: 82.36% | L3: 78.97%
Checkpoint saved at epoch 3746
Epoch [3747/10000] Training Loss: 0.1920 Accuracy: 82.40% | L1: 85.29% | L2: 82.93% | L3: 78.99%
Epoch [3748/10000] Training Loss: 0.1934 Accuracy: 82.29% | L1: 85.21% | L2: 82.68% | L3: 78.97%
Validation Loss: 0.2027 
 Accuracy: 82.00% | L1: 85.68% | L2: 82.06% | L3: 78.26%
Epoch [3749/10000] Training Loss: 0.1919 Accuracy: 82.38% | L1: 85.30% | L2: 82.81% | L3: 79.02%
Epoch [3750/10000] Training Loss: 0.1921 Accuracy: 82.43% | L1: 85.37% | L2: 82.89% | L3: 79.02%
Validation Loss: 0.2026 
 Accuracy: 82.23% | L1: 86.15% | L2: 82.13% | L3: 78.39%
Epoch [3751/10000] Training Loss: 0.1921 Accuracy: 82.40% | L1: 85.28% | L2: 82.82% | L3: 79.09%
Epoch [3752/10000] Training Loss: 0.1922 Accuracy: 82.44% | L1: 85.42% | L2: 82.87% | L3: 79.02%
Validation Loss: 0.2017 
 Accuracy: 82.22% | L1: 85.44% | L2: 82.26% | L3: 78.95%
Epoch [3753/10000] Training Loss: 0.1913 Accuracy: 82.44% | L1: 85.31% | L2: 82.97% | L3: 79.04%
Epoch [3754/10000] Training Loss: 0.1912 Accuracy: 82.49% | L1: 85.48% | L2: 82.86% | L3: 79.12%
Validation Loss: 0.2023 
 Accuracy: 82.15% | L1: 85.62% | L2: 82.31% | L3: 78.53%
Epoch [3755/10000] Training Loss: 0.1920 Accuracy: 82.39% | L1: 85.31% | L2: 82.86% | L3: 79.00%
Epoch [3756/10000] Training Loss: 0.1916 Accuracy: 82.38% | L1: 85.15% | L2: 82.86% | L3: 79.15%
Validation Loss: 0.2008 
 Accuracy: 82.31% | L1: 85.77% | L2: 82.35% | L3: 78.81%
Epoch [3757/10000] Training Loss: 0.1909 Accuracy: 82.45% | L1: 85.16% | L2: 82.99% | L3: 79.19%
Epoch [3758/10000] Training Loss: 0.1912 Accuracy: 82.42% | L1: 85.16% | L2: 82.97% | L3: 79.12%
Validation Loss: 0.2011 
 Accuracy: 82.37% | L1: 85.82% | L2: 82.32% | L3: 78.96%
Epoch [3759/10000] Training Loss: 0.1912 Accuracy: 82.54% | L1: 85.39% | L2: 83.05% | L3: 79.17%
Epoch [3760/10000] Training Loss: 0.1911 Accuracy: 82.41% | L1: 85.21% | L2: 83.02% | L3: 79.00%
Validation Loss: 0.2038 
 Accuracy: 82.22% | L1: 85.96% | L2: 82.07% | L3: 78.61%
Epoch [3761/10000] Training Loss: 0.1905 Accuracy: 82.49% | L1: 85.28% | L2: 82.93% | L3: 79.24%
Epoch [3762/10000] Training Loss: 0.1908 Accuracy: 82.50% | L1: 85.39% | L2: 82.93% | L3: 79.19%
Validation Loss: 0.2044 
 Accuracy: 82.25% | L1: 85.81% | L2: 82.16% | L3: 78.80%
Epoch [3763/10000] Training Loss: 0.1904 Accuracy: 82.51% | L1: 85.29% | L2: 83.02% | L3: 79.22%
Epoch [3764/10000] Training Loss: 0.1907 Accuracy: 82.52% | L1: 85.25% | L2: 83.09% | L3: 79.22%
Validation Loss: 0.2015 
 Accuracy: 82.27% | L1: 85.68% | L2: 82.31% | L3: 78.81%
Epoch [3765/10000] Training Loss: 0.1901 Accuracy: 82.51% | L1: 85.31% | L2: 82.97% | L3: 79.24%
Epoch [3766/10000] Training Loss: 0.1904 Accuracy: 82.49% | L1: 85.22% | L2: 83.07% | L3: 79.19%
Validation Loss: 0.2025 
 Accuracy: 82.21% | L1: 85.92% | L2: 82.06% | L3: 78.65%
Epoch [3767/10000] Training Loss: 0.1899 Accuracy: 82.52% | L1: 85.36% | L2: 83.05% | L3: 79.17%
Epoch [3768/10000] Training Loss: 0.1901 Accuracy: 82.56% | L1: 85.39% | L2: 83.04% | L3: 79.24%
Validation Loss: 0.2034 
 Accuracy: 82.17% | L1: 85.87% | L2: 82.17% | L3: 78.47%
Epoch [3769/10000] Training Loss: 0.1900 Accuracy: 82.55% | L1: 85.20% | L2: 83.12% | L3: 79.34%
Epoch [3770/10000] Training Loss: 0.1900 Accuracy: 82.52% | L1: 85.25% | L2: 83.03% | L3: 79.27%
Validation Loss: 0.2007 
 Accuracy: 82.32% | L1: 85.86% | L2: 82.27% | L3: 78.82%
Epoch [3771/10000] Training Loss: 0.1894 Accuracy: 82.53% | L1: 85.17% | L2: 83.14% | L3: 79.30%
Epoch [3772/10000] Training Loss: 0.1897 Accuracy: 82.53% | L1: 85.15% | L2: 83.15% | L3: 79.29%
Validation Loss: 0.2036 
 Accuracy: 82.30% | L1: 85.93% | L2: 82.18% | L3: 78.77%
Epoch [3773/10000] Training Loss: 0.1894 Accuracy: 82.55% | L1: 85.16% | L2: 83.11% | L3: 79.39%
Epoch [3774/10000] Training Loss: 0.1899 Accuracy: 82.49% | L1: 85.18% | L2: 82.99% | L3: 79.29%
Validation Loss: 0.2034 
 Accuracy: 82.11% | L1: 85.53% | L2: 82.28% | L3: 78.52%
Epoch [3775/10000] Training Loss: 0.1897 Accuracy: 82.58% | L1: 85.27% | L2: 83.08% | L3: 79.40%
Epoch [3776/10000] Training Loss: 0.1887 Accuracy: 82.59% | L1: 85.28% | L2: 83.11% | L3: 79.38%
Validation Loss: 0.2015 
 Accuracy: 82.37% | L1: 85.70% | L2: 82.34% | L3: 79.07%
Epoch [3777/10000] Training Loss: 0.1895 Accuracy: 82.61% | L1: 85.29% | L2: 83.21% | L3: 79.33%
Epoch [3778/10000] Training Loss: 0.1890 Accuracy: 82.61% | L1: 85.26% | L2: 83.15% | L3: 79.41%
Validation Loss: 0.2032 
 Accuracy: 82.24% | L1: 85.79% | L2: 82.10% | L3: 78.83%
Epoch [3779/10000] Training Loss: 0.1894 Accuracy: 82.62% | L1: 85.35% | L2: 83.08% | L3: 79.43%
Epoch [3780/10000] Training Loss: 0.1887 Accuracy: 82.61% | L1: 85.20% | L2: 83.16% | L3: 79.48%
Validation Loss: 0.2014 
 Accuracy: 82.32% | L1: 85.98% | L2: 82.21% | L3: 78.78%
Epoch [3781/10000] Training Loss: 0.1894 Accuracy: 82.69% | L1: 85.49% | L2: 83.18% | L3: 79.39%
Epoch [3782/10000] Training Loss: 0.1882 Accuracy: 82.65% | L1: 85.27% | L2: 83.33% | L3: 79.34%
Validation Loss: 0.2029 
 Accuracy: 82.26% | L1: 85.73% | L2: 82.19% | L3: 78.86%
Epoch [3783/10000] Training Loss: 0.1883 Accuracy: 82.55% | L1: 85.19% | L2: 83.23% | L3: 79.22%
Epoch [3784/10000] Training Loss: 0.1885 Accuracy: 82.66% | L1: 85.34% | L2: 83.18% | L3: 79.47%
Validation Loss: 0.2051 
 Accuracy: 82.09% | L1: 85.71% | L2: 81.98% | L3: 78.59%
Epoch [3785/10000] Training Loss: 0.1883 Accuracy: 82.71% | L1: 85.34% | L2: 83.28% | L3: 79.51%
Epoch [3786/10000] Training Loss: 0.1879 Accuracy: 82.69% | L1: 85.32% | L2: 83.16% | L3: 79.58%
Validation Loss: 0.2022 
 Accuracy: 82.37% | L1: 85.55% | L2: 82.42% | L3: 79.15%
Epoch [3787/10000] Training Loss: 0.1879 Accuracy: 82.68% | L1: 85.35% | L2: 83.16% | L3: 79.53%
Epoch [3788/10000] Training Loss: 0.1886 Accuracy: 82.64% | L1: 85.30% | L2: 83.19% | L3: 79.43%
Validation Loss: 0.2039 
 Accuracy: 82.30% | L1: 85.87% | L2: 82.18% | L3: 78.84%
Epoch [3789/10000] Training Loss: 0.1875 Accuracy: 82.73% | L1: 85.33% | L2: 83.33% | L3: 79.52%
Epoch [3790/10000] Training Loss: 0.1877 Accuracy: 82.67% | L1: 85.14% | L2: 83.34% | L3: 79.53%
Validation Loss: 0.2043 
 Accuracy: 82.40% | L1: 86.02% | L2: 82.27% | L3: 78.93%
Epoch [3791/10000] Training Loss: 0.1885 Accuracy: 82.72% | L1: 85.48% | L2: 83.30% | L3: 79.37%
Epoch [3792/10000] Training Loss: 0.1878 Accuracy: 82.68% | L1: 85.25% | L2: 83.26% | L3: 79.53%
Validation Loss: 0.2033 
 Accuracy: 82.34% | L1: 85.92% | L2: 82.26% | L3: 78.84%
Epoch [3793/10000] Training Loss: 0.1879 Accuracy: 82.68% | L1: 85.23% | L2: 83.17% | L3: 79.64%
Epoch [3794/10000] Training Loss: 0.1878 Accuracy: 82.69% | L1: 85.33% | L2: 83.28% | L3: 79.46%
Validation Loss: 0.2055 
 Accuracy: 81.95% | L1: 85.81% | L2: 81.91% | L3: 78.12%
Epoch [3795/10000] Training Loss: 0.1874 Accuracy: 82.76% | L1: 85.47% | L2: 83.28% | L3: 79.52%
Epoch [3796/10000] Training Loss: 0.1880 Accuracy: 82.68% | L1: 85.29% | L2: 83.25% | L3: 79.51%
Validation Loss: 0.2045 
 Accuracy: 82.32% | L1: 85.98% | L2: 82.20% | L3: 78.79%
Epoch [3797/10000] Training Loss: 0.1870 Accuracy: 82.73% | L1: 85.27% | L2: 83.39% | L3: 79.54%
Epoch [3798/10000] Training Loss: 0.1879 Accuracy: 82.60% | L1: 85.06% | L2: 83.22% | L3: 79.51%
Validation Loss: 0.2048 
 Accuracy: 82.02% | L1: 85.72% | L2: 82.02% | L3: 78.34%
Epoch [3799/10000] Training Loss: 0.1874 Accuracy: 82.69% | L1: 85.20% | L2: 83.50% | L3: 79.36%
Epoch [3800/10000] Training Loss: 0.1869 Accuracy: 82.71% | L1: 85.14% | L2: 83.36% | L3: 79.62%
Checkpoint 'best_vit_model_every_100_epoch' saved at epoch 3800
Validation Loss: 0.2023 
 Accuracy: 82.32% | L1: 85.75% | L2: 82.25% | L3: 78.96%
Epoch [3801/10000] Training Loss: 0.1872 Accuracy: 82.77% | L1: 85.34% | L2: 83.35% | L3: 79.64%
Epoch [3802/10000] Training Loss: 0.1870 Accuracy: 82.78% | L1: 85.32% | L2: 83.46% | L3: 79.55%
Validation Loss: 0.2040 
 Accuracy: 82.27% | L1: 86.06% | L2: 81.94% | L3: 78.81%
Epoch [3803/10000] Training Loss: 0.1861 Accuracy: 82.83% | L1: 85.36% | L2: 83.35% | L3: 79.78%
Epoch [3804/10000] Training Loss: 0.1868 Accuracy: 82.75% | L1: 85.18% | L2: 83.45% | L3: 79.61%
Validation Loss: 0.2034 
 Accuracy: 82.30% | L1: 85.69% | L2: 82.19% | L3: 79.02%
Epoch [3805/10000] Training Loss: 0.1868 Accuracy: 82.81% | L1: 85.38% | L2: 83.43% | L3: 79.63%
Epoch [3806/10000] Training Loss: 0.1864 Accuracy: 82.78% | L1: 85.40% | L2: 83.41% | L3: 79.54%
Validation Loss: 0.2056 
 Accuracy: 82.18% | L1: 85.90% | L2: 82.16% | L3: 78.47%
Epoch [3807/10000] Training Loss: 0.1866 Accuracy: 82.72% | L1: 85.07% | L2: 83.41% | L3: 79.69%
Epoch [3808/10000] Training Loss: 0.1867 Accuracy: 82.74% | L1: 85.31% | L2: 83.29% | L3: 79.63%
Validation Loss: 0.2038 
 Accuracy: 82.29% | L1: 86.04% | L2: 82.08% | L3: 78.75%
Epoch [3809/10000] Training Loss: 0.1868 Accuracy: 82.80% | L1: 85.34% | L2: 83.46% | L3: 79.60%
Epoch [3810/10000] Training Loss: 0.1866 Accuracy: 82.73% | L1: 85.14% | L2: 83.45% | L3: 79.60%
Validation Loss: 0.2047 
 Accuracy: 82.03% | L1: 85.61% | L2: 82.25% | L3: 78.21%
Epoch [3811/10000] Training Loss: 0.1863 Accuracy: 82.76% | L1: 85.27% | L2: 83.35% | L3: 79.66%
Epoch [3812/10000] Training Loss: 0.1863 Accuracy: 82.78% | L1: 85.16% | L2: 83.54% | L3: 79.65%
Validation Loss: 0.2049 
 Accuracy: 82.18% | L1: 85.55% | L2: 82.10% | L3: 78.90%
Epoch [3813/10000] Training Loss: 0.1867 Accuracy: 82.86% | L1: 85.48% | L2: 83.41% | L3: 79.71%
Epoch [3814/10000] Training Loss: 0.1855 Accuracy: 82.87% | L1: 85.30% | L2: 83.57% | L3: 79.74%
Validation Loss: 0.2039 
 Accuracy: 82.26% | L1: 85.71% | L2: 82.21% | L3: 78.86%
Epoch [3815/10000] Training Loss: 0.1861 Accuracy: 82.78% | L1: 85.19% | L2: 83.47% | L3: 79.68%
Epoch [3816/10000] Training Loss: 0.1856 Accuracy: 82.80% | L1: 85.19% | L2: 83.50% | L3: 79.72%
Validation Loss: 0.2052 
 Accuracy: 82.25% | L1: 85.96% | L2: 81.98% | L3: 78.81%
Epoch [3817/10000] Training Loss: 0.1852 Accuracy: 82.88% | L1: 85.31% | L2: 83.57% | L3: 79.74%
Epoch [3818/10000] Training Loss: 0.1855 Accuracy: 82.81% | L1: 85.19% | L2: 83.69% | L3: 79.54%
Validation Loss: 0.2058 
 Accuracy: 82.15% | L1: 85.82% | L2: 81.98% | L3: 78.65%
Epoch [3819/10000] Training Loss: 0.1861 Accuracy: 82.85% | L1: 85.38% | L2: 83.55% | L3: 79.63%
Epoch [3820/10000] Training Loss: 0.1856 Accuracy: 82.84% | L1: 85.17% | L2: 83.60% | L3: 79.76%
Validation Loss: 0.2055 
 Accuracy: 81.97% | L1: 85.58% | L2: 82.01% | L3: 78.32%
Epoch [3821/10000] Training Loss: 0.1862 Accuracy: 82.75% | L1: 85.19% | L2: 83.42% | L3: 79.64%
Epoch [3822/10000] Training Loss: 0.1860 Accuracy: 82.86% | L1: 85.37% | L2: 83.58% | L3: 79.63%
Validation Loss: 0.2047 
 Accuracy: 82.29% | L1: 85.76% | L2: 82.03% | L3: 79.09%
Epoch [3823/10000] Training Loss: 0.1850 Accuracy: 82.88% | L1: 85.11% | L2: 83.71% | L3: 79.81%
Epoch [3824/10000] Training Loss: 0.1854 Accuracy: 82.80% | L1: 85.25% | L2: 83.48% | L3: 79.67%
Validation Loss: 0.2063 
 Accuracy: 82.09% | L1: 85.88% | L2: 81.97% | L3: 78.42%
Epoch [3825/10000] Training Loss: 0.1858 Accuracy: 82.72% | L1: 85.05% | L2: 83.49% | L3: 79.62%
Epoch [3826/10000] Training Loss: 0.1860 Accuracy: 82.84% | L1: 85.20% | L2: 83.51% | L3: 79.81%
Validation Loss: 0.2069 
 Accuracy: 82.14% | L1: 86.18% | L2: 81.92% | L3: 78.32%
Epoch [3827/10000] Training Loss: 0.1851 Accuracy: 82.89% | L1: 85.28% | L2: 83.57% | L3: 79.82%
Epoch [3828/10000] Training Loss: 0.1850 Accuracy: 82.84% | L1: 85.27% | L2: 83.57% | L3: 79.69%
Validation Loss: 0.2053 
 Accuracy: 81.95% | L1: 85.49% | L2: 82.08% | L3: 78.29%
Epoch [3829/10000] Training Loss: 0.1853 Accuracy: 82.91% | L1: 85.36% | L2: 83.72% | L3: 79.66%
Epoch [3830/10000] Training Loss: 0.1855 Accuracy: 82.86% | L1: 85.30% | L2: 83.52% | L3: 79.76%
Validation Loss: 0.2088 
 Accuracy: 82.04% | L1: 85.84% | L2: 81.79% | L3: 78.49%
Epoch [3831/10000] Training Loss: 0.1849 Accuracy: 82.93% | L1: 85.37% | L2: 83.63% | L3: 79.79%
Epoch [3832/10000] Training Loss: 0.1848 Accuracy: 82.83% | L1: 85.17% | L2: 83.53% | L3: 79.79%
Validation Loss: 0.2044 
 Accuracy: 82.28% | L1: 85.88% | L2: 82.18% | L3: 78.77%
Epoch [3833/10000] Training Loss: 0.1848 Accuracy: 82.96% | L1: 85.45% | L2: 83.60% | L3: 79.83%
Epoch [3834/10000] Training Loss: 0.1855 Accuracy: 82.94% | L1: 85.52% | L2: 83.58% | L3: 79.73%
Validation Loss: 0.2077 
 Accuracy: 81.98% | L1: 85.64% | L2: 81.82% | L3: 78.48%
Epoch [3835/10000] Training Loss: 0.1846 Accuracy: 82.94% | L1: 85.39% | L2: 83.57% | L3: 79.87%
Epoch [3836/10000] Training Loss: 0.1839 Accuracy: 82.99% | L1: 85.39% | L2: 83.64% | L3: 79.93%
Validation Loss: 0.2050 
 Accuracy: 82.18% | L1: 85.76% | L2: 82.05% | L3: 78.73%
Epoch [3837/10000] Training Loss: 0.1844 Accuracy: 82.89% | L1: 85.22% | L2: 83.68% | L3: 79.77%
Epoch [3838/10000] Training Loss: 0.1849 Accuracy: 83.03% | L1: 85.58% | L2: 83.61% | L3: 79.91%
Validation Loss: 0.2081 
 Accuracy: 82.03% | L1: 85.81% | L2: 81.80% | L3: 78.49%
Epoch [3839/10000] Training Loss: 0.1848 Accuracy: 82.93% | L1: 85.27% | L2: 83.62% | L3: 79.89%
Epoch [3840/10000] Training Loss: 0.1848 Accuracy: 83.02% | L1: 85.57% | L2: 83.66% | L3: 79.85%
Validation Loss: 0.2072 
 Accuracy: 82.09% | L1: 85.72% | L2: 81.99% | L3: 78.57%
Epoch [3841/10000] Training Loss: 0.1846 Accuracy: 82.91% | L1: 85.30% | L2: 83.60% | L3: 79.82%
Epoch [3842/10000] Training Loss: 0.1835 Accuracy: 82.97% | L1: 85.30% | L2: 83.77% | L3: 79.85%
Validation Loss: 0.2079 
 Accuracy: 81.97% | L1: 85.69% | L2: 81.85% | L3: 78.37%
Epoch [3843/10000] Training Loss: 0.1841 Accuracy: 82.93% | L1: 85.23% | L2: 83.71% | L3: 79.86%
Epoch [3844/10000] Training Loss: 0.1847 Accuracy: 82.95% | L1: 85.25% | L2: 83.67% | L3: 79.92%
Validation Loss: 0.2064 
 Accuracy: 82.20% | L1: 85.69% | L2: 81.94% | L3: 78.95%
Epoch [3845/10000] Training Loss: 0.1834 Accuracy: 82.87% | L1: 84.99% | L2: 83.78% | L3: 79.85%
Epoch [3846/10000] Training Loss: 0.1838 Accuracy: 83.00% | L1: 85.44% | L2: 83.72% | L3: 79.85%
Validation Loss: 0.2077 
 Accuracy: 82.07% | L1: 85.66% | L2: 81.93% | L3: 78.61%
Loading checkpoint from best_vit_model.pth...
DEBUG: No improvement for several epochs. Consider early stopping or adjusting training.
Changing training datasets...
Train indices changed: True
Epoch [3847/10000] Training Loss: 0.1945 Accuracy: 82.12% | L1: 85.31% | L2: 82.48% | L3: 78.57%
Epoch [3848/10000] Training Loss: 0.1941 Accuracy: 82.17% | L1: 85.39% | L2: 82.43% | L3: 78.69%
Validation Loss: 0.1990 
 Accuracy: 82.61% | L1: 86.00% | L2: 82.66% | L3: 79.18%
Checkpoint saved at epoch 3848
Epoch [3849/10000] Training Loss: 0.1938 Accuracy: 82.26% | L1: 85.44% | L2: 82.47% | L3: 78.88%
Epoch [3850/10000] Training Loss: 0.1942 Accuracy: 82.21% | L1: 85.41% | L2: 82.56% | L3: 78.68%
Validation Loss: 0.2006 
 Accuracy: 82.26% | L1: 85.83% | L2: 82.21% | L3: 78.73%
Epoch [3851/10000] Training Loss: 0.1927 Accuracy: 82.24% | L1: 85.22% | L2: 82.64% | L3: 78.86%
Epoch [3852/10000] Training Loss: 0.1924 Accuracy: 82.31% | L1: 85.38% | L2: 82.66% | L3: 78.90%
Validation Loss: 0.2013 
 Accuracy: 82.17% | L1: 85.64% | L2: 82.21% | L3: 78.67%
Epoch [3853/10000] Training Loss: 0.1922 Accuracy: 82.33% | L1: 85.22% | L2: 82.77% | L3: 78.99%
Epoch [3854/10000] Training Loss: 0.1927 Accuracy: 82.25% | L1: 85.17% | L2: 82.69% | L3: 78.90%
Validation Loss: 0.2018 
 Accuracy: 82.20% | L1: 86.00% | L2: 82.11% | L3: 78.48%
Epoch [3855/10000] Training Loss: 0.1925 Accuracy: 82.27% | L1: 85.36% | L2: 82.63% | L3: 78.81%
Epoch [3856/10000] Training Loss: 0.1923 Accuracy: 82.29% | L1: 85.36% | L2: 82.63% | L3: 78.87%
Validation Loss: 0.2017 
 Accuracy: 82.36% | L1: 86.03% | L2: 82.31% | L3: 78.75%
Epoch [3857/10000] Training Loss: 0.1913 Accuracy: 82.39% | L1: 85.32% | L2: 82.81% | L3: 79.02%
Epoch [3858/10000] Training Loss: 0.1921 Accuracy: 82.33% | L1: 85.17% | L2: 82.84% | L3: 78.96%
Validation Loss: 0.2007 
 Accuracy: 82.25% | L1: 85.65% | L2: 82.31% | L3: 78.79%
Epoch [3859/10000] Training Loss: 0.1917 Accuracy: 82.38% | L1: 85.33% | L2: 82.75% | L3: 79.05%
Epoch [3860/10000] Training Loss: 0.1909 Accuracy: 82.39% | L1: 85.32% | L2: 82.75% | L3: 79.10%
Validation Loss: 0.2000 
 Accuracy: 82.45% | L1: 85.97% | L2: 82.24% | L3: 79.15%
Epoch [3861/10000] Training Loss: 0.1919 Accuracy: 82.36% | L1: 85.39% | L2: 82.78% | L3: 78.91%
Epoch [3862/10000] Training Loss: 0.1910 Accuracy: 82.43% | L1: 85.34% | L2: 82.75% | L3: 79.22%
Validation Loss: 0.2001 
 Accuracy: 82.29% | L1: 85.85% | L2: 82.25% | L3: 78.77%
Epoch [3863/10000] Training Loss: 0.1919 Accuracy: 82.32% | L1: 85.18% | L2: 82.75% | L3: 79.04%
Epoch [3864/10000] Training Loss: 0.1909 Accuracy: 82.37% | L1: 85.18% | L2: 82.79% | L3: 79.15%
Validation Loss: 0.2028 
 Accuracy: 82.21% | L1: 85.84% | L2: 82.30% | L3: 78.51%
Epoch [3865/10000] Training Loss: 0.1905 Accuracy: 82.48% | L1: 85.41% | L2: 82.90% | L3: 79.12%
Epoch [3866/10000] Training Loss: 0.1905 Accuracy: 82.37% | L1: 85.19% | L2: 82.80% | L3: 79.14%
Validation Loss: 0.2025 
 Accuracy: 82.14% | L1: 85.76% | L2: 82.11% | L3: 78.57%
Epoch [3867/10000] Training Loss: 0.1907 Accuracy: 82.42% | L1: 85.35% | L2: 82.87% | L3: 79.05%
Epoch [3868/10000] Training Loss: 0.1903 Accuracy: 82.42% | L1: 85.26% | L2: 82.97% | L3: 79.02%
Validation Loss: 0.2061 
 Accuracy: 82.01% | L1: 85.81% | L2: 82.05% | L3: 78.15%
Epoch [3869/10000] Training Loss: 0.1904 Accuracy: 82.49% | L1: 85.51% | L2: 82.87% | L3: 79.09%
Epoch [3870/10000] Training Loss: 0.1891 Accuracy: 82.45% | L1: 85.20% | L2: 82.92% | L3: 79.25%
Validation Loss: 0.2031 
 Accuracy: 82.17% | L1: 85.98% | L2: 82.12% | L3: 78.40%
Epoch [3871/10000] Training Loss: 0.1907 Accuracy: 82.42% | L1: 85.37% | L2: 82.90% | L3: 78.98%
Epoch [3872/10000] Training Loss: 0.1889 Accuracy: 82.56% | L1: 85.38% | L2: 82.98% | L3: 79.31%
Validation Loss: 0.2035 
 Accuracy: 82.06% | L1: 85.95% | L2: 81.95% | L3: 78.29%
Epoch [3873/10000] Training Loss: 0.1893 Accuracy: 82.48% | L1: 85.24% | L2: 82.97% | L3: 79.24%
Epoch [3874/10000] Training Loss: 0.1894 Accuracy: 82.56% | L1: 85.47% | L2: 82.97% | L3: 79.23%
Validation Loss: 0.2018 
 Accuracy: 82.33% | L1: 85.96% | L2: 82.09% | L3: 78.95%
Epoch [3875/10000] Training Loss: 0.1894 Accuracy: 82.53% | L1: 85.46% | L2: 82.92% | L3: 79.23%
Epoch [3876/10000] Training Loss: 0.1890 Accuracy: 82.52% | L1: 85.24% | L2: 83.04% | L3: 79.28%
Validation Loss: 0.2037 
 Accuracy: 82.31% | L1: 85.98% | L2: 81.97% | L3: 78.99%
Epoch [3877/10000] Training Loss: 0.1892 Accuracy: 82.50% | L1: 85.27% | L2: 82.93% | L3: 79.29%
Epoch [3878/10000] Training Loss: 0.1884 Accuracy: 82.55% | L1: 85.24% | L2: 83.06% | L3: 79.33%
Validation Loss: 0.2033 
 Accuracy: 82.07% | L1: 85.89% | L2: 81.93% | L3: 78.40%
Epoch [3879/10000] Training Loss: 0.1897 Accuracy: 82.55% | L1: 85.42% | L2: 82.97% | L3: 79.26%
Epoch [3880/10000] Training Loss: 0.1887 Accuracy: 82.56% | L1: 85.44% | L2: 83.02% | L3: 79.23%
Validation Loss: 0.2022 
 Accuracy: 82.21% | L1: 85.74% | L2: 82.04% | L3: 78.85%
Epoch [3881/10000] Training Loss: 0.1886 Accuracy: 82.54% | L1: 85.22% | L2: 83.10% | L3: 79.29%
Epoch [3882/10000] Training Loss: 0.1886 Accuracy: 82.54% | L1: 85.31% | L2: 83.03% | L3: 79.27%
Validation Loss: 0.2023 
 Accuracy: 82.30% | L1: 86.01% | L2: 82.20% | L3: 78.69%
Epoch [3883/10000] Training Loss: 0.1878 Accuracy: 82.62% | L1: 85.45% | L2: 83.16% | L3: 79.26%
Epoch [3884/10000] Training Loss: 0.1886 Accuracy: 82.48% | L1: 85.11% | L2: 83.05% | L3: 79.28%
Validation Loss: 0.2026 
 Accuracy: 82.21% | L1: 85.69% | L2: 82.27% | L3: 78.67%
Epoch [3885/10000] Training Loss: 0.1879 Accuracy: 82.65% | L1: 85.34% | L2: 83.24% | L3: 79.37%
Epoch [3886/10000] Training Loss: 0.1885 Accuracy: 82.56% | L1: 85.20% | L2: 83.08% | L3: 79.42%
Validation Loss: 0.2045 
 Accuracy: 82.02% | L1: 85.69% | L2: 81.96% | L3: 78.42%
Epoch [3887/10000] Training Loss: 0.1884 Accuracy: 82.64% | L1: 85.40% | L2: 83.18% | L3: 79.35%
Epoch [3888/10000] Training Loss: 0.1876 Accuracy: 82.65% | L1: 85.39% | L2: 83.05% | L3: 79.50%
Validation Loss: 0.2025 
 Accuracy: 82.26% | L1: 85.74% | L2: 82.34% | L3: 78.71%
Epoch [3889/10000] Training Loss: 0.1882 Accuracy: 82.62% | L1: 85.33% | L2: 83.09% | L3: 79.42%
Epoch [3890/10000] Training Loss: 0.1885 Accuracy: 82.52% | L1: 85.03% | L2: 83.15% | L3: 79.40%
Validation Loss: 0.2017 
 Accuracy: 82.25% | L1: 85.70% | L2: 82.25% | L3: 78.81%
Epoch [3891/10000] Training Loss: 0.1885 Accuracy: 82.64% | L1: 85.36% | L2: 83.12% | L3: 79.43%
Epoch [3892/10000] Training Loss: 0.1885 Accuracy: 82.48% | L1: 85.09% | L2: 83.03% | L3: 79.31%
Validation Loss: 0.2017 
 Accuracy: 82.28% | L1: 85.91% | L2: 82.31% | L3: 78.61%
Epoch [3893/10000] Training Loss: 0.1868 Accuracy: 82.63% | L1: 85.19% | L2: 83.21% | L3: 79.48%
Epoch [3894/10000] Training Loss: 0.1880 Accuracy: 82.58% | L1: 85.19% | L2: 83.25% | L3: 79.30%
Validation Loss: 0.2034 
 Accuracy: 82.15% | L1: 85.70% | L2: 81.99% | L3: 78.76%
Epoch [3895/10000] Training Loss: 0.1878 Accuracy: 82.51% | L1: 85.05% | L2: 83.13% | L3: 79.35%
Epoch [3896/10000] Training Loss: 0.1869 Accuracy: 82.63% | L1: 85.18% | L2: 83.22% | L3: 79.50%
Validation Loss: 0.2019 
 Accuracy: 82.30% | L1: 85.89% | L2: 82.26% | L3: 78.76%
Epoch [3897/10000] Training Loss: 0.1888 Accuracy: 82.58% | L1: 85.40% | L2: 83.02% | L3: 79.32%
Epoch [3898/10000] Training Loss: 0.1869 Accuracy: 82.65% | L1: 85.20% | L2: 83.16% | L3: 79.60%
Validation Loss: 0.2019 
 Accuracy: 82.18% | L1: 85.63% | L2: 82.29% | L3: 78.61%
Epoch [3899/10000] Training Loss: 0.1874 Accuracy: 82.64% | L1: 85.31% | L2: 83.19% | L3: 79.42%
Epoch [3900/10000] Training Loss: 0.1867 Accuracy: 82.66% | L1: 85.19% | L2: 83.22% | L3: 79.55%
Checkpoint 'best_vit_model_every_100_epoch' saved at epoch 3900
Validation Loss: 0.2018 
 Accuracy: 82.37% | L1: 85.93% | L2: 82.34% | L3: 78.84%
Epoch [3901/10000] Training Loss: 0.1870 Accuracy: 82.64% | L1: 85.14% | L2: 83.27% | L3: 79.52%
Epoch [3902/10000] Training Loss: 0.1863 Accuracy: 82.72% | L1: 85.28% | L2: 83.35% | L3: 79.53%
Validation Loss: 0.2058 
 Accuracy: 82.26% | L1: 86.12% | L2: 82.03% | L3: 78.62%
Epoch [3903/10000] Training Loss: 0.1869 Accuracy: 82.63% | L1: 85.10% | L2: 83.28% | L3: 79.51%
Epoch [3904/10000] Training Loss: 0.1872 Accuracy: 82.73% | L1: 85.47% | L2: 83.17% | L3: 79.57%
Validation Loss: 0.2026 
 Accuracy: 82.22% | L1: 86.12% | L2: 82.11% | L3: 78.43%
Epoch [3905/10000] Training Loss: 0.1871 Accuracy: 82.69% | L1: 85.30% | L2: 83.15% | L3: 79.61%
Epoch [3906/10000] Training Loss: 0.1860 Accuracy: 82.66% | L1: 85.17% | L2: 83.29% | L3: 79.54%
Validation Loss: 0.2062 
 Accuracy: 82.15% | L1: 85.99% | L2: 81.94% | L3: 78.53%
Epoch [3907/10000] Training Loss: 0.1869 Accuracy: 82.65% | L1: 85.29% | L2: 83.15% | L3: 79.51%
Epoch [3908/10000] Training Loss: 0.1863 Accuracy: 82.79% | L1: 85.38% | L2: 83.29% | L3: 79.70%
Validation Loss: 0.2044 
 Accuracy: 82.19% | L1: 85.71% | L2: 82.22% | L3: 78.64%
Epoch [3909/10000] Training Loss: 0.1872 Accuracy: 82.68% | L1: 85.41% | L2: 83.21% | L3: 79.44%
Epoch [3910/10000] Training Loss: 0.1854 Accuracy: 82.74% | L1: 85.27% | L2: 83.29% | L3: 79.66%
Validation Loss: 0.2030 
 Accuracy: 82.38% | L1: 86.15% | L2: 82.28% | L3: 78.71%
Epoch [3911/10000] Training Loss: 0.1869 Accuracy: 82.68% | L1: 85.18% | L2: 83.27% | L3: 79.59%
Epoch [3912/10000] Training Loss: 0.1862 Accuracy: 82.84% | L1: 85.57% | L2: 83.38% | L3: 79.55%
Validation Loss: 0.2053 
 Accuracy: 82.18% | L1: 85.94% | L2: 82.06% | L3: 78.53%
Epoch [3913/10000] Training Loss: 0.1861 Accuracy: 82.75% | L1: 85.31% | L2: 83.32% | L3: 79.61%
Epoch [3914/10000] Training Loss: 0.1858 Accuracy: 82.81% | L1: 85.41% | L2: 83.32% | L3: 79.71%
Validation Loss: 0.2059 
 Accuracy: 82.04% | L1: 85.86% | L2: 81.77% | L3: 78.48%
Epoch [3915/10000] Training Loss: 0.1863 Accuracy: 82.78% | L1: 85.42% | L2: 83.35% | L3: 79.58%
Epoch [3916/10000] Training Loss: 0.1861 Accuracy: 82.72% | L1: 85.16% | L2: 83.39% | L3: 79.60%
Validation Loss: 0.2046 
 Accuracy: 82.06% | L1: 85.71% | L2: 81.99% | L3: 78.47%
Epoch [3917/10000] Training Loss: 0.1854 Accuracy: 82.79% | L1: 85.38% | L2: 83.25% | L3: 79.76%
Epoch [3918/10000] Training Loss: 0.1850 Accuracy: 82.82% | L1: 85.40% | L2: 83.37% | L3: 79.70%
Validation Loss: 0.2069 
 Accuracy: 82.13% | L1: 85.78% | L2: 81.92% | L3: 78.68%
Epoch [3919/10000] Training Loss: 0.1854 Accuracy: 82.76% | L1: 85.28% | L2: 83.39% | L3: 79.62%
Epoch [3920/10000] Training Loss: 0.1859 Accuracy: 82.72% | L1: 85.18% | L2: 83.42% | L3: 79.56%
Validation Loss: 0.2083 
 Accuracy: 81.90% | L1: 85.66% | L2: 81.86% | L3: 78.19%
Epoch [3921/10000] Training Loss: 0.1858 Accuracy: 82.70% | L1: 85.21% | L2: 83.34% | L3: 79.56%
Epoch [3922/10000] Training Loss: 0.1843 Accuracy: 82.88% | L1: 85.35% | L2: 83.45% | L3: 79.82%
Validation Loss: 0.2057 
 Accuracy: 82.04% | L1: 85.45% | L2: 82.13% | L3: 78.54%
Epoch [3923/10000] Training Loss: 0.1857 Accuracy: 82.76% | L1: 85.28% | L2: 83.39% | L3: 79.61%
Epoch [3924/10000] Training Loss: 0.1852 Accuracy: 82.89% | L1: 85.35% | L2: 83.60% | L3: 79.71%
Validation Loss: 0.2049 
 Accuracy: 82.31% | L1: 85.91% | L2: 82.09% | L3: 78.94%
Epoch [3925/10000] Training Loss: 0.1859 Accuracy: 82.84% | L1: 85.56% | L2: 83.25% | L3: 79.73%
Epoch [3926/10000] Training Loss: 0.1855 Accuracy: 82.81% | L1: 85.34% | L2: 83.47% | L3: 79.62%
Validation Loss: 0.2039 
 Accuracy: 82.30% | L1: 85.84% | L2: 82.09% | L3: 78.98%
Epoch [3927/10000] Training Loss: 0.1848 Accuracy: 82.81% | L1: 85.20% | L2: 83.44% | L3: 79.78%
Epoch [3928/10000] Training Loss: 0.1849 Accuracy: 82.81% | L1: 85.31% | L2: 83.47% | L3: 79.64%
Validation Loss: 0.2078 
 Accuracy: 82.07% | L1: 85.94% | L2: 81.90% | L3: 78.38%
Epoch [3929/10000] Training Loss: 0.1845 Accuracy: 82.88% | L1: 85.38% | L2: 83.50% | L3: 79.75%
Epoch [3930/10000] Training Loss: 0.1844 Accuracy: 82.84% | L1: 85.23% | L2: 83.64% | L3: 79.64%
Validation Loss: 0.2045 
 Accuracy: 82.24% | L1: 85.86% | L2: 82.15% | L3: 78.71%
Epoch [3931/10000] Training Loss: 0.1848 Accuracy: 82.86% | L1: 85.43% | L2: 83.42% | L3: 79.74%
Epoch [3932/10000] Training Loss: 0.1848 Accuracy: 82.85% | L1: 85.22% | L2: 83.51% | L3: 79.80%
Validation Loss: 0.2104 
 Accuracy: 81.83% | L1: 85.88% | L2: 81.56% | L3: 78.05%
Epoch [3933/10000] Training Loss: 0.1844 Accuracy: 82.90% | L1: 85.44% | L2: 83.40% | L3: 79.87%
Epoch [3934/10000] Training Loss: 0.1845 Accuracy: 82.86% | L1: 85.39% | L2: 83.49% | L3: 79.71%
Validation Loss: 0.2077 
 Accuracy: 82.10% | L1: 85.88% | L2: 81.95% | L3: 78.47%
Epoch [3935/10000] Training Loss: 0.1841 Accuracy: 82.83% | L1: 85.21% | L2: 83.59% | L3: 79.70%
Epoch [3936/10000] Training Loss: 0.1844 Accuracy: 82.93% | L1: 85.43% | L2: 83.55% | L3: 79.80%
Validation Loss: 0.2053 
 Accuracy: 82.13% | L1: 85.75% | L2: 81.94% | L3: 78.69%
Epoch [3937/10000] Training Loss: 0.1835 Accuracy: 82.94% | L1: 85.29% | L2: 83.67% | L3: 79.87%
Epoch [3938/10000] Training Loss: 0.1844 Accuracy: 82.90% | L1: 85.36% | L2: 83.51% | L3: 79.84%
Validation Loss: 0.2054 
 Accuracy: 82.33% | L1: 85.99% | L2: 82.05% | L3: 78.95%
Epoch [3939/10000] Training Loss: 0.1850 Accuracy: 82.84% | L1: 85.30% | L2: 83.52% | L3: 79.69%
Epoch [3940/10000] Training Loss: 0.1843 Accuracy: 82.87% | L1: 85.34% | L2: 83.42% | L3: 79.86%
Validation Loss: 0.2059 
 Accuracy: 82.24% | L1: 85.96% | L2: 81.94% | L3: 78.82%
Epoch [3941/10000] Training Loss: 0.1848 Accuracy: 82.81% | L1: 85.20% | L2: 83.55% | L3: 79.68%
Epoch [3942/10000] Training Loss: 0.1842 Accuracy: 82.84% | L1: 85.22% | L2: 83.48% | L3: 79.82%
Validation Loss: 0.2071 
 Accuracy: 82.22% | L1: 86.18% | L2: 81.79% | L3: 78.69%
Epoch [3943/10000] Training Loss: 0.1830 Accuracy: 82.97% | L1: 85.34% | L2: 83.65% | L3: 79.93%
Epoch [3944/10000] Training Loss: 0.1838 Accuracy: 82.90% | L1: 85.32% | L2: 83.55% | L3: 79.82%
Validation Loss: 0.2101 
 Accuracy: 81.90% | L1: 85.91% | L2: 81.62% | L3: 78.16%
Epoch [3945/10000] Training Loss: 0.1834 Accuracy: 82.96% | L1: 85.32% | L2: 83.62% | L3: 79.93%
Epoch [3946/10000] Training Loss: 0.1839 Accuracy: 82.89% | L1: 85.31% | L2: 83.51% | L3: 79.86%
Validation Loss: 0.2086 
 Accuracy: 81.93% | L1: 85.88% | L2: 81.80% | L3: 78.12%
Epoch [3947/10000] Training Loss: 0.1831 Accuracy: 82.95% | L1: 85.42% | L2: 83.56% | L3: 79.85%
Epoch [3948/10000] Training Loss: 0.1837 Accuracy: 82.90% | L1: 85.25% | L2: 83.60% | L3: 79.86%
Validation Loss: 0.2056 
 Accuracy: 82.26% | L1: 85.64% | L2: 82.06% | L3: 79.07%
Loading checkpoint from best_vit_model.pth...
DEBUG: No improvement for several epochs. Consider early stopping or adjusting training.
Changing training datasets...
Train indices changed: True
Epoch [3949/10000] Training Loss: 0.1946 Accuracy: 82.17% | L1: 85.26% | L2: 82.59% | L3: 78.66%
Epoch [3950/10000] Training Loss: 0.1949 Accuracy: 82.15% | L1: 85.17% | L2: 82.52% | L3: 78.75%
Validation Loss: 0.2013 
 Accuracy: 82.29% | L1: 86.08% | L2: 82.15% | L3: 78.63%
Checkpoint saved at epoch 3950
Epoch [3951/10000] Training Loss: 0.1945 Accuracy: 82.20% | L1: 85.14% | L2: 82.74% | L3: 78.73%
Epoch [3952/10000] Training Loss: 0.1938 Accuracy: 82.28% | L1: 85.24% | L2: 82.79% | L3: 78.83%
Validation Loss: 0.2006 
 Accuracy: 82.31% | L1: 86.07% | L2: 82.35% | L3: 78.51%
Checkpoint saved at epoch 3952
Epoch [3953/10000] Training Loss: 0.1937 Accuracy: 82.22% | L1: 85.18% | L2: 82.57% | L3: 78.92%
Epoch [3954/10000] Training Loss: 0.1943 Accuracy: 82.25% | L1: 85.16% | L2: 82.75% | L3: 78.83%
Validation Loss: 0.2026 
 Accuracy: 82.19% | L1: 85.86% | L2: 82.12% | L3: 78.58%
Epoch [3955/10000] Training Loss: 0.1936 Accuracy: 82.27% | L1: 85.14% | L2: 82.77% | L3: 78.92%
Epoch [3956/10000] Training Loss: 0.1932 Accuracy: 82.34% | L1: 85.36% | L2: 82.83% | L3: 78.82%
Validation Loss: 0.2026 
 Accuracy: 82.17% | L1: 85.92% | L2: 82.03% | L3: 78.57%
Epoch [3957/10000] Training Loss: 0.1933 Accuracy: 82.31% | L1: 85.20% | L2: 82.69% | L3: 79.03%
Epoch [3958/10000] Training Loss: 0.1927 Accuracy: 82.32% | L1: 85.14% | L2: 82.84% | L3: 78.98%
Validation Loss: 0.2002 
 Accuracy: 82.32% | L1: 85.70% | L2: 82.36% | L3: 78.91%
Checkpoint saved at epoch 3958
Epoch [3959/10000] Training Loss: 0.1927 Accuracy: 82.34% | L1: 85.20% | L2: 82.93% | L3: 78.88%
Epoch [3960/10000] Training Loss: 0.1919 Accuracy: 82.35% | L1: 85.23% | L2: 82.85% | L3: 78.96%
Validation Loss: 0.2016 
 Accuracy: 82.34% | L1: 86.10% | L2: 82.17% | L3: 78.75%
Epoch [3961/10000] Training Loss: 0.1921 Accuracy: 82.33% | L1: 85.06% | L2: 82.97% | L3: 78.95%
Epoch [3962/10000] Training Loss: 0.1920 Accuracy: 82.37% | L1: 85.13% | L2: 82.97% | L3: 78.99%
Validation Loss: 0.2024 
 Accuracy: 82.30% | L1: 86.01% | L2: 82.19% | L3: 78.70%
Epoch [3963/10000] Training Loss: 0.1919 Accuracy: 82.38% | L1: 85.24% | L2: 82.84% | L3: 79.07%
Epoch [3964/10000] Training Loss: 0.1924 Accuracy: 82.36% | L1: 85.21% | L2: 82.86% | L3: 79.01%
Validation Loss: 0.2019 
 Accuracy: 82.13% | L1: 85.65% | L2: 82.02% | L3: 78.70%
Epoch [3965/10000] Training Loss: 0.1909 Accuracy: 82.37% | L1: 84.97% | L2: 83.02% | L3: 79.13%
Epoch [3966/10000] Training Loss: 0.1912 Accuracy: 82.49% | L1: 85.25% | L2: 83.03% | L3: 79.17%
Validation Loss: 0.2000 
 Accuracy: 82.32% | L1: 85.92% | L2: 82.36% | L3: 78.68%
Checkpoint saved at epoch 3966
Epoch [3967/10000] Training Loss: 0.1911 Accuracy: 82.42% | L1: 85.15% | L2: 82.92% | L3: 79.18%
Epoch [3968/10000] Training Loss: 0.1912 Accuracy: 82.36% | L1: 85.05% | L2: 82.91% | L3: 79.10%
Validation Loss: 0.2018 
 Accuracy: 82.25% | L1: 85.98% | L2: 82.24% | L3: 78.53%
Epoch [3969/10000] Training Loss: 0.1912 Accuracy: 82.35% | L1: 84.98% | L2: 82.89% | L3: 79.20%
Epoch [3970/10000] Training Loss: 0.1910 Accuracy: 82.47% | L1: 85.22% | L2: 82.96% | L3: 79.23%
Validation Loss: 0.2029 
 Accuracy: 82.27% | L1: 86.04% | L2: 82.13% | L3: 78.65%
Epoch [3971/10000] Training Loss: 0.1910 Accuracy: 82.45% | L1: 85.24% | L2: 82.90% | L3: 79.23%
Epoch [3972/10000] Training Loss: 0.1904 Accuracy: 82.47% | L1: 85.14% | L2: 83.03% | L3: 79.25%
Validation Loss: 0.2009 
 Accuracy: 82.28% | L1: 85.64% | L2: 82.32% | L3: 78.89%
Epoch [3973/10000] Training Loss: 0.1907 Accuracy: 82.44% | L1: 85.06% | L2: 83.09% | L3: 79.16%
Epoch [3974/10000] Training Loss: 0.1909 Accuracy: 82.55% | L1: 85.35% | L2: 83.00% | L3: 79.31%
Validation Loss: 0.2038 
 Accuracy: 82.09% | L1: 85.98% | L2: 82.11% | L3: 78.17%
Epoch [3975/10000] Training Loss: 0.1913 Accuracy: 82.43% | L1: 85.13% | L2: 83.05% | L3: 79.11%
Epoch [3976/10000] Training Loss: 0.1905 Accuracy: 82.46% | L1: 85.19% | L2: 82.99% | L3: 79.20%
Validation Loss: 0.2020 
 Accuracy: 82.46% | L1: 85.84% | L2: 82.34% | L3: 79.19%
Epoch [3977/10000] Training Loss: 0.1912 Accuracy: 82.44% | L1: 85.08% | L2: 83.03% | L3: 79.19%
Epoch [3978/10000] Training Loss: 0.1909 Accuracy: 82.53% | L1: 85.34% | L2: 83.07% | L3: 79.17%
Validation Loss: 0.2021 
 Accuracy: 82.44% | L1: 85.95% | L2: 82.24% | L3: 79.13%
Epoch [3979/10000] Training Loss: 0.1904 Accuracy: 82.49% | L1: 85.17% | L2: 83.06% | L3: 79.23%
Epoch [3980/10000] Training Loss: 0.1895 Accuracy: 82.52% | L1: 85.16% | L2: 83.18% | L3: 79.21%
Validation Loss: 0.2039 
 Accuracy: 82.19% | L1: 85.68% | L2: 82.19% | L3: 78.71%
Epoch [3981/10000] Training Loss: 0.1895 Accuracy: 82.58% | L1: 85.26% | L2: 83.16% | L3: 79.32%
Epoch [3982/10000] Training Loss: 0.1893 Accuracy: 82.53% | L1: 85.17% | L2: 83.12% | L3: 79.29%
Validation Loss: 0.2024 
 Accuracy: 82.28% | L1: 85.97% | L2: 82.22% | L3: 78.66%
Epoch [3983/10000] Training Loss: 0.1895 Accuracy: 82.49% | L1: 85.10% | L2: 83.10% | L3: 79.28%
Epoch [3984/10000] Training Loss: 0.1889 Accuracy: 82.54% | L1: 85.13% | L2: 83.17% | L3: 79.32%
Validation Loss: 0.2014 
 Accuracy: 82.48% | L1: 86.07% | L2: 82.34% | L3: 79.04%
Epoch [3985/10000] Training Loss: 0.1905 Accuracy: 82.48% | L1: 85.11% | L2: 83.06% | L3: 79.26%
Epoch [3986/10000] Training Loss: 0.1892 Accuracy: 82.51% | L1: 85.14% | L2: 83.04% | L3: 79.36%
Validation Loss: 0.2031 
 Accuracy: 82.33% | L1: 86.11% | L2: 82.11% | L3: 78.78%
Epoch [3987/10000] Training Loss: 0.1897 Accuracy: 82.56% | L1: 85.17% | L2: 83.23% | L3: 79.28%
Epoch [3988/10000] Training Loss: 0.1887 Accuracy: 82.63% | L1: 85.23% | L2: 83.29% | L3: 79.38%
Validation Loss: 0.2009 
 Accuracy: 82.35% | L1: 85.82% | L2: 82.44% | L3: 78.80%
Epoch [3989/10000] Training Loss: 0.1891 Accuracy: 82.60% | L1: 85.26% | L2: 83.19% | L3: 79.36%
Epoch [3990/10000] Training Loss: 0.1890 Accuracy: 82.56% | L1: 85.09% | L2: 83.30% | L3: 79.29%
Validation Loss: 0.2018 
 Accuracy: 82.44% | L1: 85.71% | L2: 82.41% | L3: 79.20%
Epoch [3991/10000] Training Loss: 0.1888 Accuracy: 82.58% | L1: 85.09% | L2: 83.24% | L3: 79.40%
Epoch [3992/10000] Training Loss: 0.1890 Accuracy: 82.59% | L1: 85.11% | L2: 83.32% | L3: 79.33%
Validation Loss: 0.2026 
 Accuracy: 82.27% | L1: 85.92% | L2: 82.15% | L3: 78.73%
Epoch [3993/10000] Training Loss: 0.1890 Accuracy: 82.66% | L1: 85.39% | L2: 83.26% | L3: 79.32%
Epoch [3994/10000] Training Loss: 0.1889 Accuracy: 82.64% | L1: 85.39% | L2: 83.24% | L3: 79.31%
Validation Loss: 0.2049 
 Accuracy: 82.12% | L1: 85.72% | L2: 82.11% | L3: 78.52%
Epoch [3995/10000] Training Loss: 0.1887 Accuracy: 82.59% | L1: 85.06% | L2: 83.36% | L3: 79.36%
Epoch [3996/10000] Training Loss: 0.1893 Accuracy: 82.64% | L1: 85.28% | L2: 83.24% | L3: 79.40%
Validation Loss: 0.2055 
 Accuracy: 82.13% | L1: 85.86% | L2: 82.05% | L3: 78.48%
Epoch [3997/10000] Training Loss: 0.1886 Accuracy: 82.58% | L1: 85.06% | L2: 83.35% | L3: 79.33%
Epoch [3998/10000] Training Loss: 0.1886 Accuracy: 82.66% | L1: 85.43% | L2: 83.28% | L3: 79.26%
Validation Loss: 0.2039 
 Accuracy: 82.34% | L1: 85.85% | L2: 82.23% | L3: 78.93%
Epoch [3999/10000] Training Loss: 0.1887 Accuracy: 82.54% | L1: 85.09% | L2: 83.19% | L3: 79.34%
Epoch [4000/10000] Training Loss: 0.1877 Accuracy: 82.66% | L1: 85.21% | L2: 83.32% | L3: 79.46%
Checkpoint 'best_vit_model_every_100_epoch' saved at epoch 4000
Validation Loss: 0.2027 
 Accuracy: 82.30% | L1: 85.89% | L2: 81.99% | L3: 79.01%
Epoch [4001/10000] Training Loss: 0.1883 Accuracy: 82.69% | L1: 85.23% | L2: 83.35% | L3: 79.48%
Epoch [4002/10000] Training Loss: 0.1882 Accuracy: 82.60% | L1: 84.99% | L2: 83.39% | L3: 79.43%
Validation Loss: 0.2056 
 Accuracy: 82.11% | L1: 85.91% | L2: 82.00% | L3: 78.43%
Epoch [4003/10000] Training Loss: 0.1884 Accuracy: 82.65% | L1: 85.29% | L2: 83.31% | L3: 79.35%
Epoch [4004/10000] Training Loss: 0.1879 Accuracy: 82.72% | L1: 85.35% | L2: 83.33% | L3: 79.48%
Validation Loss: 0.2051 
 Accuracy: 82.14% | L1: 85.96% | L2: 82.04% | L3: 78.42%
Epoch [4005/10000] Training Loss: 0.1885 Accuracy: 82.68% | L1: 85.24% | L2: 83.30% | L3: 79.49%
Epoch [4006/10000] Training Loss: 0.1877 Accuracy: 82.62% | L1: 85.13% | L2: 83.37% | L3: 79.36%
Validation Loss: 0.2035 
 Accuracy: 82.35% | L1: 85.79% | L2: 82.21% | L3: 79.05%
Epoch [4007/10000] Training Loss: 0.1876 Accuracy: 82.66% | L1: 85.07% | L2: 83.37% | L3: 79.53%
Epoch [4008/10000] Training Loss: 0.1876 Accuracy: 82.63% | L1: 85.08% | L2: 83.34% | L3: 79.47%
Validation Loss: 0.2071 
 Accuracy: 82.06% | L1: 85.86% | L2: 82.02% | L3: 78.29%
Epoch [4009/10000] Training Loss: 0.1870 Accuracy: 82.75% | L1: 85.26% | L2: 83.50% | L3: 79.50%
Epoch [4010/10000] Training Loss: 0.1875 Accuracy: 82.68% | L1: 85.20% | L2: 83.35% | L3: 79.47%
Validation Loss: 0.2037 
 Accuracy: 82.26% | L1: 85.73% | L2: 82.18% | L3: 78.87%
Epoch [4011/10000] Training Loss: 0.1871 Accuracy: 82.70% | L1: 85.21% | L2: 83.36% | L3: 79.55%
Epoch [4012/10000] Training Loss: 0.1868 Accuracy: 82.74% | L1: 85.11% | L2: 83.41% | L3: 79.69%
Validation Loss: 0.2055 
 Accuracy: 82.32% | L1: 85.95% | L2: 82.09% | L3: 78.93%
Epoch [4013/10000] Training Loss: 0.1872 Accuracy: 82.61% | L1: 84.97% | L2: 83.42% | L3: 79.44%
Epoch [4014/10000] Training Loss: 0.1868 Accuracy: 82.71% | L1: 85.22% | L2: 83.30% | L3: 79.62%
Validation Loss: 0.2031 
 Accuracy: 82.34% | L1: 85.93% | L2: 82.26% | L3: 78.83%
Epoch [4015/10000] Training Loss: 0.1863 Accuracy: 82.71% | L1: 85.13% | L2: 83.41% | L3: 79.59%
Epoch [4016/10000] Training Loss: 0.1873 Accuracy: 82.75% | L1: 85.37% | L2: 83.41% | L3: 79.46%
Validation Loss: 0.2023 
 Accuracy: 82.32% | L1: 85.87% | L2: 82.14% | L3: 78.95%
Epoch [4017/10000] Training Loss: 0.1870 Accuracy: 82.77% | L1: 85.29% | L2: 83.47% | L3: 79.54%
Epoch [4018/10000] Training Loss: 0.1871 Accuracy: 82.79% | L1: 85.39% | L2: 83.40% | L3: 79.58%
Validation Loss: 0.2038 
 Accuracy: 82.20% | L1: 85.78% | L2: 82.23% | L3: 78.59%
Epoch [4019/10000] Training Loss: 0.1868 Accuracy: 82.79% | L1: 85.35% | L2: 83.37% | L3: 79.64%
Epoch [4020/10000] Training Loss: 0.1867 Accuracy: 82.74% | L1: 85.09% | L2: 83.46% | L3: 79.67%
Validation Loss: 0.2058 
 Accuracy: 82.02% | L1: 85.77% | L2: 81.97% | L3: 78.33%
Epoch [4021/10000] Training Loss: 0.1866 Accuracy: 82.71% | L1: 85.07% | L2: 83.48% | L3: 79.57%
Epoch [4022/10000] Training Loss: 0.1860 Accuracy: 82.86% | L1: 85.30% | L2: 83.57% | L3: 79.71%
Validation Loss: 0.2023 
 Accuracy: 82.29% | L1: 85.66% | L2: 82.20% | L3: 79.00%
Epoch [4023/10000] Training Loss: 0.1859 Accuracy: 82.76% | L1: 85.06% | L2: 83.49% | L3: 79.71%
Epoch [4024/10000] Training Loss: 0.1859 Accuracy: 82.81% | L1: 85.10% | L2: 83.75% | L3: 79.59%
Validation Loss: 0.2037 
 Accuracy: 82.37% | L1: 85.92% | L2: 82.19% | L3: 79.00%
Epoch [4025/10000] Training Loss: 0.1867 Accuracy: 82.73% | L1: 85.08% | L2: 83.53% | L3: 79.58%
Epoch [4026/10000] Training Loss: 0.1865 Accuracy: 82.73% | L1: 85.12% | L2: 83.48% | L3: 79.60%
Validation Loss: 0.2047 
 Accuracy: 82.23% | L1: 85.88% | L2: 82.06% | L3: 78.75%
Epoch [4027/10000] Training Loss: 0.1863 Accuracy: 82.78% | L1: 85.18% | L2: 83.49% | L3: 79.69%
Epoch [4028/10000] Training Loss: 0.1862 Accuracy: 82.84% | L1: 85.31% | L2: 83.54% | L3: 79.66%
Validation Loss: 0.2049 
 Accuracy: 82.17% | L1: 85.77% | L2: 82.06% | L3: 78.67%
Epoch [4029/10000] Training Loss: 0.1861 Accuracy: 82.78% | L1: 85.25% | L2: 83.59% | L3: 79.49%
Epoch [4030/10000] Training Loss: 0.1856 Accuracy: 82.83% | L1: 85.14% | L2: 83.57% | L3: 79.77%
Validation Loss: 0.2062 
 Accuracy: 82.10% | L1: 85.85% | L2: 81.96% | L3: 78.51%
Epoch [4031/10000] Training Loss: 0.1861 Accuracy: 82.77% | L1: 85.10% | L2: 83.52% | L3: 79.69%
Epoch [4032/10000] Training Loss: 0.1857 Accuracy: 82.76% | L1: 85.07% | L2: 83.56% | L3: 79.64%
Validation Loss: 0.2042 
 Accuracy: 82.25% | L1: 85.92% | L2: 82.17% | L3: 78.65%
Epoch [4033/10000] Training Loss: 0.1860 Accuracy: 82.80% | L1: 85.25% | L2: 83.54% | L3: 79.61%
Epoch [4034/10000] Training Loss: 0.1859 Accuracy: 82.77% | L1: 84.98% | L2: 83.63% | L3: 79.71%
Validation Loss: 0.2040 
 Accuracy: 82.26% | L1: 85.94% | L2: 82.15% | L3: 78.69%
Epoch [4035/10000] Training Loss: 0.1848 Accuracy: 82.89% | L1: 85.29% | L2: 83.59% | L3: 79.80%
Epoch [4036/10000] Training Loss: 0.1857 Accuracy: 82.91% | L1: 85.36% | L2: 83.60% | L3: 79.76%
Validation Loss: 0.2053 
 Accuracy: 82.20% | L1: 85.85% | L2: 82.04% | L3: 78.72%
Epoch [4037/10000] Training Loss: 0.1855 Accuracy: 82.89% | L1: 85.25% | L2: 83.56% | L3: 79.87%
Epoch [4038/10000] Training Loss: 0.1854 Accuracy: 82.86% | L1: 85.22% | L2: 83.60% | L3: 79.76%
Validation Loss: 0.2064 
 Accuracy: 82.24% | L1: 86.04% | L2: 81.83% | L3: 78.85%
Epoch [4039/10000] Training Loss: 0.1856 Accuracy: 82.84% | L1: 85.13% | L2: 83.53% | L3: 79.85%
Epoch [4040/10000] Training Loss: 0.1851 Accuracy: 82.89% | L1: 85.16% | L2: 83.73% | L3: 79.79%
Validation Loss: 0.2066 
 Accuracy: 82.02% | L1: 85.51% | L2: 82.02% | L3: 78.53%
Epoch [4041/10000] Training Loss: 0.1845 Accuracy: 82.91% | L1: 85.27% | L2: 83.64% | L3: 79.81%
Epoch [4042/10000] Training Loss: 0.1854 Accuracy: 82.80% | L1: 85.01% | L2: 83.61% | L3: 79.79%
Validation Loss: 0.2071 
 Accuracy: 81.92% | L1: 85.41% | L2: 81.93% | L3: 78.43%
Epoch [4043/10000] Training Loss: 0.1849 Accuracy: 82.90% | L1: 85.28% | L2: 83.58% | L3: 79.84%
Epoch [4044/10000] Training Loss: 0.1847 Accuracy: 82.99% | L1: 85.48% | L2: 83.74% | L3: 79.76%
Validation Loss: 0.2054 
 Accuracy: 82.13% | L1: 85.70% | L2: 82.06% | L3: 78.64%
Epoch [4045/10000] Training Loss: 0.1843 Accuracy: 82.96% | L1: 85.36% | L2: 83.65% | L3: 79.86%
Epoch [4046/10000] Training Loss: 0.1846 Accuracy: 82.93% | L1: 85.19% | L2: 83.76% | L3: 79.83%
Validation Loss: 0.2058 
 Accuracy: 82.15% | L1: 85.53% | L2: 82.14% | L3: 78.77%
Epoch [4047/10000] Training Loss: 0.1851 Accuracy: 82.89% | L1: 85.19% | L2: 83.70% | L3: 79.79%
Epoch [4048/10000] Training Loss: 0.1844 Accuracy: 82.96% | L1: 85.31% | L2: 83.81% | L3: 79.77%
Validation Loss: 0.2055 
 Accuracy: 82.22% | L1: 85.72% | L2: 82.08% | L3: 78.84%
Epoch [4049/10000] Training Loss: 0.1850 Accuracy: 82.88% | L1: 85.22% | L2: 83.60% | L3: 79.84%
Epoch [4050/10000] Training Loss: 0.1849 Accuracy: 82.90% | L1: 85.27% | L2: 83.70% | L3: 79.72%
Validation Loss: 0.2072 
 Accuracy: 82.19% | L1: 86.27% | L2: 81.94% | L3: 78.37%
Epoch [4051/10000] Training Loss: 0.1847 Accuracy: 82.91% | L1: 85.22% | L2: 83.60% | L3: 79.92%
Epoch [4052/10000] Training Loss: 0.1846 Accuracy: 82.91% | L1: 85.14% | L2: 83.66% | L3: 79.94%
Validation Loss: 0.2050 
 Accuracy: 82.24% | L1: 85.78% | L2: 81.96% | L3: 79.00%
Epoch [4053/10000] Training Loss: 0.1839 Accuracy: 82.94% | L1: 85.09% | L2: 83.84% | L3: 79.90%
Epoch [4054/10000] Training Loss: 0.1833 Accuracy: 83.00% | L1: 85.24% | L2: 83.72% | L3: 80.03%
Validation Loss: 0.2063 
 Accuracy: 82.02% | L1: 85.59% | L2: 81.99% | L3: 78.49%
Epoch [4055/10000] Training Loss: 0.1846 Accuracy: 82.91% | L1: 85.19% | L2: 83.74% | L3: 79.81%
Epoch [4056/10000] Training Loss: 0.1842 Accuracy: 83.00% | L1: 85.38% | L2: 83.77% | L3: 79.85%
Validation Loss: 0.2060 
 Accuracy: 82.19% | L1: 85.80% | L2: 82.05% | L3: 78.74%
Epoch [4057/10000] Training Loss: 0.1843 Accuracy: 82.95% | L1: 85.35% | L2: 83.74% | L3: 79.77%
Epoch [4058/10000] Training Loss: 0.1833 Accuracy: 83.04% | L1: 85.19% | L2: 83.90% | L3: 80.02%
Validation Loss: 0.2054 
 Accuracy: 82.27% | L1: 85.90% | L2: 82.10% | L3: 78.83%
Epoch [4059/10000] Training Loss: 0.1841 Accuracy: 83.01% | L1: 85.33% | L2: 83.75% | L3: 79.95%
Epoch [4060/10000] Training Loss: 0.1836 Accuracy: 82.95% | L1: 85.29% | L2: 83.79% | L3: 79.78%
Validation Loss: 0.2065 
 Accuracy: 82.13% | L1: 85.76% | L2: 82.15% | L3: 78.47%
Epoch [4061/10000] Training Loss: 0.1830 Accuracy: 83.00% | L1: 85.28% | L2: 83.78% | L3: 79.94%
Epoch [4062/10000] Training Loss: 0.1831 Accuracy: 82.97% | L1: 85.28% | L2: 83.78% | L3: 79.85%
Validation Loss: 0.2086 
 Accuracy: 82.16% | L1: 85.86% | L2: 81.85% | L3: 78.77%
Epoch [4063/10000] Training Loss: 0.1826 Accuracy: 83.11% | L1: 85.39% | L2: 83.93% | L3: 80.02%
Epoch [4064/10000] Training Loss: 0.1835 Accuracy: 82.95% | L1: 85.11% | L2: 83.87% | L3: 79.89%
Validation Loss: 0.2065 
 Accuracy: 82.16% | L1: 85.87% | L2: 82.04% | L3: 78.58%
Epoch [4065/10000] Training Loss: 0.1834 Accuracy: 82.98% | L1: 85.26% | L2: 83.76% | L3: 79.90%
Epoch [4066/10000] Training Loss: 0.1837 Accuracy: 83.02% | L1: 85.35% | L2: 83.85% | L3: 79.85%
Validation Loss: 0.2086 
 Accuracy: 82.10% | L1: 86.00% | L2: 81.79% | L3: 78.51%
Loading checkpoint from best_vit_model.pth...
DEBUG: No improvement for several epochs. Consider early stopping or adjusting training.
Changing training datasets...
Train indices changed: True
Epoch [4067/10000] Training Loss: 0.1950 Accuracy: 82.11% | L1: 85.14% | L2: 82.50% | L3: 78.68%
Epoch [4068/10000] Training Loss: 0.1943 Accuracy: 82.20% | L1: 85.17% | L2: 82.65% | L3: 78.76%
Validation Loss: 0.1998 
 Accuracy: 82.35% | L1: 85.69% | L2: 82.38% | L3: 78.99%
Checkpoint saved at epoch 4068
Epoch [4069/10000] Training Loss: 0.1938 Accuracy: 82.13% | L1: 84.99% | L2: 82.82% | L3: 78.60%
Epoch [4070/10000] Training Loss: 0.1932 Accuracy: 82.17% | L1: 84.99% | L2: 82.63% | L3: 78.89%
Validation Loss: 0.2005 
 Accuracy: 82.17% | L1: 85.53% | L2: 82.21% | L3: 78.76%
Epoch [4071/10000] Training Loss: 0.1929 Accuracy: 82.28% | L1: 85.32% | L2: 82.65% | L3: 78.86%
Epoch [4072/10000] Training Loss: 0.1923 Accuracy: 82.27% | L1: 85.15% | L2: 82.80% | L3: 78.86%
Validation Loss: 0.2013 
 Accuracy: 82.23% | L1: 85.70% | L2: 82.14% | L3: 78.86%
Epoch [4073/10000] Training Loss: 0.1920 Accuracy: 82.28% | L1: 85.14% | L2: 82.71% | L3: 78.97%
Epoch [4074/10000] Training Loss: 0.1917 Accuracy: 82.35% | L1: 85.25% | L2: 82.77% | L3: 79.04%
Validation Loss: 0.2024 
 Accuracy: 82.02% | L1: 85.78% | L2: 82.10% | L3: 78.17%
Epoch [4075/10000] Training Loss: 0.1921 Accuracy: 82.24% | L1: 84.94% | L2: 82.84% | L3: 78.94%
Epoch [4076/10000] Training Loss: 0.1911 Accuracy: 82.35% | L1: 85.23% | L2: 82.76% | L3: 79.06%
Validation Loss: 0.2011 
 Accuracy: 82.30% | L1: 85.96% | L2: 82.30% | L3: 78.64%
Epoch [4077/10000] Training Loss: 0.1909 Accuracy: 82.39% | L1: 85.09% | L2: 82.97% | L3: 79.12%
Epoch [4078/10000] Training Loss: 0.1912 Accuracy: 82.34% | L1: 85.16% | L2: 82.78% | L3: 79.07%
Validation Loss: 0.2026 
 Accuracy: 82.23% | L1: 86.10% | L2: 82.17% | L3: 78.42%
Epoch [4079/10000] Training Loss: 0.1909 Accuracy: 82.38% | L1: 85.26% | L2: 82.79% | L3: 79.09%
Epoch [4080/10000] Training Loss: 0.1913 Accuracy: 82.36% | L1: 85.17% | L2: 82.86% | L3: 79.07%
Validation Loss: 0.2009 
 Accuracy: 82.27% | L1: 85.79% | L2: 82.24% | L3: 78.78%
Epoch [4081/10000] Training Loss: 0.1909 Accuracy: 82.35% | L1: 85.09% | L2: 82.87% | L3: 79.10%
Epoch [4082/10000] Training Loss: 0.1907 Accuracy: 82.35% | L1: 85.16% | L2: 82.68% | L3: 79.22%
Validation Loss: 0.2005 
 Accuracy: 82.36% | L1: 85.74% | L2: 82.28% | L3: 79.06%
Epoch [4083/10000] Training Loss: 0.1910 Accuracy: 82.39% | L1: 85.27% | L2: 82.95% | L3: 78.95%
Epoch [4084/10000] Training Loss: 0.1897 Accuracy: 82.43% | L1: 85.05% | L2: 83.02% | L3: 79.23%
Validation Loss: 0.2058 
 Accuracy: 82.01% | L1: 86.06% | L2: 81.84% | L3: 78.11%
Epoch [4085/10000] Training Loss: 0.1908 Accuracy: 82.29% | L1: 84.99% | L2: 82.77% | L3: 79.12%
Epoch [4086/10000] Training Loss: 0.1905 Accuracy: 82.34% | L1: 84.92% | L2: 82.90% | L3: 79.18%
Validation Loss: 0.2037 
 Accuracy: 82.04% | L1: 85.85% | L2: 82.00% | L3: 78.27%
Epoch [4087/10000] Training Loss: 0.1905 Accuracy: 82.43% | L1: 85.22% | L2: 82.96% | L3: 79.13%
Epoch [4088/10000] Training Loss: 0.1900 Accuracy: 82.46% | L1: 85.17% | L2: 82.87% | L3: 79.35%
Validation Loss: 0.2009 
 Accuracy: 82.43% | L1: 86.06% | L2: 82.40% | L3: 78.85%
Epoch [4089/10000] Training Loss: 0.1898 Accuracy: 82.44% | L1: 85.12% | L2: 82.95% | L3: 79.24%
Epoch [4090/10000] Training Loss: 0.1899 Accuracy: 82.37% | L1: 84.99% | L2: 82.94% | L3: 79.19%
Validation Loss: 0.2022 
 Accuracy: 82.25% | L1: 85.68% | L2: 82.21% | L3: 78.87%
Epoch [4091/10000] Training Loss: 0.1900 Accuracy: 82.39% | L1: 85.05% | L2: 83.02% | L3: 79.11%
Epoch [4092/10000] Training Loss: 0.1897 Accuracy: 82.44% | L1: 85.07% | L2: 83.06% | L3: 79.19%
Validation Loss: 0.2019 
 Accuracy: 82.15% | L1: 85.70% | L2: 82.11% | L3: 78.65%
Epoch [4093/10000] Training Loss: 0.1899 Accuracy: 82.37% | L1: 85.06% | L2: 82.96% | L3: 79.11%
Epoch [4094/10000] Training Loss: 0.1895 Accuracy: 82.48% | L1: 85.19% | L2: 83.04% | L3: 79.20%
Validation Loss: 0.2015 
 Accuracy: 82.33% | L1: 85.87% | L2: 82.34% | L3: 78.77%
Epoch [4095/10000] Training Loss: 0.1888 Accuracy: 82.42% | L1: 84.95% | L2: 83.05% | L3: 79.27%
Epoch [4096/10000] Training Loss: 0.1896 Accuracy: 82.47% | L1: 85.21% | L2: 83.03% | L3: 79.17%
Validation Loss: 0.2032 
 Accuracy: 82.11% | L1: 85.69% | L2: 82.15% | L3: 78.50%
Epoch [4097/10000] Training Loss: 0.1892 Accuracy: 82.50% | L1: 85.20% | L2: 83.02% | L3: 79.27%
Epoch [4098/10000] Training Loss: 0.1892 Accuracy: 82.39% | L1: 84.98% | L2: 82.95% | L3: 79.24%
Validation Loss: 0.2038 
 Accuracy: 82.08% | L1: 85.53% | L2: 82.02% | L3: 78.69%
Epoch [4099/10000] Training Loss: 0.1889 Accuracy: 82.48% | L1: 85.19% | L2: 82.99% | L3: 79.27%
Epoch [4100/10000] Training Loss: 0.1892 Accuracy: 82.46% | L1: 85.14% | L2: 83.09% | L3: 79.15%
Checkpoint 'best_vit_model_every_100_epoch' saved at epoch 4100
Validation Loss: 0.2019 
 Accuracy: 82.25% | L1: 85.76% | L2: 82.20% | L3: 78.79%
Epoch [4101/10000] Training Loss: 0.1882 Accuracy: 82.54% | L1: 85.11% | L2: 83.24% | L3: 79.28%
Epoch [4102/10000] Training Loss: 0.1885 Accuracy: 82.53% | L1: 85.14% | L2: 83.07% | L3: 79.37%
Validation Loss: 0.2009 
 Accuracy: 82.36% | L1: 85.99% | L2: 82.28% | L3: 78.82%
Epoch [4103/10000] Training Loss: 0.1888 Accuracy: 82.49% | L1: 85.04% | L2: 83.07% | L3: 79.36%
Epoch [4104/10000] Training Loss: 0.1885 Accuracy: 82.54% | L1: 85.22% | L2: 83.19% | L3: 79.21%
Validation Loss: 0.2036 
 Accuracy: 82.29% | L1: 85.98% | L2: 82.17% | L3: 78.73%
Epoch [4105/10000] Training Loss: 0.1879 Accuracy: 82.52% | L1: 84.91% | L2: 83.30% | L3: 79.37%
Epoch [4106/10000] Training Loss: 0.1878 Accuracy: 82.56% | L1: 85.19% | L2: 83.12% | L3: 79.38%
Validation Loss: 0.2024 
 Accuracy: 82.28% | L1: 86.05% | L2: 82.16% | L3: 78.64%
Epoch [4107/10000] Training Loss: 0.1886 Accuracy: 82.55% | L1: 85.18% | L2: 83.11% | L3: 79.37%
Epoch [4108/10000] Training Loss: 0.1881 Accuracy: 82.60% | L1: 85.25% | L2: 83.23% | L3: 79.32%
Validation Loss: 0.2018 
 Accuracy: 82.41% | L1: 85.77% | L2: 82.24% | L3: 79.21%
Epoch [4109/10000] Training Loss: 0.1877 Accuracy: 82.58% | L1: 85.11% | L2: 83.28% | L3: 79.33%
Epoch [4110/10000] Training Loss: 0.1881 Accuracy: 82.57% | L1: 85.12% | L2: 83.35% | L3: 79.24%
Validation Loss: 0.2028 
 Accuracy: 82.33% | L1: 85.95% | L2: 82.27% | L3: 78.76%
Epoch [4111/10000] Training Loss: 0.1882 Accuracy: 82.51% | L1: 85.01% | L2: 83.26% | L3: 79.24%
Epoch [4112/10000] Training Loss: 0.1873 Accuracy: 82.61% | L1: 85.14% | L2: 83.30% | L3: 79.37%
Validation Loss: 0.2042 
 Accuracy: 82.17% | L1: 85.76% | L2: 82.20% | L3: 78.55%
Epoch [4113/10000] Training Loss: 0.1874 Accuracy: 82.66% | L1: 85.18% | L2: 83.36% | L3: 79.44%
Epoch [4114/10000] Training Loss: 0.1872 Accuracy: 82.62% | L1: 85.20% | L2: 83.20% | L3: 79.46%
Validation Loss: 0.2061 
 Accuracy: 81.98% | L1: 85.85% | L2: 81.84% | L3: 78.26%
Epoch [4115/10000] Training Loss: 0.1875 Accuracy: 82.60% | L1: 85.21% | L2: 83.25% | L3: 79.34%
Epoch [4116/10000] Training Loss: 0.1872 Accuracy: 82.67% | L1: 85.30% | L2: 83.25% | L3: 79.46%
Validation Loss: 0.2032 
 Accuracy: 82.22% | L1: 85.82% | L2: 82.13% | L3: 78.71%
Epoch [4117/10000] Training Loss: 0.1864 Accuracy: 82.65% | L1: 85.07% | L2: 83.31% | L3: 79.59%
Epoch [4118/10000] Training Loss: 0.1860 Accuracy: 82.70% | L1: 85.13% | L2: 83.47% | L3: 79.50%
Validation Loss: 0.2062 
 Accuracy: 82.17% | L1: 85.88% | L2: 82.02% | L3: 78.60%
Epoch [4119/10000] Training Loss: 0.1869 Accuracy: 82.61% | L1: 85.07% | L2: 83.23% | L3: 79.53%
Epoch [4120/10000] Training Loss: 0.1866 Accuracy: 82.66% | L1: 85.05% | L2: 83.38% | L3: 79.56%
Validation Loss: 0.2065 
 Accuracy: 82.04% | L1: 85.71% | L2: 81.97% | L3: 78.45%
Epoch [4121/10000] Training Loss: 0.1869 Accuracy: 82.71% | L1: 85.31% | L2: 83.23% | L3: 79.59%
Epoch [4122/10000] Training Loss: 0.1874 Accuracy: 82.59% | L1: 85.06% | L2: 83.32% | L3: 79.39%
Validation Loss: 0.2020 
 Accuracy: 82.36% | L1: 85.94% | L2: 82.19% | L3: 78.94%
Epoch [4123/10000] Training Loss: 0.1871 Accuracy: 82.57% | L1: 85.01% | L2: 83.25% | L3: 79.43%
Epoch [4124/10000] Training Loss: 0.1860 Accuracy: 82.68% | L1: 85.16% | L2: 83.30% | L3: 79.58%
Validation Loss: 0.2032 
 Accuracy: 82.27% | L1: 85.61% | L2: 82.28% | L3: 78.93%
Epoch [4125/10000] Training Loss: 0.1873 Accuracy: 82.67% | L1: 85.28% | L2: 83.22% | L3: 79.52%
Epoch [4126/10000] Training Loss: 0.1866 Accuracy: 82.69% | L1: 85.15% | L2: 83.40% | L3: 79.51%
Validation Loss: 0.2024 
 Accuracy: 82.25% | L1: 86.04% | L2: 82.08% | L3: 78.63%
Epoch [4127/10000] Training Loss: 0.1862 Accuracy: 82.69% | L1: 85.11% | L2: 83.38% | L3: 79.59%
Epoch [4128/10000] Training Loss: 0.1864 Accuracy: 82.62% | L1: 84.95% | L2: 83.37% | L3: 79.52%
Validation Loss: 0.2048 
 Accuracy: 82.26% | L1: 85.95% | L2: 82.19% | L3: 78.64%
Epoch [4129/10000] Training Loss: 0.1864 Accuracy: 82.71% | L1: 85.32% | L2: 83.30% | L3: 79.51%
Epoch [4130/10000] Training Loss: 0.1866 Accuracy: 82.70% | L1: 85.15% | L2: 83.33% | L3: 79.63%
Validation Loss: 0.2039 
 Accuracy: 82.13% | L1: 85.74% | L2: 82.21% | L3: 78.44%
Epoch [4131/10000] Training Loss: 0.1862 Accuracy: 82.70% | L1: 85.11% | L2: 83.36% | L3: 79.64%
Epoch [4132/10000] Training Loss: 0.1866 Accuracy: 82.64% | L1: 85.08% | L2: 83.27% | L3: 79.56%
Validation Loss: 0.2082 
 Accuracy: 81.79% | L1: 85.74% | L2: 81.73% | L3: 77.90%
Epoch [4133/10000] Training Loss: 0.1865 Accuracy: 82.70% | L1: 85.05% | L2: 83.33% | L3: 79.70%
Epoch [4134/10000] Training Loss: 0.1847 Accuracy: 82.74% | L1: 84.97% | L2: 83.56% | L3: 79.69%
Validation Loss: 0.2043 
 Accuracy: 82.16% | L1: 85.75% | L2: 82.33% | L3: 78.40%
Epoch [4135/10000] Training Loss: 0.1858 Accuracy: 82.73% | L1: 85.21% | L2: 83.44% | L3: 79.55%
Epoch [4136/10000] Training Loss: 0.1865 Accuracy: 82.67% | L1: 85.15% | L2: 83.39% | L3: 79.46%
Validation Loss: 0.2045 
 Accuracy: 82.18% | L1: 85.80% | L2: 82.16% | L3: 78.58%
Epoch [4137/10000] Training Loss: 0.1858 Accuracy: 82.64% | L1: 84.94% | L2: 83.41% | L3: 79.58%
Epoch [4138/10000] Training Loss: 0.1860 Accuracy: 82.73% | L1: 85.15% | L2: 83.50% | L3: 79.54%
Validation Loss: 0.2038 
 Accuracy: 82.19% | L1: 86.00% | L2: 82.16% | L3: 78.40%
Epoch [4139/10000] Training Loss: 0.1859 Accuracy: 82.81% | L1: 85.37% | L2: 83.54% | L3: 79.52%
Epoch [4140/10000] Training Loss: 0.1852 Accuracy: 82.78% | L1: 85.12% | L2: 83.43% | L3: 79.78%
Validation Loss: 0.2055 
 Accuracy: 82.11% | L1: 85.66% | L2: 81.98% | L3: 78.70%
Epoch [4141/10000] Training Loss: 0.1859 Accuracy: 82.76% | L1: 85.17% | L2: 83.35% | L3: 79.75%
Epoch [4142/10000] Training Loss: 0.1849 Accuracy: 82.77% | L1: 85.02% | L2: 83.58% | L3: 79.73%
Validation Loss: 0.2082 
 Accuracy: 81.90% | L1: 85.61% | L2: 81.95% | L3: 78.13%
Epoch [4143/10000] Training Loss: 0.1857 Accuracy: 82.77% | L1: 85.14% | L2: 83.47% | L3: 79.69%
Epoch [4144/10000] Training Loss: 0.1854 Accuracy: 82.78% | L1: 85.14% | L2: 83.56% | L3: 79.63%
Validation Loss: 0.2033 
 Accuracy: 82.35% | L1: 85.88% | L2: 82.29% | L3: 78.90%
Epoch [4145/10000] Training Loss: 0.1844 Accuracy: 82.75% | L1: 84.93% | L2: 83.51% | L3: 79.80%
Epoch [4146/10000] Training Loss: 0.1856 Accuracy: 82.75% | L1: 85.14% | L2: 83.51% | L3: 79.60%
Validation Loss: 0.2041 
 Accuracy: 82.25% | L1: 85.71% | L2: 82.25% | L3: 78.79%
Epoch [4147/10000] Training Loss: 0.1849 Accuracy: 82.82% | L1: 85.17% | L2: 83.49% | L3: 79.79%
Epoch [4148/10000] Training Loss: 0.1848 Accuracy: 82.88% | L1: 85.38% | L2: 83.51% | L3: 79.76%
Validation Loss: 0.2031 
 Accuracy: 82.33% | L1: 85.65% | L2: 82.32% | L3: 79.00%
Epoch [4149/10000] Training Loss: 0.1853 Accuracy: 82.71% | L1: 85.10% | L2: 83.46% | L3: 79.56%
Epoch [4150/10000] Training Loss: 0.1854 Accuracy: 82.78% | L1: 85.19% | L2: 83.54% | L3: 79.61%
Validation Loss: 0.2041 
 Accuracy: 82.12% | L1: 85.49% | L2: 82.13% | L3: 78.75%
Epoch [4151/10000] Training Loss: 0.1852 Accuracy: 82.80% | L1: 85.20% | L2: 83.52% | L3: 79.67%
Epoch [4152/10000] Training Loss: 0.1850 Accuracy: 82.74% | L1: 85.06% | L2: 83.41% | L3: 79.75%
Validation Loss: 0.2075 
 Accuracy: 81.99% | L1: 85.82% | L2: 81.76% | L3: 78.39%
Epoch [4153/10000] Training Loss: 0.1833 Accuracy: 82.92% | L1: 85.23% | L2: 83.67% | L3: 79.87%
Epoch [4154/10000] Training Loss: 0.1848 Accuracy: 82.79% | L1: 85.07% | L2: 83.58% | L3: 79.73%
Validation Loss: 0.2056 
 Accuracy: 82.20% | L1: 85.92% | L2: 81.97% | L3: 78.71%
Epoch [4155/10000] Training Loss: 0.1842 Accuracy: 82.78% | L1: 85.07% | L2: 83.53% | L3: 79.75%
Epoch [4156/10000] Training Loss: 0.1851 Accuracy: 82.83% | L1: 85.28% | L2: 83.53% | L3: 79.68%
Validation Loss: 0.2062 
 Accuracy: 82.10% | L1: 85.81% | L2: 82.02% | L3: 78.47%
Epoch [4157/10000] Training Loss: 0.1841 Accuracy: 82.87% | L1: 85.17% | L2: 83.59% | L3: 79.84%
Epoch [4158/10000] Training Loss: 0.1841 Accuracy: 82.85% | L1: 85.10% | L2: 83.54% | L3: 79.91%
Validation Loss: 0.2104 
 Accuracy: 81.94% | L1: 85.91% | L2: 81.68% | L3: 78.23%
Epoch [4159/10000] Training Loss: 0.1840 Accuracy: 82.94% | L1: 85.27% | L2: 83.65% | L3: 79.90%
Epoch [4160/10000] Training Loss: 0.1854 Accuracy: 82.80% | L1: 85.25% | L2: 83.40% | L3: 79.74%
Validation Loss: 0.2048 
 Accuracy: 82.29% | L1: 85.97% | L2: 81.99% | L3: 78.89%
Epoch [4161/10000] Training Loss: 0.1839 Accuracy: 82.82% | L1: 85.08% | L2: 83.67% | L3: 79.70%
Epoch [4162/10000] Training Loss: 0.1841 Accuracy: 82.87% | L1: 85.22% | L2: 83.68% | L3: 79.70%
Validation Loss: 0.2074 
 Accuracy: 82.07% | L1: 85.67% | L2: 81.97% | L3: 78.58%
Epoch [4163/10000] Training Loss: 0.1843 Accuracy: 82.85% | L1: 85.17% | L2: 83.60% | L3: 79.79%
Epoch [4164/10000] Training Loss: 0.1842 Accuracy: 82.87% | L1: 85.17% | L2: 83.58% | L3: 79.86%
Validation Loss: 0.2058 
 Accuracy: 82.18% | L1: 85.82% | L2: 81.92% | L3: 78.78%
Epoch [4165/10000] Training Loss: 0.1829 Accuracy: 82.96% | L1: 85.17% | L2: 83.76% | L3: 79.95%
Epoch [4166/10000] Training Loss: 0.1834 Accuracy: 82.96% | L1: 85.32% | L2: 83.64% | L3: 79.90%
Validation Loss: 0.2067 
 Accuracy: 82.13% | L1: 86.06% | L2: 82.02% | L3: 78.31%
Epoch [4167/10000] Training Loss: 0.1832 Accuracy: 82.87% | L1: 85.12% | L2: 83.58% | L3: 79.92%
Epoch [4168/10000] Training Loss: 0.1832 Accuracy: 82.89% | L1: 85.16% | L2: 83.71% | L3: 79.81%
Validation Loss: 0.2071 
 Accuracy: 82.14% | L1: 85.98% | L2: 81.84% | L3: 78.60%
Loading checkpoint from best_vit_model.pth...
DEBUG: No improvement for several epochs. Consider early stopping or adjusting training.
Changing training datasets...
Train indices changed: True
Epoch [4169/10000] Training Loss: 0.1956 Accuracy: 82.20% | L1: 85.35% | L2: 82.61% | L3: 78.63%
Epoch [4170/10000] Training Loss: 0.1945 Accuracy: 82.27% | L1: 85.30% | L2: 82.83% | L3: 78.68%
Validation Loss: 0.2026 
 Accuracy: 82.09% | L1: 85.59% | L2: 82.08% | L3: 78.59%
Checkpoint saved at epoch 4170
Epoch [4171/10000] Training Loss: 0.1946 Accuracy: 82.25% | L1: 85.26% | L2: 82.70% | L3: 78.80%
Epoch [4172/10000] Training Loss: 0.1947 Accuracy: 82.22% | L1: 85.23% | L2: 82.60% | L3: 78.83%
Validation Loss: 0.1996 
 Accuracy: 82.30% | L1: 85.78% | L2: 82.34% | L3: 78.76%
Checkpoint saved at epoch 4172
Epoch [4173/10000] Training Loss: 0.1942 Accuracy: 82.24% | L1: 85.24% | L2: 82.68% | L3: 78.81%
Epoch [4174/10000] Training Loss: 0.1946 Accuracy: 82.20% | L1: 85.17% | L2: 82.67% | L3: 78.75%
Validation Loss: 0.2004 
 Accuracy: 82.45% | L1: 85.93% | L2: 82.29% | L3: 79.14%
Epoch [4175/10000] Training Loss: 0.1937 Accuracy: 82.29% | L1: 85.27% | L2: 82.72% | L3: 78.88%
Epoch [4176/10000] Training Loss: 0.1928 Accuracy: 82.37% | L1: 85.39% | L2: 82.81% | L3: 78.92%
Validation Loss: 0.2003 
 Accuracy: 82.32% | L1: 85.73% | L2: 82.38% | L3: 78.84%
Epoch [4177/10000] Training Loss: 0.1934 Accuracy: 82.32% | L1: 85.30% | L2: 82.83% | L3: 78.82%
Epoch [4178/10000] Training Loss: 0.1932 Accuracy: 82.36% | L1: 85.37% | L2: 82.83% | L3: 78.88%
Validation Loss: 0.1998 
 Accuracy: 82.36% | L1: 85.78% | L2: 82.34% | L3: 78.96%
Epoch [4179/10000] Training Loss: 0.1924 Accuracy: 82.39% | L1: 85.30% | L2: 82.99% | L3: 78.88%
Epoch [4180/10000] Training Loss: 0.1924 Accuracy: 82.33% | L1: 85.21% | L2: 82.76% | L3: 79.01%
Validation Loss: 0.2007 
 Accuracy: 82.32% | L1: 85.76% | L2: 82.30% | L3: 78.90%
Epoch [4181/10000] Training Loss: 0.1929 Accuracy: 82.36% | L1: 85.37% | L2: 82.82% | L3: 78.91%
Epoch [4182/10000] Training Loss: 0.1927 Accuracy: 82.33% | L1: 85.11% | L2: 82.96% | L3: 78.94%
Validation Loss: 0.2015 
 Accuracy: 82.22% | L1: 85.90% | L2: 82.06% | L3: 78.69%
Epoch [4183/10000] Training Loss: 0.1918 Accuracy: 82.40% | L1: 85.28% | L2: 82.94% | L3: 78.98%
Epoch [4184/10000] Training Loss: 0.1924 Accuracy: 82.40% | L1: 85.33% | L2: 82.91% | L3: 78.98%
Validation Loss: 0.2027 
 Accuracy: 82.20% | L1: 86.13% | L2: 82.10% | L3: 78.35%
Epoch [4185/10000] Training Loss: 0.1916 Accuracy: 82.41% | L1: 85.27% | L2: 82.86% | L3: 79.11%
Epoch [4186/10000] Training Loss: 0.1916 Accuracy: 82.39% | L1: 85.21% | L2: 82.95% | L3: 79.00%
Validation Loss: 0.2006 
 Accuracy: 82.31% | L1: 85.75% | L2: 82.24% | L3: 78.93%
Epoch [4187/10000] Training Loss: 0.1930 Accuracy: 82.34% | L1: 85.08% | L2: 82.95% | L3: 78.99%
Epoch [4188/10000] Training Loss: 0.1921 Accuracy: 82.39% | L1: 85.20% | L2: 82.85% | L3: 79.13%
Validation Loss: 0.2014 
 Accuracy: 82.11% | L1: 85.59% | L2: 82.24% | L3: 78.50%
Epoch [4189/10000] Training Loss: 0.1913 Accuracy: 82.44% | L1: 85.14% | L2: 83.12% | L3: 79.06%
Epoch [4190/10000] Training Loss: 0.1907 Accuracy: 82.42% | L1: 85.19% | L2: 82.91% | L3: 79.15%
Validation Loss: 0.2038 
 Accuracy: 82.09% | L1: 85.68% | L2: 82.16% | L3: 78.41%
Epoch [4191/10000] Training Loss: 0.1914 Accuracy: 82.48% | L1: 85.38% | L2: 82.88% | L3: 79.19%
Epoch [4192/10000] Training Loss: 0.1918 Accuracy: 82.43% | L1: 85.32% | L2: 82.93% | L3: 79.05%
Validation Loss: 0.2016 
 Accuracy: 82.27% | L1: 85.74% | L2: 82.19% | L3: 78.88%
Epoch [4193/10000] Training Loss: 0.1913 Accuracy: 82.45% | L1: 85.26% | L2: 83.04% | L3: 79.03%
Epoch [4194/10000] Training Loss: 0.1912 Accuracy: 82.48% | L1: 85.30% | L2: 83.04% | L3: 79.09%
Validation Loss: 0.2023 
 Accuracy: 82.19% | L1: 85.74% | L2: 82.09% | L3: 78.72%
Epoch [4195/10000] Training Loss: 0.1906 Accuracy: 82.57% | L1: 85.41% | L2: 83.12% | L3: 79.20%
Epoch [4196/10000] Training Loss: 0.1908 Accuracy: 82.46% | L1: 85.15% | L2: 83.11% | L3: 79.12%
Validation Loss: 0.1996 
 Accuracy: 82.51% | L1: 86.01% | L2: 82.42% | L3: 79.09%
Epoch [4197/10000] Training Loss: 0.1907 Accuracy: 82.49% | L1: 85.36% | L2: 83.06% | L3: 79.06%
Epoch [4198/10000] Training Loss: 0.1897 Accuracy: 82.63% | L1: 85.38% | L2: 83.33% | L3: 79.18%
Validation Loss: 0.2015 
 Accuracy: 82.33% | L1: 85.80% | L2: 82.32% | L3: 78.88%
Epoch [4199/10000] Training Loss: 0.1892 Accuracy: 82.67% | L1: 85.44% | L2: 83.25% | L3: 79.33%
Epoch [4200/10000] Training Loss: 0.1900 Accuracy: 82.53% | L1: 85.31% | L2: 83.16% | L3: 79.11%
Checkpoint 'best_vit_model_every_100_epoch' saved at epoch 4200
Validation Loss: 0.2027 
 Accuracy: 82.32% | L1: 86.07% | L2: 82.23% | L3: 78.67%
Epoch [4201/10000] Training Loss: 0.1899 Accuracy: 82.48% | L1: 85.14% | L2: 83.16% | L3: 79.15%
Epoch [4202/10000] Training Loss: 0.1896 Accuracy: 82.52% | L1: 85.15% | L2: 83.24% | L3: 79.16%
Validation Loss: 0.2021 
 Accuracy: 82.25% | L1: 85.89% | L2: 82.20% | L3: 78.66%
Epoch [4203/10000] Training Loss: 0.1897 Accuracy: 82.62% | L1: 85.39% | L2: 83.14% | L3: 79.34%
Epoch [4204/10000] Training Loss: 0.1900 Accuracy: 82.49% | L1: 85.20% | L2: 83.04% | L3: 79.24%
Validation Loss: 0.2013 
 Accuracy: 82.39% | L1: 85.82% | L2: 82.27% | L3: 79.10%
Epoch [4205/10000] Training Loss: 0.1894 Accuracy: 82.60% | L1: 85.25% | L2: 83.21% | L3: 79.33%
Epoch [4206/10000] Training Loss: 0.1892 Accuracy: 82.62% | L1: 85.30% | L2: 83.22% | L3: 79.35%
Validation Loss: 0.2030 
 Accuracy: 82.19% | L1: 85.91% | L2: 81.98% | L3: 78.68%
Epoch [4207/10000] Training Loss: 0.1893 Accuracy: 82.61% | L1: 85.37% | L2: 83.23% | L3: 79.23%
Epoch [4208/10000] Training Loss: 0.1895 Accuracy: 82.61% | L1: 85.31% | L2: 83.22% | L3: 79.31%
Validation Loss: 0.2054 
 Accuracy: 82.13% | L1: 85.87% | L2: 81.93% | L3: 78.59%
Epoch [4209/10000] Training Loss: 0.1886 Accuracy: 82.66% | L1: 85.42% | L2: 83.18% | L3: 79.37%
Epoch [4210/10000] Training Loss: 0.1890 Accuracy: 82.66% | L1: 85.34% | L2: 83.33% | L3: 79.32%
Validation Loss: 0.2049 
 Accuracy: 82.05% | L1: 85.82% | L2: 81.91% | L3: 78.40%
Epoch [4211/10000] Training Loss: 0.1886 Accuracy: 82.58% | L1: 85.26% | L2: 83.11% | L3: 79.37%
Epoch [4212/10000] Training Loss: 0.1898 Accuracy: 82.56% | L1: 85.34% | L2: 83.11% | L3: 79.23%
Validation Loss: 0.2030 
 Accuracy: 82.29% | L1: 85.77% | L2: 82.36% | L3: 78.74%
Epoch [4213/10000] Training Loss: 0.1897 Accuracy: 82.52% | L1: 85.08% | L2: 83.13% | L3: 79.34%
Epoch [4214/10000] Training Loss: 0.1892 Accuracy: 82.69% | L1: 85.43% | L2: 83.22% | L3: 79.42%
Validation Loss: 0.2026 
 Accuracy: 82.40% | L1: 86.02% | L2: 82.07% | L3: 79.10%
Epoch [4215/10000] Training Loss: 0.1890 Accuracy: 82.68% | L1: 85.31% | L2: 83.27% | L3: 79.45%
Epoch [4216/10000] Training Loss: 0.1879 Accuracy: 82.62% | L1: 85.20% | L2: 83.26% | L3: 79.40%
Validation Loss: 0.2016 
 Accuracy: 82.35% | L1: 85.81% | L2: 82.19% | L3: 79.06%
Epoch [4217/10000] Training Loss: 0.1879 Accuracy: 82.67% | L1: 85.16% | L2: 83.40% | L3: 79.44%
Epoch [4218/10000] Training Loss: 0.1888 Accuracy: 82.63% | L1: 85.31% | L2: 83.22% | L3: 79.35%
Validation Loss: 0.2023 
 Accuracy: 82.39% | L1: 85.94% | L2: 82.24% | L3: 78.98%
Epoch [4219/10000] Training Loss: 0.1874 Accuracy: 82.75% | L1: 85.36% | L2: 83.38% | L3: 79.52%
Epoch [4220/10000] Training Loss: 0.1885 Accuracy: 82.68% | L1: 85.40% | L2: 83.19% | L3: 79.44%
Validation Loss: 0.2023 
 Accuracy: 82.34% | L1: 85.97% | L2: 82.28% | L3: 78.78%
Epoch [4221/10000] Training Loss: 0.1886 Accuracy: 82.62% | L1: 85.24% | L2: 83.26% | L3: 79.34%
Epoch [4222/10000] Training Loss: 0.1883 Accuracy: 82.66% | L1: 85.32% | L2: 83.24% | L3: 79.43%
Validation Loss: 0.2035 
 Accuracy: 82.19% | L1: 85.68% | L2: 82.17% | L3: 78.73%
Epoch [4223/10000] Training Loss: 0.1878 Accuracy: 82.72% | L1: 85.36% | L2: 83.31% | L3: 79.48%
Epoch [4224/10000] Training Loss: 0.1878 Accuracy: 82.73% | L1: 85.34% | L2: 83.48% | L3: 79.38%
Validation Loss: 0.2055 
 Accuracy: 82.19% | L1: 85.80% | L2: 82.11% | L3: 78.65%
Epoch [4225/10000] Training Loss: 0.1891 Accuracy: 82.66% | L1: 85.29% | L2: 83.38% | L3: 79.30%
Epoch [4226/10000] Training Loss: 0.1875 Accuracy: 82.75% | L1: 85.37% | L2: 83.36% | L3: 79.52%
Validation Loss: 0.2037 
 Accuracy: 82.21% | L1: 85.64% | L2: 82.24% | L3: 78.75%
Epoch [4227/10000] Training Loss: 0.1877 Accuracy: 82.64% | L1: 85.18% | L2: 83.39% | L3: 79.34%
Epoch [4228/10000] Training Loss: 0.1876 Accuracy: 82.69% | L1: 85.19% | L2: 83.37% | L3: 79.50%
Validation Loss: 0.2045 
 Accuracy: 82.22% | L1: 85.89% | L2: 82.14% | L3: 78.63%
Epoch [4229/10000] Training Loss: 0.1874 Accuracy: 82.67% | L1: 85.13% | L2: 83.39% | L3: 79.49%
Epoch [4230/10000] Training Loss: 0.1866 Accuracy: 82.71% | L1: 85.34% | L2: 83.44% | L3: 79.34%
Validation Loss: 0.2016 
 Accuracy: 82.31% | L1: 86.03% | L2: 82.38% | L3: 78.51%
Epoch [4231/10000] Training Loss: 0.1875 Accuracy: 82.71% | L1: 85.25% | L2: 83.47% | L3: 79.42%
Epoch [4232/10000] Training Loss: 0.1876 Accuracy: 82.79% | L1: 85.58% | L2: 83.39% | L3: 79.42%
Validation Loss: 0.2029 
 Accuracy: 82.21% | L1: 85.85% | L2: 82.10% | L3: 78.67%
Epoch [4233/10000] Training Loss: 0.1869 Accuracy: 82.72% | L1: 85.22% | L2: 83.42% | L3: 79.51%
Epoch [4234/10000] Training Loss: 0.1874 Accuracy: 82.69% | L1: 85.27% | L2: 83.25% | L3: 79.56%
Validation Loss: 0.2052 
 Accuracy: 82.18% | L1: 85.84% | L2: 81.96% | L3: 78.76%
Epoch [4235/10000] Training Loss: 0.1871 Accuracy: 82.83% | L1: 85.46% | L2: 83.46% | L3: 79.56%
Epoch [4236/10000] Training Loss: 0.1873 Accuracy: 82.74% | L1: 85.46% | L2: 83.34% | L3: 79.44%
Validation Loss: 0.2036 
 Accuracy: 82.17% | L1: 85.60% | L2: 82.04% | L3: 78.88%
Epoch [4237/10000] Training Loss: 0.1880 Accuracy: 82.71% | L1: 85.24% | L2: 83.51% | L3: 79.36%
Epoch [4238/10000] Training Loss: 0.1869 Accuracy: 82.76% | L1: 85.28% | L2: 83.43% | L3: 79.57%
Validation Loss: 0.2030 
 Accuracy: 82.18% | L1: 85.56% | L2: 82.20% | L3: 78.77%
Epoch [4239/10000] Training Loss: 0.1877 Accuracy: 82.73% | L1: 85.28% | L2: 83.46% | L3: 79.45%
Epoch [4240/10000] Training Loss: 0.1869 Accuracy: 82.78% | L1: 85.35% | L2: 83.46% | L3: 79.52%
Validation Loss: 0.2055 
 Accuracy: 82.00% | L1: 85.75% | L2: 81.96% | L3: 78.29%
Epoch [4241/10000] Training Loss: 0.1865 Accuracy: 82.82% | L1: 85.33% | L2: 83.49% | L3: 79.64%
Epoch [4242/10000] Training Loss: 0.1853 Accuracy: 82.87% | L1: 85.34% | L2: 83.64% | L3: 79.61%
Validation Loss: 0.2059 
 Accuracy: 82.19% | L1: 85.99% | L2: 82.06% | L3: 78.51%
Epoch [4243/10000] Training Loss: 0.1867 Accuracy: 82.73% | L1: 85.17% | L2: 83.56% | L3: 79.47%
Epoch [4244/10000] Training Loss: 0.1872 Accuracy: 82.84% | L1: 85.48% | L2: 83.46% | L3: 79.57%
Validation Loss: 0.2061 
 Accuracy: 82.03% | L1: 85.66% | L2: 81.91% | L3: 78.51%
Epoch [4245/10000] Training Loss: 0.1861 Accuracy: 82.83% | L1: 85.39% | L2: 83.45% | L3: 79.67%
Epoch [4246/10000] Training Loss: 0.1861 Accuracy: 82.82% | L1: 85.36% | L2: 83.45% | L3: 79.65%
Validation Loss: 0.2035 
 Accuracy: 82.27% | L1: 85.96% | L2: 81.93% | L3: 78.92%
Epoch [4247/10000] Training Loss: 0.1862 Accuracy: 82.81% | L1: 85.30% | L2: 83.63% | L3: 79.49%
Epoch [4248/10000] Training Loss: 0.1858 Accuracy: 82.82% | L1: 85.27% | L2: 83.59% | L3: 79.59%
Validation Loss: 0.2052 
 Accuracy: 82.23% | L1: 85.49% | L2: 82.17% | L3: 79.03%
Epoch [4249/10000] Training Loss: 0.1859 Accuracy: 82.86% | L1: 85.41% | L2: 83.58% | L3: 79.58%
Epoch [4250/10000] Training Loss: 0.1860 Accuracy: 82.84% | L1: 85.34% | L2: 83.50% | L3: 79.67%
Validation Loss: 0.2068 
 Accuracy: 81.95% | L1: 85.76% | L2: 81.87% | L3: 78.24%
Epoch [4251/10000] Training Loss: 0.1863 Accuracy: 82.79% | L1: 85.19% | L2: 83.45% | L3: 79.75%
Epoch [4252/10000] Training Loss: 0.1863 Accuracy: 82.79% | L1: 85.28% | L2: 83.52% | L3: 79.56%
Validation Loss: 0.2041 
 Accuracy: 82.18% | L1: 85.66% | L2: 82.15% | L3: 78.74%
Epoch [4253/10000] Training Loss: 0.1858 Accuracy: 82.82% | L1: 85.20% | L2: 83.65% | L3: 79.60%
Epoch [4254/10000] Training Loss: 0.1858 Accuracy: 82.91% | L1: 85.47% | L2: 83.59% | L3: 79.66%
Validation Loss: 0.2058 
 Accuracy: 82.15% | L1: 85.85% | L2: 82.07% | L3: 78.54%
Epoch [4255/10000] Training Loss: 0.1852 Accuracy: 82.93% | L1: 85.38% | L2: 83.68% | L3: 79.73%
Epoch [4256/10000] Training Loss: 0.1856 Accuracy: 82.92% | L1: 85.44% | L2: 83.72% | L3: 79.59%
Validation Loss: 0.2055 
 Accuracy: 82.14% | L1: 85.77% | L2: 82.05% | L3: 78.59%
Epoch [4257/10000] Training Loss: 0.1855 Accuracy: 82.93% | L1: 85.45% | L2: 83.71% | L3: 79.63%
Epoch [4258/10000] Training Loss: 0.1861 Accuracy: 82.87% | L1: 85.34% | L2: 83.56% | L3: 79.70%
Validation Loss: 0.2061 
 Accuracy: 82.11% | L1: 85.71% | L2: 81.92% | L3: 78.70%
Epoch [4259/10000] Training Loss: 0.1858 Accuracy: 82.78% | L1: 85.13% | L2: 83.52% | L3: 79.69%
Epoch [4260/10000] Training Loss: 0.1843 Accuracy: 82.90% | L1: 85.30% | L2: 83.70% | L3: 79.71%
Validation Loss: 0.2057 
 Accuracy: 82.30% | L1: 86.00% | L2: 82.11% | L3: 78.79%
Epoch [4261/10000] Training Loss: 0.1847 Accuracy: 82.94% | L1: 85.38% | L2: 83.61% | L3: 79.83%
Epoch [4262/10000] Training Loss: 0.1854 Accuracy: 82.93% | L1: 85.38% | L2: 83.66% | L3: 79.73%
Validation Loss: 0.2086 
 Accuracy: 81.99% | L1: 85.93% | L2: 81.81% | L3: 78.21%
Epoch [4263/10000] Training Loss: 0.1855 Accuracy: 82.95% | L1: 85.44% | L2: 83.70% | L3: 79.69%
Epoch [4264/10000] Training Loss: 0.1845 Accuracy: 83.01% | L1: 85.58% | L2: 83.73% | L3: 79.70%
Validation Loss: 0.2053 
 Accuracy: 82.16% | L1: 85.73% | L2: 82.19% | L3: 78.56%
Epoch [4265/10000] Training Loss: 0.1852 Accuracy: 82.83% | L1: 85.14% | L2: 83.70% | L3: 79.66%
Epoch [4266/10000] Training Loss: 0.1847 Accuracy: 82.87% | L1: 85.17% | L2: 83.79% | L3: 79.65%
Validation Loss: 0.2039 
 Accuracy: 82.28% | L1: 85.88% | L2: 82.17% | L3: 78.78%
Epoch [4267/10000] Training Loss: 0.1842 Accuracy: 82.95% | L1: 85.29% | L2: 83.70% | L3: 79.86%
Epoch [4268/10000] Training Loss: 0.1855 Accuracy: 82.93% | L1: 85.45% | L2: 83.59% | L3: 79.75%
Validation Loss: 0.2055 
 Accuracy: 82.21% | L1: 85.86% | L2: 81.93% | L3: 78.83%
Epoch [4269/10000] Training Loss: 0.1847 Accuracy: 82.92% | L1: 85.27% | L2: 83.75% | L3: 79.75%
Epoch [4270/10000] Training Loss: 0.1847 Accuracy: 82.90% | L1: 85.29% | L2: 83.71% | L3: 79.70%
Validation Loss: 0.2071 
 Accuracy: 81.99% | L1: 85.62% | L2: 81.86% | L3: 78.48%
Epoch [4271/10000] Training Loss: 0.1847 Accuracy: 82.94% | L1: 85.39% | L2: 83.69% | L3: 79.74%
Epoch [4272/10000] Training Loss: 0.1839 Accuracy: 82.99% | L1: 85.42% | L2: 83.76% | L3: 79.78%
Validation Loss: 0.2088 
 Accuracy: 82.02% | L1: 85.90% | L2: 81.85% | L3: 78.33%
Loading checkpoint from best_vit_model.pth...
DEBUG: No improvement for several epochs. Consider early stopping or adjusting training.
Changing training datasets...
Train indices changed: True
Changing validation datasets...
Validation indices changed: True
Epoch [4273/10000] Training Loss: 0.1938 Accuracy: 82.17% | L1: 85.11% | L2: 82.55% | L3: 78.84%
Epoch [4274/10000] Training Loss: 0.1936 Accuracy: 82.17% | L1: 85.09% | L2: 82.63% | L3: 78.78%
Validation Loss: 0.2015 
 Accuracy: 82.38% | L1: 85.70% | L2: 82.32% | L3: 79.13%
Checkpoint saved at epoch 4274
Epoch [4275/10000] Training Loss: 0.1932 Accuracy: 82.22% | L1: 85.03% | L2: 82.82% | L3: 78.81%
Epoch [4276/10000] Training Loss: 0.1924 Accuracy: 82.34% | L1: 85.17% | L2: 82.83% | L3: 79.02%
Validation Loss: 0.2012 
 Accuracy: 82.32% | L1: 85.95% | L2: 82.20% | L3: 78.80%
Checkpoint saved at epoch 4276
Epoch [4277/10000] Training Loss: 0.1935 Accuracy: 82.22% | L1: 85.08% | L2: 82.69% | L3: 78.89%
Epoch [4278/10000] Training Loss: 0.1922 Accuracy: 82.34% | L1: 85.27% | L2: 82.90% | L3: 78.86%
Validation Loss: 0.2022 
 Accuracy: 82.38% | L1: 85.95% | L2: 82.25% | L3: 78.96%
Epoch [4279/10000] Training Loss: 0.1917 Accuracy: 82.41% | L1: 85.32% | L2: 83.02% | L3: 78.90%
Epoch [4280/10000] Training Loss: 0.1922 Accuracy: 82.26% | L1: 85.06% | L2: 82.77% | L3: 78.95%
Validation Loss: 0.2000 
 Accuracy: 82.42% | L1: 85.95% | L2: 82.44% | L3: 78.87%
Checkpoint saved at epoch 4280
Epoch [4281/10000] Training Loss: 0.1913 Accuracy: 82.26% | L1: 84.88% | L2: 82.90% | L3: 79.02%
Epoch [4282/10000] Training Loss: 0.1921 Accuracy: 82.28% | L1: 85.01% | L2: 82.79% | L3: 79.03%
Validation Loss: 0.2008 
 Accuracy: 82.26% | L1: 85.81% | L2: 82.26% | L3: 78.71%
Epoch [4283/10000] Training Loss: 0.1910 Accuracy: 82.40% | L1: 85.20% | L2: 82.93% | L3: 79.08%
Epoch [4284/10000] Training Loss: 0.1914 Accuracy: 82.38% | L1: 85.13% | L2: 82.88% | L3: 79.14%
Validation Loss: 0.2045 
 Accuracy: 82.15% | L1: 85.87% | L2: 82.06% | L3: 78.52%
Epoch [4285/10000] Training Loss: 0.1904 Accuracy: 82.44% | L1: 85.15% | L2: 83.04% | L3: 79.13%
Epoch [4286/10000] Training Loss: 0.1903 Accuracy: 82.48% | L1: 85.28% | L2: 83.00% | L3: 79.15%
Validation Loss: 0.2017 
 Accuracy: 82.44% | L1: 86.08% | L2: 82.35% | L3: 78.89%
Epoch [4287/10000] Training Loss: 0.1911 Accuracy: 82.42% | L1: 85.13% | L2: 83.04% | L3: 79.09%
Epoch [4288/10000] Training Loss: 0.1901 Accuracy: 82.42% | L1: 85.11% | L2: 83.10% | L3: 79.05%
Validation Loss: 0.2020 
 Accuracy: 82.27% | L1: 86.07% | L2: 82.27% | L3: 78.47%
Epoch [4289/10000] Training Loss: 0.1914 Accuracy: 82.38% | L1: 85.17% | L2: 82.95% | L3: 79.02%
Epoch [4290/10000] Training Loss: 0.1902 Accuracy: 82.45% | L1: 85.08% | L2: 83.05% | L3: 79.22%
Validation Loss: 0.2035 
 Accuracy: 82.24% | L1: 85.95% | L2: 82.10% | L3: 78.68%
Epoch [4291/10000] Training Loss: 0.1904 Accuracy: 82.47% | L1: 85.23% | L2: 83.02% | L3: 79.18%
Epoch [4292/10000] Training Loss: 0.1903 Accuracy: 82.37% | L1: 85.04% | L2: 82.99% | L3: 79.07%
Validation Loss: 0.2011 
 Accuracy: 82.34% | L1: 85.72% | L2: 82.17% | L3: 79.13%
Epoch [4293/10000] Training Loss: 0.1901 Accuracy: 82.46% | L1: 85.08% | L2: 83.13% | L3: 79.18%
Epoch [4294/10000] Training Loss: 0.1897 Accuracy: 82.52% | L1: 85.25% | L2: 82.99% | L3: 79.32%
Validation Loss: 0.2062 
 Accuracy: 82.01% | L1: 85.83% | L2: 81.90% | L3: 78.29%
Epoch [4295/10000] Training Loss: 0.1899 Accuracy: 82.54% | L1: 85.20% | L2: 83.09% | L3: 79.33%
Epoch [4296/10000] Training Loss: 0.1900 Accuracy: 82.45% | L1: 85.09% | L2: 83.15% | L3: 79.11%
Validation Loss: 0.2056 
 Accuracy: 81.92% | L1: 85.74% | L2: 82.00% | L3: 78.02%
Epoch [4297/10000] Training Loss: 0.1906 Accuracy: 82.46% | L1: 85.17% | L2: 83.00% | L3: 79.22%
Epoch [4298/10000] Training Loss: 0.1893 Accuracy: 82.44% | L1: 85.00% | L2: 83.07% | L3: 79.26%
Validation Loss: 0.2027 
 Accuracy: 82.22% | L1: 85.81% | L2: 82.19% | L3: 78.68%
Epoch [4299/10000] Training Loss: 0.1904 Accuracy: 82.51% | L1: 85.17% | L2: 83.07% | L3: 79.28%
Epoch [4300/10000] Training Loss: 0.1892 Accuracy: 82.55% | L1: 85.19% | L2: 83.16% | L3: 79.30%
Checkpoint 'best_vit_model_every_100_epoch' saved at epoch 4300
Validation Loss: 0.2019 
 Accuracy: 82.42% | L1: 85.79% | L2: 82.27% | L3: 79.21%
Epoch [4301/10000] Training Loss: 0.1897 Accuracy: 82.47% | L1: 85.09% | L2: 83.03% | L3: 79.29%
Epoch [4302/10000] Training Loss: 0.1897 Accuracy: 82.51% | L1: 85.11% | L2: 83.16% | L3: 79.26%
Validation Loss: 0.2024 
 Accuracy: 82.31% | L1: 85.86% | L2: 82.26% | L3: 78.81%
Epoch [4303/10000] Training Loss: 0.1886 Accuracy: 82.57% | L1: 85.11% | L2: 83.23% | L3: 79.37%
Epoch [4304/10000] Training Loss: 0.1897 Accuracy: 82.54% | L1: 85.21% | L2: 83.20% | L3: 79.23%
Validation Loss: 0.2043 
 Accuracy: 82.17% | L1: 85.85% | L2: 82.14% | L3: 78.51%
Epoch [4305/10000] Training Loss: 0.1887 Accuracy: 82.58% | L1: 85.12% | L2: 83.24% | L3: 79.37%
Epoch [4306/10000] Training Loss: 0.1885 Accuracy: 82.58% | L1: 85.18% | L2: 83.29% | L3: 79.27%
Validation Loss: 0.2040 
 Accuracy: 82.10% | L1: 85.97% | L2: 82.06% | L3: 78.27%
Epoch [4307/10000] Training Loss: 0.1890 Accuracy: 82.46% | L1: 84.95% | L2: 83.10% | L3: 79.32%
Epoch [4308/10000] Training Loss: 0.1889 Accuracy: 82.60% | L1: 85.19% | L2: 83.24% | L3: 79.38%
Validation Loss: 0.2022 
 Accuracy: 82.22% | L1: 85.72% | L2: 82.31% | L3: 78.63%
Epoch [4309/10000] Training Loss: 0.1886 Accuracy: 82.57% | L1: 85.16% | L2: 83.28% | L3: 79.27%
Epoch [4310/10000] Training Loss: 0.1889 Accuracy: 82.54% | L1: 85.19% | L2: 83.14% | L3: 79.31%
Validation Loss: 0.2032 
 Accuracy: 82.22% | L1: 85.92% | L2: 82.17% | L3: 78.57%
Epoch [4311/10000] Training Loss: 0.1887 Accuracy: 82.57% | L1: 85.17% | L2: 83.29% | L3: 79.25%
Epoch [4312/10000] Training Loss: 0.1882 Accuracy: 82.61% | L1: 85.14% | L2: 83.29% | L3: 79.40%
Validation Loss: 0.2022 
 Accuracy: 82.22% | L1: 85.98% | L2: 82.24% | L3: 78.45%
Epoch [4313/10000] Training Loss: 0.1885 Accuracy: 82.59% | L1: 85.10% | L2: 83.24% | L3: 79.42%
Epoch [4314/10000] Training Loss: 0.1883 Accuracy: 82.67% | L1: 85.34% | L2: 83.22% | L3: 79.44%
Validation Loss: 0.2034 
 Accuracy: 82.29% | L1: 86.04% | L2: 82.13% | L3: 78.70%
Epoch [4315/10000] Training Loss: 0.1878 Accuracy: 82.67% | L1: 85.23% | L2: 83.30% | L3: 79.49%
Epoch [4316/10000] Training Loss: 0.1881 Accuracy: 82.64% | L1: 85.19% | L2: 83.27% | L3: 79.47%
Validation Loss: 0.2031 
 Accuracy: 82.29% | L1: 85.82% | L2: 82.26% | L3: 78.79%
Epoch [4317/10000] Training Loss: 0.1876 Accuracy: 82.57% | L1: 85.06% | L2: 83.24% | L3: 79.40%
Epoch [4318/10000] Training Loss: 0.1873 Accuracy: 82.62% | L1: 85.08% | L2: 83.30% | L3: 79.47%
Validation Loss: 0.2053 
 Accuracy: 82.21% | L1: 85.66% | L2: 82.08% | L3: 78.90%
Epoch [4319/10000] Training Loss: 0.1881 Accuracy: 82.62% | L1: 85.15% | L2: 83.21% | L3: 79.49%
Epoch [4320/10000] Training Loss: 0.1873 Accuracy: 82.70% | L1: 85.37% | L2: 83.31% | L3: 79.41%
Validation Loss: 0.2027 
 Accuracy: 82.31% | L1: 85.68% | L2: 82.29% | L3: 78.97%
Epoch [4321/10000] Training Loss: 0.1873 Accuracy: 82.62% | L1: 85.00% | L2: 83.35% | L3: 79.50%
Epoch [4322/10000] Training Loss: 0.1864 Accuracy: 82.72% | L1: 85.31% | L2: 83.37% | L3: 79.48%
Validation Loss: 0.2021 
 Accuracy: 82.34% | L1: 85.74% | L2: 82.38% | L3: 78.91%
Epoch [4323/10000] Training Loss: 0.1864 Accuracy: 82.74% | L1: 85.33% | L2: 83.27% | L3: 79.62%
Epoch [4324/10000] Training Loss: 0.1871 Accuracy: 82.67% | L1: 85.18% | L2: 83.36% | L3: 79.47%
Validation Loss: 0.2049 
 Accuracy: 82.18% | L1: 86.16% | L2: 81.97% | L3: 78.43%
Epoch [4325/10000] Training Loss: 0.1875 Accuracy: 82.66% | L1: 85.19% | L2: 83.42% | L3: 79.37%
Epoch [4326/10000] Training Loss: 0.1861 Accuracy: 82.73% | L1: 85.25% | L2: 83.37% | L3: 79.58%
Validation Loss: 0.2046 
 Accuracy: 82.14% | L1: 85.91% | L2: 82.05% | L3: 78.46%
Epoch [4327/10000] Training Loss: 0.1865 Accuracy: 82.69% | L1: 85.13% | L2: 83.34% | L3: 79.61%
Epoch [4328/10000] Training Loss: 0.1868 Accuracy: 82.74% | L1: 85.29% | L2: 83.34% | L3: 79.60%
Validation Loss: 0.2021 
 Accuracy: 82.44% | L1: 85.87% | L2: 82.41% | L3: 79.03%
Epoch [4329/10000] Training Loss: 0.1866 Accuracy: 82.70% | L1: 85.17% | L2: 83.40% | L3: 79.53%
Epoch [4330/10000] Training Loss: 0.1868 Accuracy: 82.77% | L1: 85.21% | L2: 83.42% | L3: 79.67%
Validation Loss: 0.2028 
 Accuracy: 82.35% | L1: 86.10% | L2: 82.26% | L3: 78.68%
Epoch [4331/10000] Training Loss: 0.1860 Accuracy: 82.74% | L1: 85.19% | L2: 83.46% | L3: 79.58%
Epoch [4332/10000] Training Loss: 0.1864 Accuracy: 82.75% | L1: 85.27% | L2: 83.37% | L3: 79.59%
Validation Loss: 0.2046 
 Accuracy: 82.24% | L1: 85.73% | L2: 82.15% | L3: 78.84%
Epoch [4333/10000] Training Loss: 0.1864 Accuracy: 82.71% | L1: 85.19% | L2: 83.47% | L3: 79.48%
Epoch [4334/10000] Training Loss: 0.1858 Accuracy: 82.75% | L1: 85.14% | L2: 83.56% | L3: 79.54%
Validation Loss: 0.2050 
 Accuracy: 82.14% | L1: 85.97% | L2: 82.17% | L3: 78.28%
Epoch [4335/10000] Training Loss: 0.1867 Accuracy: 82.73% | L1: 85.24% | L2: 83.52% | L3: 79.44%
Epoch [4336/10000] Training Loss: 0.1867 Accuracy: 82.69% | L1: 85.13% | L2: 83.46% | L3: 79.49%
Validation Loss: 0.2050 
 Accuracy: 82.34% | L1: 86.02% | L2: 82.21% | L3: 78.78%
Epoch [4337/10000] Training Loss: 0.1867 Accuracy: 82.78% | L1: 85.27% | L2: 83.42% | L3: 79.65%
Epoch [4338/10000] Training Loss: 0.1865 Accuracy: 82.77% | L1: 85.21% | L2: 83.49% | L3: 79.60%
Validation Loss: 0.2045 
 Accuracy: 82.27% | L1: 85.90% | L2: 82.19% | L3: 78.73%
Epoch [4339/10000] Training Loss: 0.1864 Accuracy: 82.80% | L1: 85.24% | L2: 83.52% | L3: 79.64%
Epoch [4340/10000] Training Loss: 0.1858 Accuracy: 82.83% | L1: 85.22% | L2: 83.55% | L3: 79.72%
Validation Loss: 0.2040 
 Accuracy: 82.42% | L1: 85.97% | L2: 82.34% | L3: 78.97%
Epoch [4341/10000] Training Loss: 0.1864 Accuracy: 82.78% | L1: 85.28% | L2: 83.55% | L3: 79.53%
Epoch [4342/10000] Training Loss: 0.1848 Accuracy: 82.74% | L1: 84.92% | L2: 83.58% | L3: 79.71%
Validation Loss: 0.2051 
 Accuracy: 82.21% | L1: 85.95% | L2: 82.17% | L3: 78.52%
Epoch [4343/10000] Training Loss: 0.1852 Accuracy: 82.80% | L1: 85.14% | L2: 83.50% | L3: 79.75%
Epoch [4344/10000] Training Loss: 0.1860 Accuracy: 82.69% | L1: 84.96% | L2: 83.49% | L3: 79.63%
Validation Loss: 0.2051 
 Accuracy: 82.21% | L1: 86.28% | L2: 81.96% | L3: 78.41%
Epoch [4345/10000] Training Loss: 0.1857 Accuracy: 82.77% | L1: 85.21% | L2: 83.57% | L3: 79.54%
Epoch [4346/10000] Training Loss: 0.1854 Accuracy: 82.88% | L1: 85.36% | L2: 83.52% | L3: 79.74%
Validation Loss: 0.2055 
 Accuracy: 82.21% | L1: 85.77% | L2: 82.09% | L3: 78.77%
Epoch [4347/10000] Training Loss: 0.1854 Accuracy: 82.76% | L1: 85.19% | L2: 83.50% | L3: 79.57%
Epoch [4348/10000] Training Loss: 0.1853 Accuracy: 82.79% | L1: 85.11% | L2: 83.53% | L3: 79.74%
Validation Loss: 0.2077 
 Accuracy: 81.90% | L1: 85.51% | L2: 81.94% | L3: 78.25%
Epoch [4349/10000] Training Loss: 0.1849 Accuracy: 82.85% | L1: 85.31% | L2: 83.45% | L3: 79.78%
Epoch [4350/10000] Training Loss: 0.1860 Accuracy: 82.78% | L1: 85.18% | L2: 83.44% | L3: 79.72%
Validation Loss: 0.2057 
 Accuracy: 82.14% | L1: 85.92% | L2: 82.00% | L3: 78.50%
Epoch [4351/10000] Training Loss: 0.1846 Accuracy: 82.90% | L1: 85.39% | L2: 83.51% | L3: 79.82%
Epoch [4352/10000] Training Loss: 0.1857 Accuracy: 82.83% | L1: 85.36% | L2: 83.50% | L3: 79.62%
Validation Loss: 0.2046 
 Accuracy: 82.24% | L1: 85.89% | L2: 82.11% | L3: 78.72%
Epoch [4353/10000] Training Loss: 0.1846 Accuracy: 82.82% | L1: 85.04% | L2: 83.63% | L3: 79.78%
Epoch [4354/10000] Training Loss: 0.1842 Accuracy: 82.92% | L1: 85.28% | L2: 83.66% | L3: 79.83%
Validation Loss: 0.2092 
 Accuracy: 82.05% | L1: 85.74% | L2: 81.81% | L3: 78.60%
Epoch [4355/10000] Training Loss: 0.1840 Accuracy: 82.88% | L1: 85.13% | L2: 83.55% | L3: 79.95%
Epoch [4356/10000] Training Loss: 0.1854 Accuracy: 82.85% | L1: 85.21% | L2: 83.57% | L3: 79.76%
Validation Loss: 0.2050 
 Accuracy: 82.27% | L1: 86.06% | L2: 82.15% | L3: 78.60%
Epoch [4357/10000] Training Loss: 0.1856 Accuracy: 82.83% | L1: 85.25% | L2: 83.49% | L3: 79.77%
Epoch [4358/10000] Training Loss: 0.1834 Accuracy: 82.91% | L1: 85.14% | L2: 83.70% | L3: 79.90%
Validation Loss: 0.2057 
 Accuracy: 82.33% | L1: 85.90% | L2: 82.15% | L3: 78.94%
Epoch [4359/10000] Training Loss: 0.1838 Accuracy: 82.87% | L1: 85.09% | L2: 83.64% | L3: 79.88%
Epoch [4360/10000] Training Loss: 0.1851 Accuracy: 82.83% | L1: 85.11% | L2: 83.58% | L3: 79.81%
Validation Loss: 0.2097 
 Accuracy: 81.95% | L1: 86.04% | L2: 81.75% | L3: 78.05%
Epoch [4361/10000] Training Loss: 0.1842 Accuracy: 82.90% | L1: 85.24% | L2: 83.60% | L3: 79.85%
Epoch [4362/10000] Training Loss: 0.1836 Accuracy: 83.00% | L1: 85.38% | L2: 83.67% | L3: 79.95%
Validation Loss: 0.2082 
 Accuracy: 82.15% | L1: 86.15% | L2: 82.00% | L3: 78.32%
Epoch [4363/10000] Training Loss: 0.1840 Accuracy: 82.81% | L1: 84.89% | L2: 83.73% | L3: 79.81%
Epoch [4364/10000] Training Loss: 0.1838 Accuracy: 82.89% | L1: 85.19% | L2: 83.69% | L3: 79.79%
Validation Loss: 0.2072 
 Accuracy: 82.10% | L1: 85.71% | L2: 82.12% | L3: 78.48%
Epoch [4365/10000] Training Loss: 0.1842 Accuracy: 82.89% | L1: 85.11% | L2: 83.68% | L3: 79.87%
Epoch [4366/10000] Training Loss: 0.1839 Accuracy: 82.89% | L1: 85.13% | L2: 83.76% | L3: 79.77%
Validation Loss: 0.2071 
 Accuracy: 82.20% | L1: 86.02% | L2: 82.11% | L3: 78.48%
Epoch [4367/10000] Training Loss: 0.1844 Accuracy: 82.88% | L1: 85.12% | L2: 83.71% | L3: 79.80%
Epoch [4368/10000] Training Loss: 0.1844 Accuracy: 82.77% | L1: 84.97% | L2: 83.51% | L3: 79.84%
Validation Loss: 0.2073 
 Accuracy: 82.00% | L1: 85.64% | L2: 81.97% | L3: 78.39%
Epoch [4369/10000] Training Loss: 0.1834 Accuracy: 82.92% | L1: 85.09% | L2: 83.76% | L3: 79.91%
Epoch [4370/10000] Training Loss: 0.1837 Accuracy: 82.91% | L1: 85.11% | L2: 83.63% | L3: 79.98%
Validation Loss: 0.2075 
 Accuracy: 82.10% | L1: 85.61% | L2: 82.09% | L3: 78.61%
Epoch [4371/10000] Training Loss: 0.1835 Accuracy: 82.95% | L1: 85.28% | L2: 83.65% | L3: 79.93%
Epoch [4372/10000] Training Loss: 0.1832 Accuracy: 82.94% | L1: 85.11% | L2: 83.84% | L3: 79.87%
Validation Loss: 0.2064 
 Accuracy: 82.17% | L1: 85.68% | L2: 82.14% | L3: 78.69%
Epoch [4373/10000] Training Loss: 0.1838 Accuracy: 82.93% | L1: 85.16% | L2: 83.84% | L3: 79.79%
Epoch [4374/10000] Training Loss: 0.1837 Accuracy: 82.97% | L1: 85.29% | L2: 83.82% | L3: 79.82%
Validation Loss: 0.2063 
 Accuracy: 82.28% | L1: 85.81% | L2: 82.15% | L3: 78.87%
Epoch [4375/10000] Training Loss: 0.1836 Accuracy: 83.01% | L1: 85.29% | L2: 83.78% | L3: 79.96%
Epoch [4376/10000] Training Loss: 0.1833 Accuracy: 82.82% | L1: 84.84% | L2: 83.80% | L3: 79.83%
Validation Loss: 0.2038 
 Accuracy: 82.43% | L1: 85.82% | L2: 82.36% | L3: 79.12%
Epoch [4377/10000] Training Loss: 0.1832 Accuracy: 82.96% | L1: 85.10% | L2: 83.82% | L3: 79.95%
Epoch [4378/10000] Training Loss: 0.1833 Accuracy: 83.01% | L1: 85.17% | L2: 83.83% | L3: 80.01%
Validation Loss: 0.2056 
 Accuracy: 82.16% | L1: 85.61% | L2: 82.20% | L3: 78.69%
Epoch [4379/10000] Training Loss: 0.1840 Accuracy: 82.93% | L1: 85.24% | L2: 83.73% | L3: 79.80%
Epoch [4380/10000] Training Loss: 0.1830 Accuracy: 83.02% | L1: 85.23% | L2: 83.85% | L3: 79.98%
Validation Loss: 0.2081 
 Accuracy: 82.02% | L1: 85.62% | L2: 81.95% | L3: 78.48%
Loading checkpoint from best_vit_model.pth...
DEBUG: No improvement for several epochs. Consider early stopping or adjusting training.
Changing training datasets...
Train indices changed: True
Epoch [4381/10000] Training Loss: 0.1940 Accuracy: 82.18% | L1: 85.31% | L2: 82.62% | L3: 78.61%
Epoch [4382/10000] Training Loss: 0.1937 Accuracy: 82.25% | L1: 85.34% | L2: 82.67% | L3: 78.73%
Validation Loss: 0.2020 
 Accuracy: 82.30% | L1: 85.90% | L2: 82.30% | L3: 78.69%
Checkpoint saved at epoch 4382
Epoch [4383/10000] Training Loss: 0.1932 Accuracy: 82.28% | L1: 85.41% | L2: 82.64% | L3: 78.79%
Epoch [4384/10000] Training Loss: 0.1928 Accuracy: 82.24% | L1: 85.16% | L2: 82.69% | L3: 78.86%
Validation Loss: 0.2000 
 Accuracy: 82.33% | L1: 86.01% | L2: 82.35% | L3: 78.62%
Checkpoint saved at epoch 4384
Epoch [4385/10000] Training Loss: 0.1925 Accuracy: 82.24% | L1: 85.29% | L2: 82.64% | L3: 78.78%
Epoch [4386/10000] Training Loss: 0.1918 Accuracy: 82.33% | L1: 85.36% | L2: 82.63% | L3: 79.00%
Validation Loss: 0.2010 
 Accuracy: 82.29% | L1: 85.79% | L2: 82.34% | L3: 78.74%
Epoch [4387/10000] Training Loss: 0.1920 Accuracy: 82.35% | L1: 85.31% | L2: 82.81% | L3: 78.93%
Epoch [4388/10000] Training Loss: 0.1919 Accuracy: 82.22% | L1: 85.03% | L2: 82.72% | L3: 78.92%
Validation Loss: 0.2002 
 Accuracy: 82.43% | L1: 86.13% | L2: 82.28% | L3: 78.87%
Epoch [4389/10000] Training Loss: 0.1917 Accuracy: 82.38% | L1: 85.21% | L2: 82.90% | L3: 79.03%
Epoch [4390/10000] Training Loss: 0.1921 Accuracy: 82.41% | L1: 85.48% | L2: 82.82% | L3: 78.93%
Validation Loss: 0.2024 
 Accuracy: 82.22% | L1: 85.81% | L2: 82.26% | L3: 78.58%
Epoch [4391/10000] Training Loss: 0.1916 Accuracy: 82.32% | L1: 85.25% | L2: 82.76% | L3: 78.96%
Epoch [4392/10000] Training Loss: 0.1915 Accuracy: 82.34% | L1: 85.28% | L2: 82.80% | L3: 78.95%
Validation Loss: 0.2027 
 Accuracy: 82.13% | L1: 85.68% | L2: 82.13% | L3: 78.57%
Epoch [4393/10000] Training Loss: 0.1910 Accuracy: 82.43% | L1: 85.39% | L2: 82.83% | L3: 79.06%
Epoch [4394/10000] Training Loss: 0.1914 Accuracy: 82.36% | L1: 85.18% | L2: 82.89% | L3: 79.00%
Validation Loss: 0.2030 
 Accuracy: 82.17% | L1: 85.79% | L2: 82.20% | L3: 78.52%
Epoch [4395/10000] Training Loss: 0.1908 Accuracy: 82.38% | L1: 85.24% | L2: 82.79% | L3: 79.10%
Epoch [4396/10000] Training Loss: 0.1900 Accuracy: 82.46% | L1: 85.26% | L2: 82.96% | L3: 79.16%
Validation Loss: 0.2023 
 Accuracy: 82.17% | L1: 85.95% | L2: 82.01% | L3: 78.55%
Epoch [4397/10000] Training Loss: 0.1904 Accuracy: 82.46% | L1: 85.36% | L2: 82.91% | L3: 79.10%
Epoch [4398/10000] Training Loss: 0.1911 Accuracy: 82.39% | L1: 85.32% | L2: 82.86% | L3: 78.99%
Validation Loss: 0.2013 
 Accuracy: 82.39% | L1: 86.02% | L2: 82.36% | L3: 78.79%
Epoch [4399/10000] Training Loss: 0.1899 Accuracy: 82.48% | L1: 85.41% | L2: 82.80% | L3: 79.22%
Epoch [4400/10000] Training Loss: 0.1905 Accuracy: 82.45% | L1: 85.34% | L2: 82.88% | L3: 79.14%
Checkpoint 'best_vit_model_every_100_epoch' saved at epoch 4400
Validation Loss: 0.2011 
 Accuracy: 82.20% | L1: 85.72% | L2: 82.23% | L3: 78.65%
Epoch [4401/10000] Training Loss: 0.1896 Accuracy: 82.47% | L1: 85.28% | L2: 83.00% | L3: 79.12%
Epoch [4402/10000] Training Loss: 0.1898 Accuracy: 82.52% | L1: 85.29% | L2: 83.07% | L3: 79.20%
Validation Loss: 0.2033 
 Accuracy: 82.23% | L1: 85.82% | L2: 82.24% | L3: 78.64%
Epoch [4403/10000] Training Loss: 0.1902 Accuracy: 82.48% | L1: 85.26% | L2: 83.08% | L3: 79.10%
Epoch [4404/10000] Training Loss: 0.1893 Accuracy: 82.53% | L1: 85.43% | L2: 82.92% | L3: 79.25%
Validation Loss: 0.2036 
 Accuracy: 82.18% | L1: 85.80% | L2: 82.24% | L3: 78.49%
Epoch [4405/10000] Training Loss: 0.1897 Accuracy: 82.46% | L1: 85.31% | L2: 82.97% | L3: 79.09%
Epoch [4406/10000] Training Loss: 0.1889 Accuracy: 82.52% | L1: 85.23% | L2: 83.16% | L3: 79.17%
Validation Loss: 0.2013 
 Accuracy: 82.45% | L1: 85.85% | L2: 82.43% | L3: 79.07%
Epoch [4407/10000] Training Loss: 0.1897 Accuracy: 82.48% | L1: 85.26% | L2: 83.03% | L3: 79.14%
Epoch [4408/10000] Training Loss: 0.1889 Accuracy: 82.51% | L1: 85.16% | L2: 83.15% | L3: 79.23%
Validation Loss: 0.2040 
 Accuracy: 82.04% | L1: 85.77% | L2: 82.04% | L3: 78.33%
Epoch [4409/10000] Training Loss: 0.1883 Accuracy: 82.50% | L1: 85.14% | L2: 83.05% | L3: 79.31%
Epoch [4410/10000] Training Loss: 0.1898 Accuracy: 82.51% | L1: 85.17% | L2: 83.13% | L3: 79.22%
Validation Loss: 0.2017 
 Accuracy: 82.18% | L1: 85.69% | L2: 82.17% | L3: 78.67%
Epoch [4411/10000] Training Loss: 0.1895 Accuracy: 82.49% | L1: 85.23% | L2: 83.00% | L3: 79.24%
Epoch [4412/10000] Training Loss: 0.1890 Accuracy: 82.54% | L1: 85.35% | L2: 83.05% | L3: 79.22%
Validation Loss: 0.2017 
 Accuracy: 82.39% | L1: 85.90% | L2: 82.39% | L3: 78.89%
Epoch [4413/10000] Training Loss: 0.1885 Accuracy: 82.63% | L1: 85.43% | L2: 83.09% | L3: 79.37%
Epoch [4414/10000] Training Loss: 0.1885 Accuracy: 82.57% | L1: 85.20% | L2: 83.22% | L3: 79.28%
Validation Loss: 0.2034 
 Accuracy: 82.06% | L1: 85.68% | L2: 82.23% | L3: 78.28%
Epoch [4415/10000] Training Loss: 0.1890 Accuracy: 82.55% | L1: 85.26% | L2: 83.11% | L3: 79.28%
Epoch [4416/10000] Training Loss: 0.1882 Accuracy: 82.61% | L1: 85.34% | L2: 83.05% | L3: 79.42%
Validation Loss: 0.2031 
 Accuracy: 82.24% | L1: 85.74% | L2: 82.28% | L3: 78.69%
Epoch [4417/10000] Training Loss: 0.1881 Accuracy: 82.65% | L1: 85.39% | L2: 83.26% | L3: 79.30%
Epoch [4418/10000] Training Loss: 0.1875 Accuracy: 82.62% | L1: 85.20% | L2: 83.30% | L3: 79.35%
Validation Loss: 0.2021 
 Accuracy: 82.54% | L1: 86.06% | L2: 82.29% | L3: 79.27%
Epoch [4419/10000] Training Loss: 0.1885 Accuracy: 82.64% | L1: 85.44% | L2: 83.04% | L3: 79.43%
Epoch [4420/10000] Training Loss: 0.1886 Accuracy: 82.59% | L1: 85.25% | L2: 83.27% | L3: 79.26%
Validation Loss: 0.2035 
 Accuracy: 82.20% | L1: 85.88% | L2: 82.06% | L3: 78.67%
Epoch [4421/10000] Training Loss: 0.1884 Accuracy: 82.57% | L1: 85.28% | L2: 83.12% | L3: 79.30%
Epoch [4422/10000] Training Loss: 0.1877 Accuracy: 82.54% | L1: 85.12% | L2: 83.20% | L3: 79.32%
Validation Loss: 0.2018 
 Accuracy: 82.44% | L1: 86.09% | L2: 82.29% | L3: 78.95%
Epoch [4423/10000] Training Loss: 0.1877 Accuracy: 82.65% | L1: 85.33% | L2: 83.13% | L3: 79.48%
Epoch [4424/10000] Training Loss: 0.1874 Accuracy: 82.62% | L1: 85.33% | L2: 83.30% | L3: 79.25%
Validation Loss: 0.2026 
 Accuracy: 82.46% | L1: 85.81% | L2: 82.29% | L3: 79.28%
Epoch [4425/10000] Training Loss: 0.1875 Accuracy: 82.65% | L1: 85.39% | L2: 83.13% | L3: 79.42%
Epoch [4426/10000] Training Loss: 0.1875 Accuracy: 82.65% | L1: 85.33% | L2: 83.17% | L3: 79.43%
Validation Loss: 0.2023 
 Accuracy: 82.32% | L1: 85.88% | L2: 82.39% | L3: 78.68%
Epoch [4427/10000] Training Loss: 0.1888 Accuracy: 82.60% | L1: 85.36% | L2: 83.13% | L3: 79.32%
Epoch [4428/10000] Training Loss: 0.1872 Accuracy: 82.68% | L1: 85.27% | L2: 83.40% | L3: 79.38%
Validation Loss: 0.2046 
 Accuracy: 82.22% | L1: 85.85% | L2: 82.11% | L3: 78.71%
Epoch [4429/10000] Training Loss: 0.1873 Accuracy: 82.68% | L1: 85.24% | L2: 83.39% | L3: 79.42%
Epoch [4430/10000] Training Loss: 0.1871 Accuracy: 82.68% | L1: 85.31% | L2: 83.23% | L3: 79.50%
Validation Loss: 0.2032 
 Accuracy: 82.25% | L1: 85.71% | L2: 82.24% | L3: 78.81%
Epoch [4431/10000] Training Loss: 0.1877 Accuracy: 82.58% | L1: 85.26% | L2: 83.17% | L3: 79.31%
Epoch [4432/10000] Training Loss: 0.1867 Accuracy: 82.78% | L1: 85.49% | L2: 83.34% | L3: 79.50%
Validation Loss: 0.2019 
 Accuracy: 82.48% | L1: 86.11% | L2: 82.25% | L3: 79.07%
Epoch [4433/10000] Training Loss: 0.1868 Accuracy: 82.73% | L1: 85.37% | L2: 83.39% | L3: 79.44%
Epoch [4434/10000] Training Loss: 0.1863 Accuracy: 82.69% | L1: 85.23% | L2: 83.29% | L3: 79.53%
Validation Loss: 0.2045 
 Accuracy: 82.22% | L1: 85.84% | L2: 82.22% | L3: 78.61%
Epoch [4435/10000] Training Loss: 0.1865 Accuracy: 82.76% | L1: 85.37% | L2: 83.28% | L3: 79.63%
Epoch [4436/10000] Training Loss: 0.1868 Accuracy: 82.76% | L1: 85.41% | L2: 83.38% | L3: 79.48%
Validation Loss: 0.2051 
 Accuracy: 82.28% | L1: 85.98% | L2: 82.02% | L3: 78.83%
Epoch [4437/10000] Training Loss: 0.1866 Accuracy: 82.70% | L1: 85.28% | L2: 83.37% | L3: 79.45%
Epoch [4438/10000] Training Loss: 0.1861 Accuracy: 82.68% | L1: 85.23% | L2: 83.41% | L3: 79.38%
Validation Loss: 0.2037 
 Accuracy: 82.30% | L1: 85.97% | L2: 82.26% | L3: 78.67%
Epoch [4439/10000] Training Loss: 0.1866 Accuracy: 82.81% | L1: 85.50% | L2: 83.33% | L3: 79.59%
Epoch [4440/10000] Training Loss: 0.1868 Accuracy: 82.72% | L1: 85.40% | L2: 83.39% | L3: 79.39%
Validation Loss: 0.2041 
 Accuracy: 82.33% | L1: 85.77% | L2: 82.16% | L3: 79.06%
Epoch [4441/10000] Training Loss: 0.1861 Accuracy: 82.77% | L1: 85.37% | L2: 83.37% | L3: 79.56%
Epoch [4442/10000] Training Loss: 0.1865 Accuracy: 82.72% | L1: 85.27% | L2: 83.40% | L3: 79.49%
Validation Loss: 0.2051 
 Accuracy: 82.18% | L1: 85.68% | L2: 82.24% | L3: 78.64%
Epoch [4443/10000] Training Loss: 0.1863 Accuracy: 82.74% | L1: 85.30% | L2: 83.42% | L3: 79.49%
Epoch [4444/10000] Training Loss: 0.1858 Accuracy: 82.79% | L1: 85.30% | L2: 83.49% | L3: 79.59%
Validation Loss: 0.2051 
 Accuracy: 82.25% | L1: 85.88% | L2: 82.13% | L3: 78.74%
Epoch [4445/10000] Training Loss: 0.1862 Accuracy: 82.74% | L1: 85.22% | L2: 83.52% | L3: 79.48%
Epoch [4446/10000] Training Loss: 0.1861 Accuracy: 82.78% | L1: 85.37% | L2: 83.35% | L3: 79.62%
Validation Loss: 0.2047 
 Accuracy: 82.21% | L1: 85.75% | L2: 82.25% | L3: 78.62%
Epoch [4447/10000] Training Loss: 0.1847 Accuracy: 82.77% | L1: 85.14% | L2: 83.61% | L3: 79.58%
Epoch [4448/10000] Training Loss: 0.1854 Accuracy: 82.74% | L1: 85.16% | L2: 83.48% | L3: 79.58%
Validation Loss: 0.2064 
 Accuracy: 82.18% | L1: 85.69% | L2: 82.12% | L3: 78.72%
Epoch [4449/10000] Training Loss: 0.1858 Accuracy: 82.69% | L1: 85.13% | L2: 83.46% | L3: 79.47%
Epoch [4450/10000] Training Loss: 0.1853 Accuracy: 82.84% | L1: 85.41% | L2: 83.52% | L3: 79.59%
Validation Loss: 0.2035 
 Accuracy: 82.26% | L1: 86.03% | L2: 82.03% | L3: 78.71%
Epoch [4451/10000] Training Loss: 0.1850 Accuracy: 82.81% | L1: 85.28% | L2: 83.58% | L3: 79.56%
Epoch [4452/10000] Training Loss: 0.1861 Accuracy: 82.70% | L1: 85.12% | L2: 83.42% | L3: 79.58%
Validation Loss: 0.2041 
 Accuracy: 82.35% | L1: 85.72% | L2: 82.38% | L3: 78.94%
Epoch [4453/10000] Training Loss: 0.1853 Accuracy: 82.78% | L1: 85.20% | L2: 83.55% | L3: 79.58%
Epoch [4454/10000] Training Loss: 0.1858 Accuracy: 82.86% | L1: 85.63% | L2: 83.45% | L3: 79.51%
Validation Loss: 0.2044 
 Accuracy: 82.23% | L1: 85.59% | L2: 82.24% | L3: 78.86%
Epoch [4455/10000] Training Loss: 0.1848 Accuracy: 82.80% | L1: 85.21% | L2: 83.58% | L3: 79.61%
Epoch [4456/10000] Training Loss: 0.1845 Accuracy: 82.82% | L1: 85.19% | L2: 83.62% | L3: 79.65%
Validation Loss: 0.2063 
 Accuracy: 82.17% | L1: 85.88% | L2: 82.13% | L3: 78.49%
Epoch [4457/10000] Training Loss: 0.1860 Accuracy: 82.86% | L1: 85.45% | L2: 83.50% | L3: 79.62%
Epoch [4458/10000] Training Loss: 0.1841 Accuracy: 82.93% | L1: 85.56% | L2: 83.45% | L3: 79.78%
Validation Loss: 0.2049 
 Accuracy: 82.30% | L1: 85.75% | L2: 82.24% | L3: 78.91%
Epoch [4459/10000] Training Loss: 0.1850 Accuracy: 82.93% | L1: 85.50% | L2: 83.50% | L3: 79.79%
Epoch [4460/10000] Training Loss: 0.1843 Accuracy: 82.96% | L1: 85.46% | L2: 83.61% | L3: 79.81%
Validation Loss: 0.2063 
 Accuracy: 82.05% | L1: 85.69% | L2: 82.03% | L3: 78.43%
Epoch [4461/10000] Training Loss: 0.1845 Accuracy: 82.89% | L1: 85.31% | L2: 83.57% | L3: 79.77%
Epoch [4462/10000] Training Loss: 0.1844 Accuracy: 82.85% | L1: 85.31% | L2: 83.61% | L3: 79.63%
Validation Loss: 0.2047 
 Accuracy: 82.16% | L1: 85.83% | L2: 82.06% | L3: 78.60%
Epoch [4463/10000] Training Loss: 0.1849 Accuracy: 82.88% | L1: 85.34% | L2: 83.64% | L3: 79.66%
Epoch [4464/10000] Training Loss: 0.1845 Accuracy: 82.88% | L1: 85.41% | L2: 83.47% | L3: 79.76%
Validation Loss: 0.2082 
 Accuracy: 82.04% | L1: 85.77% | L2: 81.99% | L3: 78.38%
Epoch [4465/10000] Training Loss: 0.1848 Accuracy: 82.87% | L1: 85.30% | L2: 83.57% | L3: 79.75%
Epoch [4466/10000] Training Loss: 0.1846 Accuracy: 82.82% | L1: 85.23% | L2: 83.59% | L3: 79.65%
Validation Loss: 0.2066 
 Accuracy: 82.00% | L1: 85.72% | L2: 81.98% | L3: 78.30%
Epoch [4467/10000] Training Loss: 0.1842 Accuracy: 82.85% | L1: 85.24% | L2: 83.60% | L3: 79.71%
Epoch [4468/10000] Training Loss: 0.1845 Accuracy: 82.85% | L1: 85.18% | L2: 83.61% | L3: 79.75%
Validation Loss: 0.2074 
 Accuracy: 82.21% | L1: 86.02% | L2: 81.87% | L3: 78.74%
Epoch [4469/10000] Training Loss: 0.1827 Accuracy: 82.99% | L1: 85.33% | L2: 83.79% | L3: 79.87%
Epoch [4470/10000] Training Loss: 0.1832 Accuracy: 82.96% | L1: 85.34% | L2: 83.76% | L3: 79.80%
Validation Loss: 0.2087 
 Accuracy: 82.03% | L1: 85.72% | L2: 81.97% | L3: 78.40%
Epoch [4471/10000] Training Loss: 0.1842 Accuracy: 82.89% | L1: 85.38% | L2: 83.67% | L3: 79.61%
Epoch [4472/10000] Training Loss: 0.1833 Accuracy: 82.93% | L1: 85.26% | L2: 83.64% | L3: 79.88%
Validation Loss: 0.2061 
 Accuracy: 82.22% | L1: 85.82% | L2: 82.27% | L3: 78.58%
Epoch [4473/10000] Training Loss: 0.1834 Accuracy: 82.87% | L1: 85.22% | L2: 83.63% | L3: 79.76%
Epoch [4474/10000] Training Loss: 0.1839 Accuracy: 82.92% | L1: 85.32% | L2: 83.75% | L3: 79.68%
Validation Loss: 0.2068 
 Accuracy: 82.02% | L1: 85.28% | L2: 82.12% | L3: 78.67%
Epoch [4475/10000] Training Loss: 0.1825 Accuracy: 82.97% | L1: 85.27% | L2: 83.71% | L3: 79.93%
Epoch [4476/10000] Training Loss: 0.1839 Accuracy: 82.83% | L1: 85.08% | L2: 83.62% | L3: 79.79%
Validation Loss: 0.2050 
 Accuracy: 82.21% | L1: 85.85% | L2: 82.06% | L3: 78.70%
Epoch [4477/10000] Training Loss: 0.1840 Accuracy: 82.92% | L1: 85.31% | L2: 83.63% | L3: 79.81%
Epoch [4478/10000] Training Loss: 0.1839 Accuracy: 82.88% | L1: 85.21% | L2: 83.57% | L3: 79.86%
Validation Loss: 0.2069 
 Accuracy: 82.18% | L1: 85.72% | L2: 82.13% | L3: 78.70%
Epoch [4479/10000] Training Loss: 0.1835 Accuracy: 83.00% | L1: 85.34% | L2: 83.84% | L3: 79.83%
Epoch [4480/10000] Training Loss: 0.1831 Accuracy: 82.90% | L1: 85.09% | L2: 83.74% | L3: 79.88%
Validation Loss: 0.2090 
 Accuracy: 82.02% | L1: 85.65% | L2: 82.01% | L3: 78.40%
Epoch [4481/10000] Training Loss: 0.1830 Accuracy: 83.06% | L1: 85.49% | L2: 83.80% | L3: 79.90%
Epoch [4482/10000] Training Loss: 0.1842 Accuracy: 82.94% | L1: 85.42% | L2: 83.58% | L3: 79.83%
Validation Loss: 0.2066 
 Accuracy: 82.15% | L1: 85.78% | L2: 82.07% | L3: 78.61%
Epoch [4483/10000] Training Loss: 0.1831 Accuracy: 83.04% | L1: 85.39% | L2: 83.78% | L3: 79.94%
Epoch [4484/10000] Training Loss: 0.1827 Accuracy: 83.01% | L1: 85.47% | L2: 83.64% | L3: 79.92%
Validation Loss: 0.2059 
 Accuracy: 82.19% | L1: 85.87% | L2: 82.17% | L3: 78.52%
Loading checkpoint from best_vit_model.pth...
DEBUG: No improvement for several epochs. Consider early stopping or adjusting training.
Changing training datasets...
Train indices changed: True
Epoch [4485/10000] Training Loss: 0.1945 Accuracy: 82.16% | L1: 85.15% | L2: 82.50% | L3: 78.82%
Epoch [4486/10000] Training Loss: 0.1939 Accuracy: 82.22% | L1: 85.20% | L2: 82.58% | L3: 78.86%
Validation Loss: 0.2048 
 Accuracy: 81.97% | L1: 85.79% | L2: 82.06% | L3: 78.07%
Checkpoint saved at epoch 4486
Epoch [4487/10000] Training Loss: 0.1940 Accuracy: 82.19% | L1: 85.14% | L2: 82.55% | L3: 78.88%
Epoch [4488/10000] Training Loss: 0.1940 Accuracy: 82.27% | L1: 85.35% | L2: 82.55% | L3: 78.90%
Validation Loss: 0.2012 
 Accuracy: 82.18% | L1: 85.87% | L2: 82.06% | L3: 78.61%
Checkpoint saved at epoch 4488
Epoch [4489/10000] Training Loss: 0.1931 Accuracy: 82.28% | L1: 85.25% | L2: 82.67% | L3: 78.93%
Epoch [4490/10000] Training Loss: 0.1930 Accuracy: 82.31% | L1: 85.26% | L2: 82.66% | L3: 79.02%
Validation Loss: 0.1994 
 Accuracy: 82.43% | L1: 85.74% | L2: 82.46% | L3: 79.09%
Checkpoint saved at epoch 4490
Epoch [4491/10000] Training Loss: 0.1933 Accuracy: 82.31% | L1: 85.44% | L2: 82.67% | L3: 78.82%
Epoch [4492/10000] Training Loss: 0.1927 Accuracy: 82.30% | L1: 85.15% | L2: 82.79% | L3: 78.95%
Validation Loss: 0.2027 
 Accuracy: 82.23% | L1: 86.14% | L2: 82.13% | L3: 78.41%
Epoch [4493/10000] Training Loss: 0.1925 Accuracy: 82.31% | L1: 85.23% | L2: 82.78% | L3: 78.91%
Epoch [4494/10000] Training Loss: 0.1923 Accuracy: 82.39% | L1: 85.31% | L2: 82.82% | L3: 79.04%
Validation Loss: 0.2034 
 Accuracy: 82.03% | L1: 85.79% | L2: 82.08% | L3: 78.22%
Epoch [4495/10000] Training Loss: 0.1924 Accuracy: 82.36% | L1: 85.22% | L2: 82.75% | L3: 79.10%
Epoch [4496/10000] Training Loss: 0.1910 Accuracy: 82.42% | L1: 85.32% | L2: 82.86% | L3: 79.07%
Validation Loss: 0.2012 
 Accuracy: 82.23% | L1: 85.64% | L2: 82.38% | L3: 78.67%
Epoch [4497/10000] Training Loss: 0.1917 Accuracy: 82.39% | L1: 85.19% | L2: 82.88% | L3: 79.09%
Epoch [4498/10000] Training Loss: 0.1912 Accuracy: 82.40% | L1: 85.19% | L2: 82.91% | L3: 79.09%
Validation Loss: 0.2011 
 Accuracy: 82.46% | L1: 85.89% | L2: 82.48% | L3: 79.01%
Epoch [4499/10000] Training Loss: 0.1924 Accuracy: 82.38% | L1: 85.35% | L2: 82.82% | L3: 78.98%
Epoch [4500/10000] Training Loss: 0.1907 Accuracy: 82.36% | L1: 85.01% | L2: 82.96% | L3: 79.12%
Checkpoint 'best_vit_model_every_100_epoch' saved at epoch 4500
Validation Loss: 0.2033 
 Accuracy: 82.07% | L1: 85.97% | L2: 81.97% | L3: 78.26%
Epoch [4501/10000] Training Loss: 0.1918 Accuracy: 82.38% | L1: 85.22% | L2: 82.83% | L3: 79.09%
Epoch [4502/10000] Training Loss: 0.1909 Accuracy: 82.50% | L1: 85.39% | L2: 82.97% | L3: 79.14%
Validation Loss: 0.2003 
 Accuracy: 82.40% | L1: 86.13% | L2: 82.32% | L3: 78.76%
Epoch [4503/10000] Training Loss: 0.1905 Accuracy: 82.49% | L1: 85.39% | L2: 82.92% | L3: 79.17%
Epoch [4504/10000] Training Loss: 0.1905 Accuracy: 82.46% | L1: 85.21% | L2: 83.00% | L3: 79.17%
Validation Loss: 0.2011 
 Accuracy: 82.38% | L1: 85.56% | L2: 82.51% | L3: 79.06%
Epoch [4505/10000] Training Loss: 0.1903 Accuracy: 82.46% | L1: 85.26% | L2: 82.92% | L3: 79.21%
Epoch [4506/10000] Training Loss: 0.1904 Accuracy: 82.53% | L1: 85.37% | L2: 82.97% | L3: 79.24%
Validation Loss: 0.2015 
 Accuracy: 82.35% | L1: 85.96% | L2: 82.29% | L3: 78.82%
Epoch [4507/10000] Training Loss: 0.1903 Accuracy: 82.42% | L1: 85.08% | L2: 82.95% | L3: 79.22%
Epoch [4508/10000] Training Loss: 0.1907 Accuracy: 82.45% | L1: 85.18% | L2: 83.02% | L3: 79.15%
Validation Loss: 0.2021 
 Accuracy: 82.28% | L1: 86.03% | L2: 82.24% | L3: 78.56%
Epoch [4509/10000] Training Loss: 0.1901 Accuracy: 82.50% | L1: 85.27% | L2: 82.98% | L3: 79.24%
Epoch [4510/10000] Training Loss: 0.1902 Accuracy: 82.43% | L1: 85.16% | L2: 82.91% | L3: 79.22%
Validation Loss: 0.2030 
 Accuracy: 82.21% | L1: 85.95% | L2: 82.14% | L3: 78.55%
Epoch [4511/10000] Training Loss: 0.1896 Accuracy: 82.57% | L1: 85.27% | L2: 83.03% | L3: 79.40%
Epoch [4512/10000] Training Loss: 0.1901 Accuracy: 82.47% | L1: 85.17% | L2: 82.89% | L3: 79.34%
Validation Loss: 0.2002 
 Accuracy: 82.48% | L1: 85.92% | L2: 82.40% | L3: 79.13%
Epoch [4513/10000] Training Loss: 0.1895 Accuracy: 82.55% | L1: 85.28% | L2: 83.08% | L3: 79.28%
Epoch [4514/10000] Training Loss: 0.1898 Accuracy: 82.55% | L1: 85.34% | L2: 83.02% | L3: 79.30%
Validation Loss: 0.2035 
 Accuracy: 82.24% | L1: 85.89% | L2: 82.22% | L3: 78.62%
Epoch [4515/10000] Training Loss: 0.1893 Accuracy: 82.52% | L1: 85.23% | L2: 83.01% | L3: 79.30%
Epoch [4516/10000] Training Loss: 0.1891 Accuracy: 82.49% | L1: 85.18% | L2: 83.00% | L3: 79.31%
Validation Loss: 0.2040 
 Accuracy: 82.14% | L1: 85.76% | L2: 82.18% | L3: 78.48%
Epoch [4517/10000] Training Loss: 0.1899 Accuracy: 82.53% | L1: 85.28% | L2: 83.01% | L3: 79.29%
Epoch [4518/10000] Training Loss: 0.1895 Accuracy: 82.53% | L1: 85.32% | L2: 82.92% | L3: 79.35%
Validation Loss: 0.2025 
 Accuracy: 82.32% | L1: 85.64% | L2: 82.50% | L3: 78.83%
Epoch [4519/10000] Training Loss: 0.1907 Accuracy: 82.47% | L1: 85.20% | L2: 82.93% | L3: 79.30%
Epoch [4520/10000] Training Loss: 0.1886 Accuracy: 82.64% | L1: 85.38% | L2: 83.16% | L3: 79.38%
Validation Loss: 0.2033 
 Accuracy: 82.23% | L1: 85.87% | L2: 82.13% | L3: 78.70%
Epoch [4521/10000] Training Loss: 0.1888 Accuracy: 82.53% | L1: 85.05% | L2: 83.26% | L3: 79.29%
Epoch [4522/10000] Training Loss: 0.1890 Accuracy: 82.60% | L1: 85.18% | L2: 83.17% | L3: 79.44%
Validation Loss: 0.2006 
 Accuracy: 82.24% | L1: 85.58% | L2: 82.41% | L3: 78.74%
Epoch [4523/10000] Training Loss: 0.1894 Accuracy: 82.59% | L1: 85.35% | L2: 83.05% | L3: 79.38%
Epoch [4524/10000] Training Loss: 0.1888 Accuracy: 82.53% | L1: 85.20% | L2: 83.11% | L3: 79.28%
Validation Loss: 0.2034 
 Accuracy: 82.44% | L1: 86.10% | L2: 82.26% | L3: 78.97%
Epoch [4525/10000] Training Loss: 0.1893 Accuracy: 82.67% | L1: 85.46% | L2: 83.08% | L3: 79.48%
Epoch [4526/10000] Training Loss: 0.1882 Accuracy: 82.55% | L1: 85.09% | L2: 83.11% | L3: 79.47%
Validation Loss: 0.2022 
 Accuracy: 82.26% | L1: 85.80% | L2: 82.36% | L3: 78.62%
Epoch [4527/10000] Training Loss: 0.1889 Accuracy: 82.60% | L1: 85.34% | L2: 82.99% | L3: 79.47%
Epoch [4528/10000] Training Loss: 0.1886 Accuracy: 82.58% | L1: 85.23% | L2: 83.13% | L3: 79.39%
Validation Loss: 0.2024 
 Accuracy: 82.34% | L1: 86.02% | L2: 82.39% | L3: 78.62%
Epoch [4529/10000] Training Loss: 0.1888 Accuracy: 82.62% | L1: 85.21% | L2: 83.22% | L3: 79.43%
Epoch [4530/10000] Training Loss: 0.1885 Accuracy: 82.60% | L1: 85.29% | L2: 83.19% | L3: 79.32%
Validation Loss: 0.2046 
 Accuracy: 82.06% | L1: 85.82% | L2: 82.04% | L3: 78.30%
Epoch [4531/10000] Training Loss: 0.1881 Accuracy: 82.64% | L1: 85.45% | L2: 83.13% | L3: 79.34%
Epoch [4532/10000] Training Loss: 0.1878 Accuracy: 82.70% | L1: 85.35% | L2: 83.28% | L3: 79.46%
Validation Loss: 0.2079 
 Accuracy: 82.03% | L1: 86.18% | L2: 81.78% | L3: 78.13%
Epoch [4533/10000] Training Loss: 0.1882 Accuracy: 82.72% | L1: 85.40% | L2: 83.22% | L3: 79.52%
Epoch [4534/10000] Training Loss: 0.1878 Accuracy: 82.61% | L1: 85.09% | L2: 83.28% | L3: 79.46%
Validation Loss: 0.2050 
 Accuracy: 82.11% | L1: 85.80% | L2: 82.16% | L3: 78.38%
Epoch [4535/10000] Training Loss: 0.1882 Accuracy: 82.65% | L1: 85.33% | L2: 83.15% | L3: 79.47%
Epoch [4536/10000] Training Loss: 0.1889 Accuracy: 82.55% | L1: 85.14% | L2: 83.04% | L3: 79.48%
Validation Loss: 0.2027 
 Accuracy: 82.24% | L1: 85.96% | L2: 82.26% | L3: 78.49%
Epoch [4537/10000] Training Loss: 0.1872 Accuracy: 82.64% | L1: 85.22% | L2: 83.24% | L3: 79.47%
Epoch [4538/10000] Training Loss: 0.1877 Accuracy: 82.63% | L1: 85.12% | L2: 83.18% | L3: 79.59%
Validation Loss: 0.2043 
 Accuracy: 82.16% | L1: 86.02% | L2: 82.02% | L3: 78.43%
Epoch [4539/10000] Training Loss: 0.1878 Accuracy: 82.67% | L1: 85.32% | L2: 83.18% | L3: 79.51%
Epoch [4540/10000] Training Loss: 0.1876 Accuracy: 82.64% | L1: 85.22% | L2: 83.25% | L3: 79.44%
Validation Loss: 0.2016 
 Accuracy: 82.31% | L1: 85.78% | L2: 82.33% | L3: 78.82%
Epoch [4541/10000] Training Loss: 0.1871 Accuracy: 82.78% | L1: 85.49% | L2: 83.36% | L3: 79.50%
Epoch [4542/10000] Training Loss: 0.1879 Accuracy: 82.61% | L1: 85.09% | L2: 83.25% | L3: 79.50%
Validation Loss: 0.2025 
 Accuracy: 82.32% | L1: 85.86% | L2: 82.26% | L3: 78.84%
Epoch [4543/10000] Training Loss: 0.1874 Accuracy: 82.73% | L1: 85.34% | L2: 83.26% | L3: 79.58%
Epoch [4544/10000] Training Loss: 0.1873 Accuracy: 82.65% | L1: 85.15% | L2: 83.26% | L3: 79.55%
Validation Loss: 0.2052 
 Accuracy: 81.98% | L1: 85.71% | L2: 81.80% | L3: 78.44%
Epoch [4545/10000] Training Loss: 0.1870 Accuracy: 82.69% | L1: 85.10% | L2: 83.39% | L3: 79.60%
Epoch [4546/10000] Training Loss: 0.1874 Accuracy: 82.75% | L1: 85.29% | L2: 83.34% | L3: 79.63%
Validation Loss: 0.2024 
 Accuracy: 82.29% | L1: 86.05% | L2: 82.37% | L3: 78.46%
Epoch [4547/10000] Training Loss: 0.1867 Accuracy: 82.77% | L1: 85.33% | L2: 83.39% | L3: 79.59%
Epoch [4548/10000] Training Loss: 0.1867 Accuracy: 82.72% | L1: 85.12% | L2: 83.43% | L3: 79.59%
Validation Loss: 0.2078 
 Accuracy: 81.87% | L1: 85.91% | L2: 81.86% | L3: 77.83%
Epoch [4549/10000] Training Loss: 0.1871 Accuracy: 82.71% | L1: 85.26% | L2: 83.28% | L3: 79.60%
Epoch [4550/10000] Training Loss: 0.1865 Accuracy: 82.74% | L1: 85.33% | L2: 83.27% | L3: 79.61%
Validation Loss: 0.2049 
 Accuracy: 82.16% | L1: 85.99% | L2: 82.10% | L3: 78.40%
Epoch [4551/10000] Training Loss: 0.1861 Accuracy: 82.81% | L1: 85.27% | L2: 83.51% | L3: 79.64%
Epoch [4552/10000] Training Loss: 0.1861 Accuracy: 82.79% | L1: 85.32% | L2: 83.40% | L3: 79.66%
Validation Loss: 0.2053 
 Accuracy: 82.13% | L1: 85.96% | L2: 82.14% | L3: 78.30%
Epoch [4553/10000] Training Loss: 0.1861 Accuracy: 82.78% | L1: 85.28% | L2: 83.45% | L3: 79.60%
Epoch [4554/10000] Training Loss: 0.1860 Accuracy: 82.75% | L1: 85.09% | L2: 83.40% | L3: 79.75%
Validation Loss: 0.2034 
 Accuracy: 82.29% | L1: 85.87% | L2: 82.13% | L3: 78.87%
Epoch [4555/10000] Training Loss: 0.1863 Accuracy: 82.84% | L1: 85.42% | L2: 83.41% | L3: 79.69%
Epoch [4556/10000] Training Loss: 0.1866 Accuracy: 82.82% | L1: 85.55% | L2: 83.26% | L3: 79.66%
Validation Loss: 0.2067 
 Accuracy: 82.11% | L1: 85.81% | L2: 81.96% | L3: 78.58%
Epoch [4557/10000] Training Loss: 0.1856 Accuracy: 82.79% | L1: 85.08% | L2: 83.55% | L3: 79.73%
Epoch [4558/10000] Training Loss: 0.1853 Accuracy: 82.84% | L1: 85.20% | L2: 83.53% | L3: 79.79%
Validation Loss: 0.2032 
 Accuracy: 82.36% | L1: 85.80% | L2: 82.13% | L3: 79.15%
Epoch [4559/10000] Training Loss: 0.1856 Accuracy: 82.74% | L1: 85.11% | L2: 83.47% | L3: 79.66%
Epoch [4560/10000] Training Loss: 0.1861 Accuracy: 82.83% | L1: 85.36% | L2: 83.45% | L3: 79.67%
Validation Loss: 0.2043 
 Accuracy: 82.32% | L1: 86.14% | L2: 82.13% | L3: 78.69%
Epoch [4561/10000] Training Loss: 0.1867 Accuracy: 82.75% | L1: 85.26% | L2: 83.40% | L3: 79.59%
Epoch [4562/10000] Training Loss: 0.1854 Accuracy: 82.80% | L1: 85.25% | L2: 83.52% | L3: 79.62%
Validation Loss: 0.2034 
 Accuracy: 82.30% | L1: 86.05% | L2: 82.26% | L3: 78.60%
Epoch [4563/10000] Training Loss: 0.1862 Accuracy: 82.81% | L1: 85.28% | L2: 83.49% | L3: 79.65%
Epoch [4564/10000] Training Loss: 0.1857 Accuracy: 82.80% | L1: 85.34% | L2: 83.47% | L3: 79.58%
Validation Loss: 0.2050 
 Accuracy: 82.09% | L1: 85.86% | L2: 82.11% | L3: 78.29%
Epoch [4565/10000] Training Loss: 0.1857 Accuracy: 82.82% | L1: 85.27% | L2: 83.45% | L3: 79.76%
Epoch [4566/10000] Training Loss: 0.1853 Accuracy: 82.90% | L1: 85.31% | L2: 83.57% | L3: 79.83%
Validation Loss: 0.2030 
 Accuracy: 82.30% | L1: 86.02% | L2: 82.30% | L3: 78.59%
Epoch [4567/10000] Training Loss: 0.1851 Accuracy: 82.88% | L1: 85.25% | L2: 83.53% | L3: 79.85%
Epoch [4568/10000] Training Loss: 0.1854 Accuracy: 82.82% | L1: 85.29% | L2: 83.48% | L3: 79.70%
Validation Loss: 0.2031 
 Accuracy: 82.23% | L1: 85.84% | L2: 82.05% | L3: 78.79%
Epoch [4569/10000] Training Loss: 0.1843 Accuracy: 82.93% | L1: 85.32% | L2: 83.60% | L3: 79.86%
Epoch [4570/10000] Training Loss: 0.1856 Accuracy: 82.79% | L1: 85.13% | L2: 83.55% | L3: 79.69%
Validation Loss: 0.2068 
 Accuracy: 81.99% | L1: 85.91% | L2: 81.99% | L3: 78.08%
Epoch [4571/10000] Training Loss: 0.1848 Accuracy: 82.81% | L1: 85.21% | L2: 83.52% | L3: 79.69%
Epoch [4572/10000] Training Loss: 0.1853 Accuracy: 82.89% | L1: 85.36% | L2: 83.52% | L3: 79.78%
Validation Loss: 0.2054 
 Accuracy: 82.35% | L1: 86.00% | L2: 82.31% | L3: 78.74%
Epoch [4573/10000] Training Loss: 0.1851 Accuracy: 82.83% | L1: 85.24% | L2: 83.50% | L3: 79.76%
Epoch [4574/10000] Training Loss: 0.1849 Accuracy: 82.84% | L1: 85.17% | L2: 83.52% | L3: 79.82%
Validation Loss: 0.2092 
 Accuracy: 81.95% | L1: 85.96% | L2: 81.77% | L3: 78.12%
Epoch [4575/10000] Training Loss: 0.1850 Accuracy: 82.90% | L1: 85.29% | L2: 83.59% | L3: 79.82%
Epoch [4576/10000] Training Loss: 0.1844 Accuracy: 82.87% | L1: 85.14% | L2: 83.65% | L3: 79.81%
Validation Loss: 0.2061 
 Accuracy: 82.24% | L1: 86.03% | L2: 82.22% | L3: 78.49%
Epoch [4577/10000] Training Loss: 0.1838 Accuracy: 82.86% | L1: 85.09% | L2: 83.65% | L3: 79.84%
Epoch [4578/10000] Training Loss: 0.1850 Accuracy: 82.83% | L1: 85.16% | L2: 83.60% | L3: 79.72%
Validation Loss: 0.2069 
 Accuracy: 82.18% | L1: 85.95% | L2: 82.12% | L3: 78.46%
Epoch [4579/10000] Training Loss: 0.1849 Accuracy: 82.87% | L1: 85.22% | L2: 83.63% | L3: 79.76%
Epoch [4580/10000] Training Loss: 0.1842 Accuracy: 82.92% | L1: 85.32% | L2: 83.58% | L3: 79.86%
Validation Loss: 0.2057 
 Accuracy: 82.17% | L1: 86.00% | L2: 82.16% | L3: 78.35%
Epoch [4581/10000] Training Loss: 0.1844 Accuracy: 82.95% | L1: 85.42% | L2: 83.53% | L3: 79.90%
Epoch [4582/10000] Training Loss: 0.1842 Accuracy: 82.85% | L1: 85.09% | L2: 83.68% | L3: 79.79%
Validation Loss: 0.2056 
 Accuracy: 82.28% | L1: 86.11% | L2: 82.07% | L3: 78.65%
Epoch [4583/10000] Training Loss: 0.1842 Accuracy: 82.80% | L1: 84.88% | L2: 83.63% | L3: 79.88%
Epoch [4584/10000] Training Loss: 0.1846 Accuracy: 82.95% | L1: 85.31% | L2: 83.65% | L3: 79.90%
Validation Loss: 0.2068 
 Accuracy: 82.02% | L1: 85.72% | L2: 82.01% | L3: 78.32%
Epoch [4585/10000] Training Loss: 0.1832 Accuracy: 82.91% | L1: 85.12% | L2: 83.69% | L3: 79.93%
Epoch [4586/10000] Training Loss: 0.1842 Accuracy: 82.86% | L1: 85.05% | L2: 83.71% | L3: 79.81%
Validation Loss: 0.2074 
 Accuracy: 81.99% | L1: 85.72% | L2: 81.85% | L3: 78.39%
Epoch [4587/10000] Training Loss: 0.1843 Accuracy: 82.94% | L1: 85.29% | L2: 83.81% | L3: 79.71%
Epoch [4588/10000] Training Loss: 0.1841 Accuracy: 82.99% | L1: 85.33% | L2: 83.78% | L3: 79.85%
Validation Loss: 0.2064 
 Accuracy: 82.04% | L1: 85.82% | L2: 82.01% | L3: 78.27%
Epoch [4589/10000] Training Loss: 0.1834 Accuracy: 82.89% | L1: 85.13% | L2: 83.70% | L3: 79.85%
Epoch [4590/10000] Training Loss: 0.1838 Accuracy: 82.93% | L1: 85.30% | L2: 83.58% | L3: 79.92%
Validation Loss: 0.2057 
 Accuracy: 82.31% | L1: 86.11% | L2: 82.03% | L3: 78.78%
Loading checkpoint from best_vit_model.pth...
DEBUG: No improvement for several epochs. Consider early stopping or adjusting training.
Changing training datasets...
Train indices changed: True
Epoch [4591/10000] Training Loss: 0.1952 Accuracy: 82.19% | L1: 85.34% | L2: 82.50% | L3: 78.74%
Epoch [4592/10000] Training Loss: 0.1941 Accuracy: 82.31% | L1: 85.40% | L2: 82.63% | L3: 78.89%
Validation Loss: 0.2016 
 Accuracy: 82.33% | L1: 85.70% | L2: 82.32% | L3: 78.97%
Checkpoint saved at epoch 4592
Epoch [4593/10000] Training Loss: 0.1936 Accuracy: 82.31% | L1: 85.41% | L2: 82.54% | L3: 78.97%
Epoch [4594/10000] Training Loss: 0.1941 Accuracy: 82.23% | L1: 85.17% | L2: 82.62% | L3: 78.91%
Validation Loss: 0.2013 
 Accuracy: 82.37% | L1: 85.87% | L2: 82.27% | L3: 78.96%
Checkpoint saved at epoch 4594
Epoch [4595/10000] Training Loss: 0.1932 Accuracy: 82.36% | L1: 85.37% | L2: 82.73% | L3: 78.99%
Epoch [4596/10000] Training Loss: 0.1932 Accuracy: 82.37% | L1: 85.39% | L2: 82.70% | L3: 79.01%
Validation Loss: 0.2018 
 Accuracy: 82.21% | L1: 85.87% | L2: 82.19% | L3: 78.57%
Epoch [4597/10000] Training Loss: 0.1937 Accuracy: 82.38% | L1: 85.43% | L2: 82.69% | L3: 79.03%
Epoch [4598/10000] Training Loss: 0.1923 Accuracy: 82.43% | L1: 85.32% | L2: 82.84% | L3: 79.13%
Validation Loss: 0.2024 
 Accuracy: 82.25% | L1: 86.08% | L2: 82.16% | L3: 78.52%
Epoch [4599/10000] Training Loss: 0.1925 Accuracy: 82.36% | L1: 85.15% | L2: 82.89% | L3: 79.05%
Epoch [4600/10000] Training Loss: 0.1925 Accuracy: 82.34% | L1: 85.32% | L2: 82.80% | L3: 78.91%
Checkpoint 'best_vit_model_every_100_epoch' saved at epoch 4600
Validation Loss: 0.2001 
 Accuracy: 82.32% | L1: 85.57% | L2: 82.26% | L3: 79.13%
Checkpoint saved at epoch 4600
Epoch [4601/10000] Training Loss: 0.1924 Accuracy: 82.45% | L1: 85.44% | L2: 82.89% | L3: 79.03%
Epoch [4602/10000] Training Loss: 0.1924 Accuracy: 82.42% | L1: 85.43% | L2: 82.85% | L3: 78.98%
Validation Loss: 0.2015 
 Accuracy: 82.31% | L1: 86.00% | L2: 82.27% | L3: 78.67%
Epoch [4603/10000] Training Loss: 0.1922 Accuracy: 82.44% | L1: 85.44% | L2: 82.80% | L3: 79.08%
Epoch [4604/10000] Training Loss: 0.1919 Accuracy: 82.44% | L1: 85.31% | L2: 82.84% | L3: 79.18%
Validation Loss: 0.2013 
 Accuracy: 82.17% | L1: 85.35% | L2: 82.35% | L3: 78.81%
Epoch [4605/10000] Training Loss: 0.1911 Accuracy: 82.45% | L1: 85.30% | L2: 82.82% | L3: 79.24%
Epoch [4606/10000] Training Loss: 0.1911 Accuracy: 82.50% | L1: 85.42% | L2: 82.97% | L3: 79.12%
Validation Loss: 0.2060 
 Accuracy: 82.02% | L1: 85.79% | L2: 81.84% | L3: 78.41%
Epoch [4607/10000] Training Loss: 0.1912 Accuracy: 82.43% | L1: 85.16% | L2: 82.99% | L3: 79.13%
Epoch [4608/10000] Training Loss: 0.1908 Accuracy: 82.48% | L1: 85.26% | L2: 82.92% | L3: 79.27%
Validation Loss: 0.2013 
 Accuracy: 82.30% | L1: 85.76% | L2: 82.45% | L3: 78.68%
Epoch [4609/10000] Training Loss: 0.1913 Accuracy: 82.44% | L1: 85.19% | L2: 82.92% | L3: 79.21%
Epoch [4610/10000] Training Loss: 0.1916 Accuracy: 82.50% | L1: 85.47% | L2: 82.90% | L3: 79.12%
Validation Loss: 0.2013 
 Accuracy: 82.22% | L1: 85.88% | L2: 82.07% | L3: 78.71%
Epoch [4611/10000] Training Loss: 0.1921 Accuracy: 82.53% | L1: 85.53% | L2: 82.76% | L3: 79.29%
Epoch [4612/10000] Training Loss: 0.1906 Accuracy: 82.57% | L1: 85.44% | L2: 83.09% | L3: 79.19%
Validation Loss: 0.2017 
 Accuracy: 82.42% | L1: 85.83% | L2: 82.41% | L3: 79.02%
Epoch [4613/10000] Training Loss: 0.1910 Accuracy: 82.48% | L1: 85.36% | L2: 82.94% | L3: 79.13%
Epoch [4614/10000] Training Loss: 0.1912 Accuracy: 82.54% | L1: 85.50% | L2: 82.96% | L3: 79.16%
Validation Loss: 0.2037 
 Accuracy: 82.19% | L1: 85.96% | L2: 82.01% | L3: 78.60%
Epoch [4615/10000] Training Loss: 0.1902 Accuracy: 82.50% | L1: 85.19% | L2: 82.99% | L3: 79.30%
Epoch [4616/10000] Training Loss: 0.1908 Accuracy: 82.48% | L1: 85.20% | L2: 83.04% | L3: 79.22%
Validation Loss: 0.2026 
 Accuracy: 82.09% | L1: 85.54% | L2: 82.06% | L3: 78.65%
Epoch [4617/10000] Training Loss: 0.1908 Accuracy: 82.55% | L1: 85.36% | L2: 82.98% | L3: 79.31%
Epoch [4618/10000] Training Loss: 0.1895 Accuracy: 82.54% | L1: 85.28% | L2: 83.15% | L3: 79.20%
Validation Loss: 0.2025 
 Accuracy: 82.08% | L1: 85.62% | L2: 82.22% | L3: 78.41%
Epoch [4619/10000] Training Loss: 0.1896 Accuracy: 82.58% | L1: 85.31% | L2: 83.14% | L3: 79.28%
Epoch [4620/10000] Training Loss: 0.1901 Accuracy: 82.47% | L1: 85.17% | L2: 83.07% | L3: 79.18%
Validation Loss: 0.2030 
 Accuracy: 82.14% | L1: 85.83% | L2: 82.19% | L3: 78.41%
Epoch [4621/10000] Training Loss: 0.1897 Accuracy: 82.55% | L1: 85.27% | L2: 83.13% | L3: 79.27%
Epoch [4622/10000] Training Loss: 0.1895 Accuracy: 82.55% | L1: 85.19% | L2: 83.11% | L3: 79.34%
Validation Loss: 0.2057 
 Accuracy: 82.17% | L1: 86.11% | L2: 81.86% | L3: 78.53%
Epoch [4623/10000] Training Loss: 0.1899 Accuracy: 82.58% | L1: 85.39% | L2: 83.15% | L3: 79.19%
Epoch [4624/10000] Training Loss: 0.1895 Accuracy: 82.54% | L1: 85.19% | L2: 83.14% | L3: 79.28%
Validation Loss: 0.2018 
 Accuracy: 82.42% | L1: 85.88% | L2: 82.35% | L3: 79.03%
Epoch [4625/10000] Training Loss: 0.1886 Accuracy: 82.63% | L1: 85.36% | L2: 83.08% | L3: 79.46%
Epoch [4626/10000] Training Loss: 0.1894 Accuracy: 82.69% | L1: 85.50% | L2: 83.21% | L3: 79.38%
Validation Loss: 0.2030 
 Accuracy: 82.24% | L1: 85.76% | L2: 82.28% | L3: 78.69%
Epoch [4627/10000] Training Loss: 0.1900 Accuracy: 82.56% | L1: 85.47% | L2: 83.01% | L3: 79.19%
Epoch [4628/10000] Training Loss: 0.1893 Accuracy: 82.68% | L1: 85.45% | L2: 83.17% | L3: 79.43%
Validation Loss: 0.2015 
 Accuracy: 82.41% | L1: 85.95% | L2: 82.24% | L3: 79.03%
Epoch [4629/10000] Training Loss: 0.1885 Accuracy: 82.75% | L1: 85.47% | L2: 83.29% | L3: 79.49%
Epoch [4630/10000] Training Loss: 0.1894 Accuracy: 82.49% | L1: 85.18% | L2: 83.01% | L3: 79.29%
Validation Loss: 0.2066 
 Accuracy: 82.09% | L1: 86.03% | L2: 81.99% | L3: 78.26%
Epoch [4631/10000] Training Loss: 0.1884 Accuracy: 82.69% | L1: 85.44% | L2: 83.12% | L3: 79.51%
Epoch [4632/10000] Training Loss: 0.1889 Accuracy: 82.62% | L1: 85.30% | L2: 83.16% | L3: 79.41%
Validation Loss: 0.2032 
 Accuracy: 82.23% | L1: 85.61% | L2: 82.29% | L3: 78.79%
Epoch [4633/10000] Training Loss: 0.1891 Accuracy: 82.62% | L1: 85.27% | L2: 83.16% | L3: 79.44%
Epoch [4634/10000] Training Loss: 0.1883 Accuracy: 82.68% | L1: 85.40% | L2: 83.16% | L3: 79.49%
Validation Loss: 0.2069 
 Accuracy: 82.09% | L1: 86.00% | L2: 81.87% | L3: 78.40%
Epoch [4635/10000] Training Loss: 0.1885 Accuracy: 82.72% | L1: 85.46% | L2: 83.23% | L3: 79.47%
Epoch [4636/10000] Training Loss: 0.1887 Accuracy: 82.68% | L1: 85.36% | L2: 83.26% | L3: 79.41%
Validation Loss: 0.2050 
 Accuracy: 82.28% | L1: 85.86% | L2: 82.15% | L3: 78.83%
Epoch [4637/10000] Training Loss: 0.1885 Accuracy: 82.71% | L1: 85.42% | L2: 83.22% | L3: 79.48%
Epoch [4638/10000] Training Loss: 0.1879 Accuracy: 82.75% | L1: 85.35% | L2: 83.38% | L3: 79.51%
Validation Loss: 0.2044 
 Accuracy: 82.24% | L1: 86.04% | L2: 82.10% | L3: 78.56%
Epoch [4639/10000] Training Loss: 0.1873 Accuracy: 82.67% | L1: 85.25% | L2: 83.23% | L3: 79.54%
Epoch [4640/10000] Training Loss: 0.1882 Accuracy: 82.70% | L1: 85.37% | L2: 83.23% | L3: 79.49%
Validation Loss: 0.2036 
 Accuracy: 82.40% | L1: 85.92% | L2: 82.21% | L3: 79.07%
Epoch [4641/10000] Training Loss: 0.1882 Accuracy: 82.70% | L1: 85.33% | L2: 83.21% | L3: 79.56%
Epoch [4642/10000] Training Loss: 0.1878 Accuracy: 82.70% | L1: 85.31% | L2: 83.24% | L3: 79.55%
Validation Loss: 0.2036 
 Accuracy: 82.31% | L1: 85.97% | L2: 82.04% | L3: 78.91%
Epoch [4643/10000] Training Loss: 0.1875 Accuracy: 82.67% | L1: 85.16% | L2: 83.26% | L3: 79.61%
Epoch [4644/10000] Training Loss: 0.1880 Accuracy: 82.67% | L1: 85.14% | L2: 83.34% | L3: 79.52%
Validation Loss: 0.2030 
 Accuracy: 82.28% | L1: 85.86% | L2: 82.25% | L3: 78.73%
Epoch [4645/10000] Training Loss: 0.1881 Accuracy: 82.71% | L1: 85.40% | L2: 83.25% | L3: 79.47%
Epoch [4646/10000] Training Loss: 0.1874 Accuracy: 82.75% | L1: 85.32% | L2: 83.33% | L3: 79.59%
Validation Loss: 0.2052 
 Accuracy: 82.14% | L1: 85.61% | L2: 82.12% | L3: 78.70%
Epoch [4647/10000] Training Loss: 0.1872 Accuracy: 82.70% | L1: 85.14% | L2: 83.48% | L3: 79.48%
Epoch [4648/10000] Training Loss: 0.1877 Accuracy: 82.77% | L1: 85.32% | L2: 83.44% | L3: 79.57%
Validation Loss: 0.2028 
 Accuracy: 82.36% | L1: 85.96% | L2: 82.24% | L3: 78.88%
Epoch [4649/10000] Training Loss: 0.1875 Accuracy: 82.75% | L1: 85.24% | L2: 83.32% | L3: 79.71%
Epoch [4650/10000] Training Loss: 0.1866 Accuracy: 82.85% | L1: 85.52% | L2: 83.33% | L3: 79.69%
Validation Loss: 0.2060 
 Accuracy: 82.23% | L1: 86.09% | L2: 82.00% | L3: 78.60%
Epoch [4651/10000] Training Loss: 0.1871 Accuracy: 82.81% | L1: 85.29% | L2: 83.45% | L3: 79.68%
Epoch [4652/10000] Training Loss: 0.1876 Accuracy: 82.77% | L1: 85.34% | L2: 83.45% | L3: 79.52%
Validation Loss: 0.2038 
 Accuracy: 82.29% | L1: 85.89% | L2: 82.18% | L3: 78.80%
Epoch [4653/10000] Training Loss: 0.1874 Accuracy: 82.73% | L1: 85.31% | L2: 83.30% | L3: 79.58%
Epoch [4654/10000] Training Loss: 0.1879 Accuracy: 82.71% | L1: 85.34% | L2: 83.30% | L3: 79.48%
Validation Loss: 0.2064 
 Accuracy: 82.06% | L1: 85.89% | L2: 81.89% | L3: 78.40%
Epoch [4655/10000] Training Loss: 0.1866 Accuracy: 82.67% | L1: 85.10% | L2: 83.20% | L3: 79.71%
Epoch [4656/10000] Training Loss: 0.1868 Accuracy: 82.82% | L1: 85.39% | L2: 83.50% | L3: 79.56%
Validation Loss: 0.2048 
 Accuracy: 82.27% | L1: 85.80% | L2: 82.11% | L3: 78.89%
Epoch [4657/10000] Training Loss: 0.1866 Accuracy: 82.77% | L1: 85.26% | L2: 83.40% | L3: 79.65%
Epoch [4658/10000] Training Loss: 0.1863 Accuracy: 82.85% | L1: 85.38% | L2: 83.42% | L3: 79.74%
Validation Loss: 0.2053 
 Accuracy: 82.35% | L1: 86.14% | L2: 82.05% | L3: 78.87%
Epoch [4659/10000] Training Loss: 0.1863 Accuracy: 82.80% | L1: 85.34% | L2: 83.43% | L3: 79.62%
Epoch [4660/10000] Training Loss: 0.1874 Accuracy: 82.73% | L1: 85.26% | L2: 83.40% | L3: 79.53%
Validation Loss: 0.2057 
 Accuracy: 82.10% | L1: 85.87% | L2: 82.10% | L3: 78.34%
Epoch [4661/10000] Training Loss: 0.1861 Accuracy: 82.82% | L1: 85.38% | L2: 83.39% | L3: 79.70%
Epoch [4662/10000] Training Loss: 0.1861 Accuracy: 82.79% | L1: 85.22% | L2: 83.56% | L3: 79.57%
Validation Loss: 0.2055 
 Accuracy: 82.15% | L1: 85.84% | L2: 82.11% | L3: 78.51%
Epoch [4663/10000] Training Loss: 0.1854 Accuracy: 82.86% | L1: 85.27% | L2: 83.67% | L3: 79.64%
Epoch [4664/10000] Training Loss: 0.1860 Accuracy: 82.82% | L1: 85.31% | L2: 83.46% | L3: 79.70%
Validation Loss: 0.2058 
 Accuracy: 82.15% | L1: 85.99% | L2: 82.01% | L3: 78.45%
Epoch [4665/10000] Training Loss: 0.1853 Accuracy: 82.79% | L1: 85.19% | L2: 83.51% | L3: 79.67%
Epoch [4666/10000] Training Loss: 0.1864 Accuracy: 82.90% | L1: 85.44% | L2: 83.54% | L3: 79.71%
Validation Loss: 0.2065 
 Accuracy: 82.06% | L1: 86.05% | L2: 81.92% | L3: 78.22%
Epoch [4667/10000] Training Loss: 0.1859 Accuracy: 82.85% | L1: 85.32% | L2: 83.50% | L3: 79.73%
Epoch [4668/10000] Training Loss: 0.1850 Accuracy: 82.87% | L1: 85.38% | L2: 83.51% | L3: 79.72%
Validation Loss: 0.2051 
 Accuracy: 82.27% | L1: 86.17% | L2: 82.02% | L3: 78.62%
Epoch [4669/10000] Training Loss: 0.1866 Accuracy: 82.84% | L1: 85.41% | L2: 83.43% | L3: 79.69%
Epoch [4670/10000] Training Loss: 0.1855 Accuracy: 82.86% | L1: 85.26% | L2: 83.63% | L3: 79.69%
Validation Loss: 0.2073 
 Accuracy: 82.06% | L1: 85.89% | L2: 81.91% | L3: 78.38%
Epoch [4671/10000] Training Loss: 0.1858 Accuracy: 82.81% | L1: 85.26% | L2: 83.45% | L3: 79.73%
Epoch [4672/10000] Training Loss: 0.1864 Accuracy: 82.93% | L1: 85.50% | L2: 83.56% | L3: 79.74%
Validation Loss: 0.2041 
 Accuracy: 82.23% | L1: 86.03% | L2: 82.12% | L3: 78.53%
Epoch [4673/10000] Training Loss: 0.1861 Accuracy: 82.85% | L1: 85.31% | L2: 83.54% | L3: 79.71%
Epoch [4674/10000] Training Loss: 0.1849 Accuracy: 82.93% | L1: 85.33% | L2: 83.69% | L3: 79.77%
Validation Loss: 0.2075 
 Accuracy: 82.27% | L1: 86.13% | L2: 81.95% | L3: 78.72%
Epoch [4675/10000] Training Loss: 0.1857 Accuracy: 82.84% | L1: 85.31% | L2: 83.52% | L3: 79.71%
Epoch [4676/10000] Training Loss: 0.1857 Accuracy: 82.90% | L1: 85.40% | L2: 83.55% | L3: 79.75%
Validation Loss: 0.2055 
 Accuracy: 82.12% | L1: 86.07% | L2: 81.91% | L3: 78.39%
Epoch [4677/10000] Training Loss: 0.1853 Accuracy: 82.89% | L1: 85.41% | L2: 83.50% | L3: 79.77%
Epoch [4678/10000] Training Loss: 0.1858 Accuracy: 82.87% | L1: 85.30% | L2: 83.56% | L3: 79.77%
Validation Loss: 0.2061 
 Accuracy: 82.26% | L1: 85.97% | L2: 82.03% | L3: 78.79%
Epoch [4679/10000] Training Loss: 0.1854 Accuracy: 82.86% | L1: 85.19% | L2: 83.50% | L3: 79.89%
Epoch [4680/10000] Training Loss: 0.1848 Accuracy: 82.94% | L1: 85.38% | L2: 83.48% | L3: 79.94%
Validation Loss: 0.2077 
 Accuracy: 82.00% | L1: 85.78% | L2: 81.81% | L3: 78.42%
Epoch [4681/10000] Training Loss: 0.1854 Accuracy: 82.93% | L1: 85.34% | L2: 83.54% | L3: 79.92%
Epoch [4682/10000] Training Loss: 0.1843 Accuracy: 82.97% | L1: 85.37% | L2: 83.76% | L3: 79.79%
Validation Loss: 0.2056 
 Accuracy: 82.16% | L1: 85.78% | L2: 82.09% | L3: 78.61%
Epoch [4683/10000] Training Loss: 0.1854 Accuracy: 82.88% | L1: 85.30% | L2: 83.64% | L3: 79.72%
Epoch [4684/10000] Training Loss: 0.1851 Accuracy: 82.98% | L1: 85.50% | L2: 83.61% | L3: 79.82%
Validation Loss: 0.2055 
 Accuracy: 82.11% | L1: 85.82% | L2: 81.95% | L3: 78.55%
Epoch [4685/10000] Training Loss: 0.1847 Accuracy: 82.98% | L1: 85.43% | L2: 83.71% | L3: 79.79%
Epoch [4686/10000] Training Loss: 0.1840 Accuracy: 82.96% | L1: 85.21% | L2: 83.79% | L3: 79.90%
Validation Loss: 0.2059 
 Accuracy: 82.15% | L1: 85.87% | L2: 82.18% | L3: 78.41%
Epoch [4687/10000] Training Loss: 0.1847 Accuracy: 82.93% | L1: 85.33% | L2: 83.72% | L3: 79.73%
Epoch [4688/10000] Training Loss: 0.1850 Accuracy: 82.88% | L1: 85.26% | L2: 83.52% | L3: 79.86%
Validation Loss: 0.2067 
 Accuracy: 82.26% | L1: 86.00% | L2: 82.00% | L3: 78.78%
Epoch [4689/10000] Training Loss: 0.1843 Accuracy: 82.98% | L1: 85.43% | L2: 83.53% | L3: 79.98%
Epoch [4690/10000] Training Loss: 0.1843 Accuracy: 82.95% | L1: 85.29% | L2: 83.69% | L3: 79.87%
Validation Loss: 0.2073 
 Accuracy: 82.16% | L1: 85.87% | L2: 82.08% | L3: 78.53%
Epoch [4691/10000] Training Loss: 0.1843 Accuracy: 82.96% | L1: 85.30% | L2: 83.71% | L3: 79.87%
Epoch [4692/10000] Training Loss: 0.1844 Accuracy: 83.03% | L1: 85.48% | L2: 83.63% | L3: 79.97%
Validation Loss: 0.2048 
 Accuracy: 82.26% | L1: 85.65% | L2: 82.10% | L3: 79.05%
Epoch [4693/10000] Training Loss: 0.1842 Accuracy: 82.96% | L1: 85.26% | L2: 83.70% | L3: 79.92%
Epoch [4694/10000] Training Loss: 0.1851 Accuracy: 82.96% | L1: 85.48% | L2: 83.65% | L3: 79.76%
Validation Loss: 0.2081 
 Accuracy: 81.99% | L1: 85.83% | L2: 82.00% | L3: 78.15%
Epoch [4695/10000] Training Loss: 0.1840 Accuracy: 83.04% | L1: 85.39% | L2: 83.69% | L3: 80.04%
Epoch [4696/10000] Training Loss: 0.1838 Accuracy: 83.01% | L1: 85.19% | L2: 83.85% | L3: 79.99%
Validation Loss: 0.2043 
 Accuracy: 82.36% | L1: 85.99% | L2: 82.07% | L3: 79.01%
Epoch [4697/10000] Training Loss: 0.1842 Accuracy: 82.95% | L1: 85.26% | L2: 83.63% | L3: 79.95%
Epoch [4698/10000] Training Loss: 0.1838 Accuracy: 83.03% | L1: 85.32% | L2: 83.84% | L3: 79.92%
Validation Loss: 0.2071 
 Accuracy: 82.26% | L1: 85.87% | L2: 82.03% | L3: 78.88%
Epoch [4699/10000] Training Loss: 0.1843 Accuracy: 82.94% | L1: 85.29% | L2: 83.73% | L3: 79.80%
Epoch [4700/10000] Training Loss: 0.1831 Accuracy: 83.05% | L1: 85.24% | L2: 83.85% | L3: 80.05%
Checkpoint 'best_vit_model_every_100_epoch' saved at epoch 4700
Validation Loss: 0.2070 
 Accuracy: 82.02% | L1: 85.61% | L2: 82.00% | L3: 78.46%
Loading checkpoint from best_vit_model.pth...
DEBUG: No improvement for several epochs. Consider early stopping or adjusting training.
Changing training datasets...
Train indices changed: True
Epoch [4701/10000] Training Loss: 0.1940 Accuracy: 82.24% | L1: 85.20% | L2: 82.67% | L3: 78.86%
Epoch [4702/10000] Training Loss: 0.1934 Accuracy: 82.16% | L1: 85.00% | L2: 82.76% | L3: 78.73%
Validation Loss: 0.2013 
 Accuracy: 82.36% | L1: 85.88% | L2: 82.24% | L3: 78.97%
Checkpoint saved at epoch 4702
Epoch [4703/10000] Training Loss: 0.1924 Accuracy: 82.32% | L1: 85.18% | L2: 82.75% | L3: 79.04%
Epoch [4704/10000] Training Loss: 0.1926 Accuracy: 82.32% | L1: 85.22% | L2: 82.78% | L3: 78.96%
Validation Loss: 0.2007 
 Accuracy: 82.43% | L1: 85.84% | L2: 82.38% | L3: 79.06%
Checkpoint saved at epoch 4704
Epoch [4705/10000] Training Loss: 0.1919 Accuracy: 82.27% | L1: 85.07% | L2: 82.72% | L3: 79.01%
Epoch [4706/10000] Training Loss: 0.1924 Accuracy: 82.38% | L1: 85.30% | L2: 82.77% | L3: 79.08%
Validation Loss: 0.1996 
 Accuracy: 82.36% | L1: 86.04% | L2: 82.26% | L3: 78.77%
Checkpoint saved at epoch 4706
Epoch [4707/10000] Training Loss: 0.1913 Accuracy: 82.38% | L1: 85.24% | L2: 82.72% | L3: 79.17%
Epoch [4708/10000] Training Loss: 0.1917 Accuracy: 82.41% | L1: 85.28% | L2: 82.82% | L3: 79.12%
Validation Loss: 0.2016 
 Accuracy: 82.30% | L1: 86.04% | L2: 82.23% | L3: 78.62%
Epoch [4709/10000] Training Loss: 0.1907 Accuracy: 82.36% | L1: 85.06% | L2: 82.92% | L3: 79.10%
Epoch [4710/10000] Training Loss: 0.1917 Accuracy: 82.29% | L1: 85.10% | L2: 82.70% | L3: 79.08%
Validation Loss: 0.2024 
 Accuracy: 82.18% | L1: 85.72% | L2: 82.24% | L3: 78.58%
Epoch [4711/10000] Training Loss: 0.1907 Accuracy: 82.37% | L1: 85.10% | L2: 82.93% | L3: 79.06%
Epoch [4712/10000] Training Loss: 0.1909 Accuracy: 82.37% | L1: 85.17% | L2: 82.77% | L3: 79.16%
Validation Loss: 0.2003 
 Accuracy: 82.40% | L1: 86.03% | L2: 82.40% | L3: 78.77%
Epoch [4713/10000] Training Loss: 0.1905 Accuracy: 82.36% | L1: 84.97% | L2: 83.02% | L3: 79.08%
Epoch [4714/10000] Training Loss: 0.1910 Accuracy: 82.40% | L1: 85.12% | L2: 82.97% | L3: 79.12%
Validation Loss: 0.2023 
 Accuracy: 82.18% | L1: 85.91% | L2: 82.13% | L3: 78.48%
Epoch [4715/10000] Training Loss: 0.1907 Accuracy: 82.42% | L1: 85.16% | L2: 82.91% | L3: 79.19%
Epoch [4716/10000] Training Loss: 0.1904 Accuracy: 82.43% | L1: 85.12% | L2: 82.93% | L3: 79.23%
Validation Loss: 0.2007 
 Accuracy: 82.33% | L1: 85.71% | L2: 82.39% | L3: 78.90%
Epoch [4717/10000] Training Loss: 0.1907 Accuracy: 82.43% | L1: 85.22% | L2: 82.81% | L3: 79.26%
Epoch [4718/10000] Training Loss: 0.1903 Accuracy: 82.42% | L1: 85.19% | L2: 82.91% | L3: 79.16%
Validation Loss: 0.2007 
 Accuracy: 82.32% | L1: 85.90% | L2: 82.30% | L3: 78.78%
Epoch [4719/10000] Training Loss: 0.1916 Accuracy: 82.32% | L1: 85.07% | L2: 82.84% | L3: 79.05%
Epoch [4720/10000] Training Loss: 0.1893 Accuracy: 82.55% | L1: 85.30% | L2: 83.00% | L3: 79.35%
Validation Loss: 0.2014 
 Accuracy: 82.38% | L1: 85.79% | L2: 82.37% | L3: 78.99%
Epoch [4721/10000] Training Loss: 0.1899 Accuracy: 82.51% | L1: 85.34% | L2: 83.02% | L3: 79.16%
Epoch [4722/10000] Training Loss: 0.1893 Accuracy: 82.56% | L1: 85.10% | L2: 83.21% | L3: 79.36%
Validation Loss: 0.2020 
 Accuracy: 82.25% | L1: 85.69% | L2: 82.18% | L3: 78.88%
Epoch [4723/10000] Training Loss: 0.1899 Accuracy: 82.51% | L1: 85.25% | L2: 83.03% | L3: 79.26%
Epoch [4724/10000] Training Loss: 0.1895 Accuracy: 82.48% | L1: 85.22% | L2: 82.90% | L3: 79.34%
Validation Loss: 0.2034 
 Accuracy: 82.24% | L1: 86.03% | L2: 82.14% | L3: 78.53%
Epoch [4725/10000] Training Loss: 0.1889 Accuracy: 82.53% | L1: 85.19% | L2: 83.07% | L3: 79.33%
Epoch [4726/10000] Training Loss: 0.1893 Accuracy: 82.53% | L1: 85.18% | L2: 83.05% | L3: 79.35%
Validation Loss: 0.2006 
 Accuracy: 82.26% | L1: 85.69% | L2: 82.32% | L3: 78.76%
Epoch [4727/10000] Training Loss: 0.1889 Accuracy: 82.51% | L1: 85.17% | L2: 82.99% | L3: 79.38%
Epoch [4728/10000] Training Loss: 0.1890 Accuracy: 82.58% | L1: 85.23% | L2: 83.10% | L3: 79.42%
Validation Loss: 0.2050 
 Accuracy: 82.15% | L1: 86.25% | L2: 81.97% | L3: 78.24%
Epoch [4729/10000] Training Loss: 0.1891 Accuracy: 82.48% | L1: 85.04% | L2: 83.07% | L3: 79.33%
Epoch [4730/10000] Training Loss: 0.1892 Accuracy: 82.52% | L1: 85.12% | L2: 83.03% | L3: 79.40%
Validation Loss: 0.2007 
 Accuracy: 82.35% | L1: 85.87% | L2: 82.39% | L3: 78.80%
Epoch [4731/10000] Training Loss: 0.1891 Accuracy: 82.56% | L1: 85.23% | L2: 83.09% | L3: 79.35%
Epoch [4732/10000] Training Loss: 0.1881 Accuracy: 82.64% | L1: 85.16% | L2: 83.29% | L3: 79.46%
Validation Loss: 0.2011 
 Accuracy: 82.36% | L1: 85.94% | L2: 82.48% | L3: 78.66%
Epoch [4733/10000] Training Loss: 0.1892 Accuracy: 82.60% | L1: 85.30% | L2: 83.17% | L3: 79.33%
Epoch [4734/10000] Training Loss: 0.1884 Accuracy: 82.57% | L1: 85.14% | L2: 83.11% | L3: 79.46%
Validation Loss: 0.2031 
 Accuracy: 82.37% | L1: 85.80% | L2: 82.39% | L3: 78.92%
Epoch [4735/10000] Training Loss: 0.1880 Accuracy: 82.52% | L1: 85.14% | L2: 83.20% | L3: 79.23%
Epoch [4736/10000] Training Loss: 0.1882 Accuracy: 82.61% | L1: 85.19% | L2: 83.15% | L3: 79.48%
Validation Loss: 0.2041 
 Accuracy: 82.19% | L1: 85.95% | L2: 81.98% | L3: 78.65%
Epoch [4737/10000] Training Loss: 0.1878 Accuracy: 82.61% | L1: 85.22% | L2: 83.14% | L3: 79.47%
Epoch [4738/10000] Training Loss: 0.1885 Accuracy: 82.58% | L1: 85.20% | L2: 83.15% | L3: 79.38%
Validation Loss: 0.2014 
 Accuracy: 82.30% | L1: 85.78% | L2: 82.23% | L3: 78.90%
Epoch [4739/10000] Training Loss: 0.1877 Accuracy: 82.57% | L1: 84.95% | L2: 83.29% | L3: 79.46%
Epoch [4740/10000] Training Loss: 0.1889 Accuracy: 82.57% | L1: 85.15% | L2: 83.20% | L3: 79.37%
Validation Loss: 0.2043 
 Accuracy: 82.12% | L1: 85.85% | L2: 82.13% | L3: 78.36%
Epoch [4741/10000] Training Loss: 0.1882 Accuracy: 82.60% | L1: 85.22% | L2: 83.13% | L3: 79.45%
Epoch [4742/10000] Training Loss: 0.1873 Accuracy: 82.61% | L1: 85.12% | L2: 83.21% | L3: 79.51%
Validation Loss: 0.2034 
 Accuracy: 82.23% | L1: 85.85% | L2: 82.10% | L3: 78.74%
Epoch [4743/10000] Training Loss: 0.1876 Accuracy: 82.68% | L1: 85.17% | L2: 83.23% | L3: 79.63%
Epoch [4744/10000] Training Loss: 0.1886 Accuracy: 82.55% | L1: 85.08% | L2: 83.22% | L3: 79.36%
Validation Loss: 0.2020 
 Accuracy: 82.36% | L1: 85.95% | L2: 82.30% | L3: 78.83%
Epoch [4745/10000] Training Loss: 0.1872 Accuracy: 82.64% | L1: 85.07% | L2: 83.27% | L3: 79.58%
Epoch [4746/10000] Training Loss: 0.1878 Accuracy: 82.63% | L1: 85.13% | L2: 83.20% | L3: 79.56%
Validation Loss: 0.2027 
 Accuracy: 82.38% | L1: 85.80% | L2: 82.29% | L3: 79.05%
Epoch [4747/10000] Training Loss: 0.1875 Accuracy: 82.60% | L1: 85.03% | L2: 83.28% | L3: 79.49%
Epoch [4748/10000] Training Loss: 0.1876 Accuracy: 82.64% | L1: 85.19% | L2: 83.19% | L3: 79.53%
Validation Loss: 0.2019 
 Accuracy: 82.50% | L1: 85.94% | L2: 82.42% | L3: 79.15%
Epoch [4749/10000] Training Loss: 0.1870 Accuracy: 82.69% | L1: 85.20% | L2: 83.29% | L3: 79.57%
Epoch [4750/10000] Training Loss: 0.1868 Accuracy: 82.62% | L1: 85.11% | L2: 83.38% | L3: 79.38%
Validation Loss: 0.2029 
 Accuracy: 82.37% | L1: 85.89% | L2: 82.31% | L3: 78.89%
Epoch [4751/10000] Training Loss: 0.1872 Accuracy: 82.70% | L1: 85.20% | L2: 83.22% | L3: 79.68%
Epoch [4752/10000] Training Loss: 0.1875 Accuracy: 82.61% | L1: 85.09% | L2: 83.23% | L3: 79.51%
Validation Loss: 0.2031 
 Accuracy: 82.26% | L1: 85.77% | L2: 82.25% | L3: 78.77%
Epoch [4753/10000] Training Loss: 0.1873 Accuracy: 82.59% | L1: 85.05% | L2: 83.18% | L3: 79.53%
Epoch [4754/10000] Training Loss: 0.1868 Accuracy: 82.67% | L1: 85.19% | L2: 83.19% | L3: 79.64%
Validation Loss: 0.2026 
 Accuracy: 82.25% | L1: 85.59% | L2: 82.15% | L3: 79.01%
Epoch [4755/10000] Training Loss: 0.1862 Accuracy: 82.70% | L1: 85.11% | L2: 83.40% | L3: 79.60%
Epoch [4756/10000] Training Loss: 0.1865 Accuracy: 82.66% | L1: 85.10% | L2: 83.41% | L3: 79.46%
Validation Loss: 0.2050 
 Accuracy: 82.13% | L1: 85.79% | L2: 82.07% | L3: 78.54%
Epoch [4757/10000] Training Loss: 0.1861 Accuracy: 82.72% | L1: 85.11% | L2: 83.52% | L3: 79.55%
Epoch [4758/10000] Training Loss: 0.1866 Accuracy: 82.74% | L1: 85.13% | L2: 83.39% | L3: 79.69%
Validation Loss: 0.2019 
 Accuracy: 82.28% | L1: 85.71% | L2: 82.16% | L3: 78.97%
Epoch [4759/10000] Training Loss: 0.1865 Accuracy: 82.71% | L1: 85.21% | L2: 83.31% | L3: 79.60%
Epoch [4760/10000] Training Loss: 0.1862 Accuracy: 82.77% | L1: 85.17% | L2: 83.40% | L3: 79.73%
Validation Loss: 0.2034 
 Accuracy: 82.17% | L1: 85.77% | L2: 82.18% | L3: 78.55%
Epoch [4761/10000] Training Loss: 0.1861 Accuracy: 82.76% | L1: 85.28% | L2: 83.26% | L3: 79.74%
Epoch [4762/10000] Training Loss: 0.1857 Accuracy: 82.75% | L1: 85.14% | L2: 83.40% | L3: 79.71%
Validation Loss: 0.2033 
 Accuracy: 82.44% | L1: 85.83% | L2: 82.27% | L3: 79.22%
Epoch [4763/10000] Training Loss: 0.1862 Accuracy: 82.69% | L1: 85.13% | L2: 83.35% | L3: 79.60%
Epoch [4764/10000] Training Loss: 0.1862 Accuracy: 82.75% | L1: 85.19% | L2: 83.42% | L3: 79.64%
Validation Loss: 0.2041 
 Accuracy: 82.22% | L1: 85.97% | L2: 82.18% | L3: 78.50%
Epoch [4765/10000] Training Loss: 0.1863 Accuracy: 82.70% | L1: 85.19% | L2: 83.27% | L3: 79.64%
Epoch [4766/10000] Training Loss: 0.1855 Accuracy: 82.79% | L1: 85.23% | L2: 83.51% | L3: 79.64%
Validation Loss: 0.2040 
 Accuracy: 82.38% | L1: 85.66% | L2: 82.24% | L3: 79.23%
Epoch [4767/10000] Training Loss: 0.1861 Accuracy: 82.74% | L1: 85.20% | L2: 83.36% | L3: 79.65%
Epoch [4768/10000] Training Loss: 0.1860 Accuracy: 82.70% | L1: 85.06% | L2: 83.49% | L3: 79.55%
Validation Loss: 0.2057 
 Accuracy: 82.25% | L1: 85.87% | L2: 82.09% | L3: 78.79%
Epoch [4769/10000] Training Loss: 0.1846 Accuracy: 82.86% | L1: 85.24% | L2: 83.49% | L3: 79.85%
Epoch [4770/10000] Training Loss: 0.1851 Accuracy: 82.80% | L1: 85.20% | L2: 83.44% | L3: 79.78%
Validation Loss: 0.2042 
 Accuracy: 82.24% | L1: 85.82% | L2: 82.19% | L3: 78.72%
Epoch [4771/10000] Training Loss: 0.1861 Accuracy: 82.75% | L1: 85.08% | L2: 83.51% | L3: 79.66%
Epoch [4772/10000] Training Loss: 0.1850 Accuracy: 82.76% | L1: 85.11% | L2: 83.49% | L3: 79.69%
Validation Loss: 0.2043 
 Accuracy: 82.25% | L1: 85.66% | L2: 82.19% | L3: 78.89%
Epoch [4773/10000] Training Loss: 0.1846 Accuracy: 82.83% | L1: 85.18% | L2: 83.51% | L3: 79.81%
Epoch [4774/10000] Training Loss: 0.1848 Accuracy: 82.74% | L1: 84.95% | L2: 83.45% | L3: 79.81%
Validation Loss: 0.2068 
 Accuracy: 82.03% | L1: 85.77% | L2: 81.87% | L3: 78.45%
Epoch [4775/10000] Training Loss: 0.1849 Accuracy: 82.81% | L1: 85.15% | L2: 83.61% | L3: 79.66%
Epoch [4776/10000] Training Loss: 0.1848 Accuracy: 82.81% | L1: 85.28% | L2: 83.36% | L3: 79.80%
Validation Loss: 0.2068 
 Accuracy: 82.24% | L1: 85.85% | L2: 82.00% | L3: 78.86%
Epoch [4777/10000] Training Loss: 0.1858 Accuracy: 82.76% | L1: 85.23% | L2: 83.49% | L3: 79.56%
Epoch [4778/10000] Training Loss: 0.1842 Accuracy: 82.80% | L1: 85.08% | L2: 83.55% | L3: 79.75%
Validation Loss: 0.2035 
 Accuracy: 82.23% | L1: 85.89% | L2: 82.19% | L3: 78.62%
Epoch [4779/10000] Training Loss: 0.1852 Accuracy: 82.80% | L1: 85.13% | L2: 83.40% | L3: 79.86%
Epoch [4780/10000] Training Loss: 0.1844 Accuracy: 82.83% | L1: 85.08% | L2: 83.45% | L3: 79.94%
Validation Loss: 0.2039 
 Accuracy: 82.17% | L1: 85.71% | L2: 82.18% | L3: 78.61%
Epoch [4781/10000] Training Loss: 0.1844 Accuracy: 82.82% | L1: 85.09% | L2: 83.50% | L3: 79.88%
Epoch [4782/10000] Training Loss: 0.1847 Accuracy: 82.81% | L1: 85.23% | L2: 83.53% | L3: 79.66%
Validation Loss: 0.2037 
 Accuracy: 82.39% | L1: 86.11% | L2: 82.40% | L3: 78.65%
Epoch [4783/10000] Training Loss: 0.1841 Accuracy: 82.86% | L1: 85.06% | L2: 83.58% | L3: 79.94%
Epoch [4784/10000] Training Loss: 0.1846 Accuracy: 82.90% | L1: 85.35% | L2: 83.53% | L3: 79.83%
Validation Loss: 0.2061 
 Accuracy: 82.13% | L1: 85.83% | L2: 82.10% | L3: 78.47%
Epoch [4785/10000] Training Loss: 0.1845 Accuracy: 82.73% | L1: 84.94% | L2: 83.56% | L3: 79.70%
Epoch [4786/10000] Training Loss: 0.1842 Accuracy: 82.89% | L1: 85.22% | L2: 83.56% | L3: 79.89%
Validation Loss: 0.2036 
 Accuracy: 82.34% | L1: 85.93% | L2: 82.20% | L3: 78.88%
Epoch [4787/10000] Training Loss: 0.1848 Accuracy: 82.83% | L1: 85.11% | L2: 83.54% | L3: 79.86%
Epoch [4788/10000] Training Loss: 0.1841 Accuracy: 82.84% | L1: 84.98% | L2: 83.73% | L3: 79.80%
Validation Loss: 0.2064 
 Accuracy: 82.06% | L1: 85.83% | L2: 81.99% | L3: 78.37%
Epoch [4789/10000] Training Loss: 0.1837 Accuracy: 82.89% | L1: 85.17% | L2: 83.60% | L3: 79.91%
Epoch [4790/10000] Training Loss: 0.1836 Accuracy: 82.87% | L1: 85.24% | L2: 83.57% | L3: 79.82%
Validation Loss: 0.2045 
 Accuracy: 82.19% | L1: 85.93% | L2: 82.04% | L3: 78.59%
Epoch [4791/10000] Training Loss: 0.1836 Accuracy: 82.93% | L1: 85.26% | L2: 83.68% | L3: 79.84%
Epoch [4792/10000] Training Loss: 0.1844 Accuracy: 82.83% | L1: 85.08% | L2: 83.47% | L3: 79.93%
Validation Loss: 0.2042 
 Accuracy: 82.26% | L1: 85.77% | L2: 82.15% | L3: 78.86%
Epoch [4793/10000] Training Loss: 0.1840 Accuracy: 82.88% | L1: 85.06% | L2: 83.71% | L3: 79.86%
Epoch [4794/10000] Training Loss: 0.1839 Accuracy: 82.85% | L1: 85.13% | L2: 83.57% | L3: 79.84%
Validation Loss: 0.2055 
 Accuracy: 82.19% | L1: 86.09% | L2: 82.07% | L3: 78.42%
Epoch [4795/10000] Training Loss: 0.1835 Accuracy: 82.93% | L1: 85.22% | L2: 83.64% | L3: 79.92%
Epoch [4796/10000] Training Loss: 0.1836 Accuracy: 82.92% | L1: 85.12% | L2: 83.68% | L3: 79.96%
Validation Loss: 0.2046 
 Accuracy: 82.19% | L1: 86.01% | L2: 82.12% | L3: 78.42%
Epoch [4797/10000] Training Loss: 0.1841 Accuracy: 82.92% | L1: 85.31% | L2: 83.54% | L3: 79.91%
Epoch [4798/10000] Training Loss: 0.1839 Accuracy: 82.91% | L1: 85.08% | L2: 83.66% | L3: 80.00%
Validation Loss: 0.2086 
 Accuracy: 82.10% | L1: 86.04% | L2: 81.89% | L3: 78.36%
Epoch [4799/10000] Training Loss: 0.1835 Accuracy: 82.90% | L1: 85.10% | L2: 83.61% | L3: 79.98%
Epoch [4800/10000] Training Loss: 0.1831 Accuracy: 82.88% | L1: 85.05% | L2: 83.70% | L3: 79.90%
Checkpoint 'best_vit_model_every_100_epoch' saved at epoch 4800
Validation Loss: 0.2051 
 Accuracy: 82.30% | L1: 85.94% | L2: 82.17% | L3: 78.79%
Epoch [4801/10000] Training Loss: 0.1832 Accuracy: 82.91% | L1: 85.14% | L2: 83.64% | L3: 79.96%
Epoch [4802/10000] Training Loss: 0.1830 Accuracy: 83.02% | L1: 85.26% | L2: 83.84% | L3: 79.96%
Validation Loss: 0.2075 
 Accuracy: 81.98% | L1: 85.56% | L2: 81.93% | L3: 78.45%
Epoch [4803/10000] Training Loss: 0.1826 Accuracy: 82.92% | L1: 85.02% | L2: 83.77% | L3: 79.98%
Epoch [4804/10000] Training Loss: 0.1830 Accuracy: 82.91% | L1: 85.08% | L2: 83.66% | L3: 80.00%
Validation Loss: 0.2080 
 Accuracy: 82.10% | L1: 85.77% | L2: 82.10% | L3: 78.43%
Epoch [4805/10000] Training Loss: 0.1831 Accuracy: 82.96% | L1: 85.22% | L2: 83.66% | L3: 80.00%
Epoch [4806/10000] Training Loss: 0.1821 Accuracy: 83.02% | L1: 85.14% | L2: 83.87% | L3: 80.03%
Validation Loss: 0.2045 
 Accuracy: 82.19% | L1: 85.70% | L2: 82.12% | L3: 78.74%
Loading checkpoint from best_vit_model.pth...
DEBUG: No improvement for several epochs. Consider early stopping or adjusting training.
Changing training datasets...
Train indices changed: True
Changing validation datasets...
Validation indices changed: True
Epoch [4807/10000] Training Loss: 0.1943 Accuracy: 82.25% | L1: 85.34% | L2: 82.57% | L3: 78.84%
Epoch [4808/10000] Training Loss: 0.1935 Accuracy: 82.34% | L1: 85.49% | L2: 82.60% | L3: 78.92%
Validation Loss: 0.1971 
 Accuracy: 82.55% | L1: 85.75% | L2: 82.59% | L3: 79.30%
Checkpoint saved at epoch 4808
Epoch [4809/10000] Training Loss: 0.1937 Accuracy: 82.37% | L1: 85.56% | L2: 82.67% | L3: 78.89%
Epoch [4810/10000] Training Loss: 0.1932 Accuracy: 82.32% | L1: 85.40% | L2: 82.61% | L3: 78.94%
Validation Loss: 0.2008 
 Accuracy: 82.36% | L1: 85.69% | L2: 82.27% | L3: 79.12%
Epoch [4811/10000] Training Loss: 0.1936 Accuracy: 82.33% | L1: 85.45% | L2: 82.60% | L3: 78.94%
Epoch [4812/10000] Training Loss: 0.1934 Accuracy: 82.28% | L1: 85.18% | L2: 82.70% | L3: 78.96%
Validation Loss: 0.1983 
 Accuracy: 82.28% | L1: 85.60% | L2: 82.29% | L3: 78.95%
Epoch [4813/10000] Training Loss: 0.1935 Accuracy: 82.33% | L1: 85.31% | L2: 82.80% | L3: 78.88%
Epoch [4814/10000] Training Loss: 0.1924 Accuracy: 82.45% | L1: 85.45% | L2: 82.91% | L3: 79.01%
Validation Loss: 0.2005 
 Accuracy: 82.25% | L1: 85.64% | L2: 82.26% | L3: 78.86%
Epoch [4815/10000] Training Loss: 0.1920 Accuracy: 82.39% | L1: 85.30% | L2: 82.96% | L3: 78.92%
Epoch [4816/10000] Training Loss: 0.1926 Accuracy: 82.41% | L1: 85.50% | L2: 82.84% | L3: 78.88%
Validation Loss: 0.2008 
 Accuracy: 82.30% | L1: 85.44% | L2: 82.31% | L3: 79.16%
Epoch [4817/10000] Training Loss: 0.1909 Accuracy: 82.59% | L1: 85.63% | L2: 82.94% | L3: 79.18%
Epoch [4818/10000] Training Loss: 0.1915 Accuracy: 82.44% | L1: 85.42% | L2: 82.81% | L3: 79.10%
Validation Loss: 0.2019 
 Accuracy: 82.19% | L1: 85.72% | L2: 82.09% | L3: 78.77%
Epoch [4819/10000] Training Loss: 0.1923 Accuracy: 82.43% | L1: 85.41% | L2: 82.88% | L3: 78.99%
Epoch [4820/10000] Training Loss: 0.1920 Accuracy: 82.46% | L1: 85.51% | L2: 82.77% | L3: 79.10%
Validation Loss: 0.2018 
 Accuracy: 82.11% | L1: 85.40% | L2: 82.11% | L3: 78.82%
Epoch [4821/10000] Training Loss: 0.1911 Accuracy: 82.55% | L1: 85.49% | L2: 82.93% | L3: 79.22%
Epoch [4822/10000] Training Loss: 0.1912 Accuracy: 82.55% | L1: 85.49% | L2: 82.90% | L3: 79.25%
Validation Loss: 0.2004 
 Accuracy: 82.26% | L1: 85.57% | L2: 82.37% | L3: 78.84%
Epoch [4823/10000] Training Loss: 0.1921 Accuracy: 82.46% | L1: 85.38% | L2: 82.83% | L3: 79.17%
Epoch [4824/10000] Training Loss: 0.1909 Accuracy: 82.46% | L1: 85.25% | L2: 82.92% | L3: 79.20%
Validation Loss: 0.2017 
 Accuracy: 82.22% | L1: 85.82% | L2: 82.12% | L3: 78.70%
Epoch [4825/10000] Training Loss: 0.1915 Accuracy: 82.46% | L1: 85.33% | L2: 82.92% | L3: 79.13%
Epoch [4826/10000] Training Loss: 0.1908 Accuracy: 82.52% | L1: 85.42% | L2: 82.98% | L3: 79.16%
Validation Loss: 0.2009 
 Accuracy: 82.22% | L1: 85.72% | L2: 82.32% | L3: 78.62%
Epoch [4827/10000] Training Loss: 0.1904 Accuracy: 82.56% | L1: 85.40% | L2: 82.95% | L3: 79.32%
Epoch [4828/10000] Training Loss: 0.1908 Accuracy: 82.54% | L1: 85.47% | L2: 82.92% | L3: 79.25%
Validation Loss: 0.2006 
 Accuracy: 82.35% | L1: 85.70% | L2: 82.24% | L3: 79.11%
Epoch [4829/10000] Training Loss: 0.1906 Accuracy: 82.60% | L1: 85.56% | L2: 83.04% | L3: 79.21%
Epoch [4830/10000] Training Loss: 0.1911 Accuracy: 82.60% | L1: 85.53% | L2: 83.00% | L3: 79.27%
Validation Loss: 0.2000 
 Accuracy: 82.39% | L1: 85.88% | L2: 82.24% | L3: 79.04%
Epoch [4831/10000] Training Loss: 0.1896 Accuracy: 82.57% | L1: 85.48% | L2: 82.89% | L3: 79.35%
Epoch [4832/10000] Training Loss: 0.1895 Accuracy: 82.56% | L1: 85.28% | L2: 83.08% | L3: 79.33%
Validation Loss: 0.2003 
 Accuracy: 82.28% | L1: 85.72% | L2: 82.36% | L3: 78.76%
Epoch [4833/10000] Training Loss: 0.1897 Accuracy: 82.58% | L1: 85.38% | L2: 83.08% | L3: 79.28%
Epoch [4834/10000] Training Loss: 0.1899 Accuracy: 82.73% | L1: 85.69% | L2: 83.17% | L3: 79.34%
Validation Loss: 0.2015 
 Accuracy: 82.25% | L1: 85.52% | L2: 82.27% | L3: 78.97%
Epoch [4835/10000] Training Loss: 0.1901 Accuracy: 82.57% | L1: 85.43% | L2: 83.07% | L3: 79.21%
Epoch [4836/10000] Training Loss: 0.1898 Accuracy: 82.63% | L1: 85.57% | L2: 82.88% | L3: 79.43%
Validation Loss: 0.2008 
 Accuracy: 82.40% | L1: 85.76% | L2: 82.27% | L3: 79.16%
Epoch [4837/10000] Training Loss: 0.1903 Accuracy: 82.57% | L1: 85.48% | L2: 82.92% | L3: 79.33%
Epoch [4838/10000] Training Loss: 0.1897 Accuracy: 82.64% | L1: 85.50% | L2: 83.05% | L3: 79.36%
Validation Loss: 0.2031 
 Accuracy: 82.18% | L1: 85.59% | L2: 82.07% | L3: 78.88%
Epoch [4839/10000] Training Loss: 0.1901 Accuracy: 82.59% | L1: 85.41% | L2: 83.06% | L3: 79.31%
Epoch [4840/10000] Training Loss: 0.1892 Accuracy: 82.65% | L1: 85.45% | L2: 83.08% | L3: 79.41%
Validation Loss: 0.2009 
 Accuracy: 82.27% | L1: 85.81% | L2: 82.25% | L3: 78.75%
Epoch [4841/10000] Training Loss: 0.1880 Accuracy: 82.74% | L1: 85.52% | L2: 83.23% | L3: 79.47%
Epoch [4842/10000] Training Loss: 0.1889 Accuracy: 82.73% | L1: 85.66% | L2: 83.10% | L3: 79.42%
Validation Loss: 0.2005 
 Accuracy: 82.45% | L1: 85.61% | L2: 82.39% | L3: 79.34%
Epoch [4843/10000] Training Loss: 0.1898 Accuracy: 82.58% | L1: 85.41% | L2: 83.10% | L3: 79.23%
Epoch [4844/10000] Training Loss: 0.1891 Accuracy: 82.63% | L1: 85.42% | L2: 83.18% | L3: 79.30%
Validation Loss: 0.1998 
 Accuracy: 82.37% | L1: 85.81% | L2: 82.34% | L3: 78.96%
Epoch [4845/10000] Training Loss: 0.1882 Accuracy: 82.74% | L1: 85.52% | L2: 83.07% | L3: 79.63%
Epoch [4846/10000] Training Loss: 0.1887 Accuracy: 82.68% | L1: 85.35% | L2: 83.28% | L3: 79.40%
Validation Loss: 0.2017 
 Accuracy: 82.22% | L1: 85.75% | L2: 82.02% | L3: 78.89%
Epoch [4847/10000] Training Loss: 0.1878 Accuracy: 82.71% | L1: 85.39% | L2: 83.29% | L3: 79.45%
Epoch [4848/10000] Training Loss: 0.1887 Accuracy: 82.78% | L1: 85.74% | L2: 83.27% | L3: 79.32%
Validation Loss: 0.2060 
 Accuracy: 81.94% | L1: 85.54% | L2: 81.87% | L3: 78.42%
Epoch [4849/10000] Training Loss: 0.1881 Accuracy: 82.71% | L1: 85.31% | L2: 83.30% | L3: 79.50%
Epoch [4850/10000] Training Loss: 0.1889 Accuracy: 82.70% | L1: 85.50% | L2: 83.15% | L3: 79.44%
Validation Loss: 0.2044 
 Accuracy: 82.02% | L1: 85.44% | L2: 81.96% | L3: 78.65%
Epoch [4851/10000] Training Loss: 0.1879 Accuracy: 82.76% | L1: 85.49% | L2: 83.30% | L3: 79.48%
Epoch [4852/10000] Training Loss: 0.1888 Accuracy: 82.69% | L1: 85.46% | L2: 83.15% | L3: 79.46%
Validation Loss: 0.2014 
 Accuracy: 82.31% | L1: 85.88% | L2: 82.21% | L3: 78.84%
Epoch [4853/10000] Training Loss: 0.1879 Accuracy: 82.75% | L1: 85.48% | L2: 83.30% | L3: 79.46%
Epoch [4854/10000] Training Loss: 0.1876 Accuracy: 82.83% | L1: 85.59% | L2: 83.37% | L3: 79.53%
Validation Loss: 0.2049 
 Accuracy: 81.96% | L1: 85.46% | L2: 82.11% | L3: 78.30%
Epoch [4855/10000] Training Loss: 0.1873 Accuracy: 82.72% | L1: 85.29% | L2: 83.22% | L3: 79.66%
Epoch [4856/10000] Training Loss: 0.1865 Accuracy: 82.84% | L1: 85.50% | L2: 83.38% | L3: 79.65%
Validation Loss: 0.2019 
 Accuracy: 82.30% | L1: 85.66% | L2: 82.28% | L3: 78.96%
Epoch [4857/10000] Training Loss: 0.1875 Accuracy: 82.68% | L1: 85.36% | L2: 83.24% | L3: 79.44%
Epoch [4858/10000] Training Loss: 0.1875 Accuracy: 82.78% | L1: 85.46% | L2: 83.32% | L3: 79.57%
Validation Loss: 0.2013 
 Accuracy: 82.27% | L1: 85.66% | L2: 82.23% | L3: 78.93%
Epoch [4859/10000] Training Loss: 0.1876 Accuracy: 82.82% | L1: 85.58% | L2: 83.33% | L3: 79.57%
Epoch [4860/10000] Training Loss: 0.1872 Accuracy: 82.72% | L1: 85.32% | L2: 83.31% | L3: 79.54%
Validation Loss: 0.2038 
 Accuracy: 82.31% | L1: 85.84% | L2: 82.19% | L3: 78.89%
Epoch [4861/10000] Training Loss: 0.1865 Accuracy: 82.82% | L1: 85.38% | L2: 83.36% | L3: 79.71%
Epoch [4862/10000] Training Loss: 0.1875 Accuracy: 82.75% | L1: 85.49% | L2: 83.27% | L3: 79.48%
Validation Loss: 0.2033 
 Accuracy: 82.32% | L1: 85.55% | L2: 82.21% | L3: 79.19%
Epoch [4863/10000] Training Loss: 0.1872 Accuracy: 82.76% | L1: 85.37% | L2: 83.31% | L3: 79.62%
Epoch [4864/10000] Training Loss: 0.1867 Accuracy: 82.76% | L1: 85.41% | L2: 83.28% | L3: 79.57%
Validation Loss: 0.2029 
 Accuracy: 82.10% | L1: 85.50% | L2: 82.04% | L3: 78.76%
Epoch [4865/10000] Training Loss: 0.1869 Accuracy: 82.83% | L1: 85.52% | L2: 83.28% | L3: 79.69%
Epoch [4866/10000] Training Loss: 0.1866 Accuracy: 82.81% | L1: 85.36% | L2: 83.43% | L3: 79.63%
Validation Loss: 0.2028 
 Accuracy: 82.32% | L1: 85.92% | L2: 82.19% | L3: 78.84%
Epoch [4867/10000] Training Loss: 0.1872 Accuracy: 82.78% | L1: 85.49% | L2: 83.26% | L3: 79.60%
Epoch [4868/10000] Training Loss: 0.1869 Accuracy: 82.78% | L1: 85.37% | L2: 83.41% | L3: 79.56%
Validation Loss: 0.2026 
 Accuracy: 82.20% | L1: 85.67% | L2: 82.23% | L3: 78.70%
Epoch [4869/10000] Training Loss: 0.1872 Accuracy: 82.82% | L1: 85.48% | L2: 83.39% | L3: 79.59%
Epoch [4870/10000] Training Loss: 0.1868 Accuracy: 82.81% | L1: 85.46% | L2: 83.39% | L3: 79.60%
Validation Loss: 0.2034 
 Accuracy: 82.17% | L1: 85.72% | L2: 82.02% | L3: 78.76%
Epoch [4871/10000] Training Loss: 0.1859 Accuracy: 82.84% | L1: 85.39% | L2: 83.48% | L3: 79.64%
Epoch [4872/10000] Training Loss: 0.1863 Accuracy: 82.85% | L1: 85.40% | L2: 83.47% | L3: 79.67%
Validation Loss: 0.2041 
 Accuracy: 82.09% | L1: 85.72% | L2: 82.04% | L3: 78.50%
Epoch [4873/10000] Training Loss: 0.1862 Accuracy: 82.87% | L1: 85.48% | L2: 83.42% | L3: 79.71%
Epoch [4874/10000] Training Loss: 0.1872 Accuracy: 82.84% | L1: 85.60% | L2: 83.37% | L3: 79.56%
Validation Loss: 0.2019 
 Accuracy: 82.33% | L1: 85.66% | L2: 82.27% | L3: 79.06%
Epoch [4875/10000] Training Loss: 0.1863 Accuracy: 82.85% | L1: 85.41% | L2: 83.55% | L3: 79.58%
Epoch [4876/10000] Training Loss: 0.1867 Accuracy: 82.92% | L1: 85.65% | L2: 83.43% | L3: 79.68%
Validation Loss: 0.2024 
 Accuracy: 82.41% | L1: 85.88% | L2: 82.11% | L3: 79.23%
Epoch [4877/10000] Training Loss: 0.1869 Accuracy: 82.90% | L1: 85.59% | L2: 83.43% | L3: 79.69%
Epoch [4878/10000] Training Loss: 0.1866 Accuracy: 82.91% | L1: 85.59% | L2: 83.49% | L3: 79.64%
Validation Loss: 0.2041 
 Accuracy: 82.15% | L1: 85.63% | L2: 81.90% | L3: 78.90%
Epoch [4879/10000] Training Loss: 0.1856 Accuracy: 82.89% | L1: 85.39% | L2: 83.57% | L3: 79.69%
Epoch [4880/10000] Training Loss: 0.1860 Accuracy: 82.85% | L1: 85.41% | L2: 83.41% | L3: 79.73%
Validation Loss: 0.2037 
 Accuracy: 82.18% | L1: 85.55% | L2: 82.18% | L3: 78.81%
Epoch [4881/10000] Training Loss: 0.1854 Accuracy: 82.95% | L1: 85.52% | L2: 83.54% | L3: 79.79%
Epoch [4882/10000] Training Loss: 0.1853 Accuracy: 82.91% | L1: 85.50% | L2: 83.58% | L3: 79.66%
Validation Loss: 0.2043 
 Accuracy: 82.16% | L1: 85.69% | L2: 81.96% | L3: 78.85%
Epoch [4883/10000] Training Loss: 0.1861 Accuracy: 82.86% | L1: 85.41% | L2: 83.45% | L3: 79.72%
Epoch [4884/10000] Training Loss: 0.1860 Accuracy: 82.86% | L1: 85.45% | L2: 83.49% | L3: 79.65%
Validation Loss: 0.2056 
 Accuracy: 82.04% | L1: 85.63% | L2: 82.04% | L3: 78.46%
Epoch [4885/10000] Training Loss: 0.1857 Accuracy: 82.93% | L1: 85.50% | L2: 83.45% | L3: 79.83%
Epoch [4886/10000] Training Loss: 0.1857 Accuracy: 82.89% | L1: 85.41% | L2: 83.56% | L3: 79.72%
Validation Loss: 0.2031 
 Accuracy: 82.31% | L1: 85.84% | L2: 82.12% | L3: 78.97%
Epoch [4887/10000] Training Loss: 0.1854 Accuracy: 82.96% | L1: 85.60% | L2: 83.50% | L3: 79.77%
Epoch [4888/10000] Training Loss: 0.1856 Accuracy: 82.87% | L1: 85.35% | L2: 83.51% | L3: 79.75%
Validation Loss: 0.2056 
 Accuracy: 82.21% | L1: 86.06% | L2: 81.98% | L3: 78.59%
Epoch [4889/10000] Training Loss: 0.1851 Accuracy: 82.89% | L1: 85.42% | L2: 83.51% | L3: 79.76%
Epoch [4890/10000] Training Loss: 0.1849 Accuracy: 82.98% | L1: 85.43% | L2: 83.60% | L3: 79.90%
Validation Loss: 0.2046 
 Accuracy: 82.32% | L1: 85.61% | L2: 82.08% | L3: 79.26%
Epoch [4891/10000] Training Loss: 0.1855 Accuracy: 82.80% | L1: 85.17% | L2: 83.45% | L3: 79.78%
Epoch [4892/10000] Training Loss: 0.1847 Accuracy: 82.99% | L1: 85.45% | L2: 83.60% | L3: 79.91%
Validation Loss: 0.2054 
 Accuracy: 82.21% | L1: 85.97% | L2: 82.00% | L3: 78.67%
Epoch [4893/10000] Training Loss: 0.1840 Accuracy: 82.96% | L1: 85.38% | L2: 83.65% | L3: 79.86%
Epoch [4894/10000] Training Loss: 0.1850 Accuracy: 82.96% | L1: 85.52% | L2: 83.52% | L3: 79.83%
Validation Loss: 0.2063 
 Accuracy: 82.14% | L1: 85.85% | L2: 81.95% | L3: 78.63%
Epoch [4895/10000] Training Loss: 0.1852 Accuracy: 82.98% | L1: 85.61% | L2: 83.56% | L3: 79.76%
Epoch [4896/10000] Training Loss: 0.1854 Accuracy: 82.90% | L1: 85.32% | L2: 83.63% | L3: 79.74%
Validation Loss: 0.2044 
 Accuracy: 82.22% | L1: 85.59% | L2: 82.11% | L3: 78.96%
Epoch [4897/10000] Training Loss: 0.1845 Accuracy: 82.96% | L1: 85.41% | L2: 83.51% | L3: 79.96%
Epoch [4898/10000] Training Loss: 0.1851 Accuracy: 82.93% | L1: 85.34% | L2: 83.64% | L3: 79.79%
Validation Loss: 0.2043 
 Accuracy: 82.23% | L1: 85.51% | L2: 82.18% | L3: 79.00%
Epoch [4899/10000] Training Loss: 0.1841 Accuracy: 83.01% | L1: 85.47% | L2: 83.68% | L3: 79.87%
Epoch [4900/10000] Training Loss: 0.1838 Accuracy: 83.01% | L1: 85.35% | L2: 83.72% | L3: 79.96%
Checkpoint 'best_vit_model_every_100_epoch' saved at epoch 4900
Validation Loss: 0.2053 
 Accuracy: 82.17% | L1: 85.76% | L2: 81.97% | L3: 78.78%
Epoch [4901/10000] Training Loss: 0.1845 Accuracy: 82.97% | L1: 85.37% | L2: 83.64% | L3: 79.90%
Epoch [4902/10000] Training Loss: 0.1840 Accuracy: 83.01% | L1: 85.44% | L2: 83.64% | L3: 79.93%
Validation Loss: 0.2044 
 Accuracy: 82.29% | L1: 85.70% | L2: 82.07% | L3: 79.09%
Epoch [4903/10000] Training Loss: 0.1846 Accuracy: 82.99% | L1: 85.48% | L2: 83.59% | L3: 79.91%
Epoch [4904/10000] Training Loss: 0.1841 Accuracy: 83.00% | L1: 85.31% | L2: 83.73% | L3: 79.96%
Validation Loss: 0.2064 
 Accuracy: 81.99% | L1: 85.42% | L2: 81.99% | L3: 78.55%
Epoch [4905/10000] Training Loss: 0.1835 Accuracy: 83.06% | L1: 85.54% | L2: 83.71% | L3: 79.92%
Epoch [4906/10000] Training Loss: 0.1839 Accuracy: 83.09% | L1: 85.66% | L2: 83.63% | L3: 80.00%
Validation Loss: 0.2063 
 Accuracy: 82.09% | L1: 85.58% | L2: 81.93% | L3: 78.76%
Epoch [4907/10000] Training Loss: 0.1828 Accuracy: 83.06% | L1: 85.43% | L2: 83.90% | L3: 79.86%
Epoch [4908/10000] Training Loss: 0.1833 Accuracy: 82.99% | L1: 85.33% | L2: 83.66% | L3: 79.98%
Validation Loss: 0.2054 
 Accuracy: 82.12% | L1: 85.62% | L2: 81.98% | L3: 78.75%
Loading checkpoint from best_vit_model.pth...
DEBUG: No improvement for several epochs. Consider early stopping or adjusting training.
Changing training datasets...
Train indices changed: True
Epoch [4909/10000] Training Loss: 0.1943 Accuracy: 82.33% | L1: 85.33% | L2: 82.69% | L3: 78.99%
Epoch [4910/10000] Training Loss: 0.1938 Accuracy: 82.33% | L1: 85.34% | L2: 82.80% | L3: 78.86%
Validation Loss: 0.2011 
 Accuracy: 82.20% | L1: 85.66% | L2: 82.27% | L3: 78.66%
Checkpoint saved at epoch 4910
Epoch [4911/10000] Training Loss: 0.1931 Accuracy: 82.33% | L1: 85.18% | L2: 82.80% | L3: 79.01%
Epoch [4912/10000] Training Loss: 0.1929 Accuracy: 82.35% | L1: 85.19% | L2: 82.83% | L3: 79.04%
Validation Loss: 0.1998 
 Accuracy: 82.18% | L1: 85.66% | L2: 82.28% | L3: 78.60%
Checkpoint saved at epoch 4912
Epoch [4913/10000] Training Loss: 0.1936 Accuracy: 82.36% | L1: 85.20% | L2: 82.85% | L3: 79.02%
Epoch [4914/10000] Training Loss: 0.1926 Accuracy: 82.42% | L1: 85.25% | L2: 82.99% | L3: 79.01%
Validation Loss: 0.2003 
 Accuracy: 82.23% | L1: 85.77% | L2: 82.27% | L3: 78.64%
Epoch [4915/10000] Training Loss: 0.1924 Accuracy: 82.46% | L1: 85.34% | L2: 83.03% | L3: 79.01%
Epoch [4916/10000] Training Loss: 0.1931 Accuracy: 82.39% | L1: 85.22% | L2: 82.87% | L3: 79.08%
Validation Loss: 0.2025 
 Accuracy: 82.22% | L1: 85.70% | L2: 82.23% | L3: 78.71%
Epoch [4917/10000] Training Loss: 0.1925 Accuracy: 82.37% | L1: 85.26% | L2: 82.82% | L3: 79.04%
Epoch [4918/10000] Training Loss: 0.1921 Accuracy: 82.50% | L1: 85.38% | L2: 82.90% | L3: 79.22%
Validation Loss: 0.2013 
 Accuracy: 82.19% | L1: 85.73% | L2: 82.15% | L3: 78.68%
Epoch [4919/10000] Training Loss: 0.1922 Accuracy: 82.48% | L1: 85.28% | L2: 82.90% | L3: 79.26%
Epoch [4920/10000] Training Loss: 0.1925 Accuracy: 82.42% | L1: 85.33% | L2: 82.87% | L3: 79.05%
Validation Loss: 0.1992 
 Accuracy: 82.34% | L1: 85.64% | L2: 82.43% | L3: 78.95%
Checkpoint saved at epoch 4920
Epoch [4921/10000] Training Loss: 0.1920 Accuracy: 82.35% | L1: 85.17% | L2: 82.84% | L3: 79.06%
Epoch [4922/10000] Training Loss: 0.1916 Accuracy: 82.51% | L1: 85.31% | L2: 82.95% | L3: 79.28%
Validation Loss: 0.1996 
 Accuracy: 82.35% | L1: 85.71% | L2: 82.32% | L3: 79.02%
Epoch [4923/10000] Training Loss: 0.1908 Accuracy: 82.48% | L1: 85.32% | L2: 82.96% | L3: 79.18%
Epoch [4924/10000] Training Loss: 0.1915 Accuracy: 82.46% | L1: 85.17% | L2: 82.99% | L3: 79.22%
Validation Loss: 0.2019 
 Accuracy: 82.12% | L1: 85.68% | L2: 82.19% | L3: 78.47%
Epoch [4925/10000] Training Loss: 0.1912 Accuracy: 82.49% | L1: 85.20% | L2: 83.02% | L3: 79.26%
Epoch [4926/10000] Training Loss: 0.1911 Accuracy: 82.57% | L1: 85.29% | L2: 83.18% | L3: 79.24%
Validation Loss: 0.2006 
 Accuracy: 82.22% | L1: 85.45% | L2: 82.34% | L3: 78.86%
Epoch [4927/10000] Training Loss: 0.1920 Accuracy: 82.45% | L1: 85.33% | L2: 82.89% | L3: 79.14%
Epoch [4928/10000] Training Loss: 0.1914 Accuracy: 82.52% | L1: 85.34% | L2: 83.02% | L3: 79.20%
Validation Loss: 0.2033 
 Accuracy: 82.02% | L1: 85.42% | L2: 82.03% | L3: 78.61%
Epoch [4929/10000] Training Loss: 0.1906 Accuracy: 82.55% | L1: 85.27% | L2: 82.99% | L3: 79.41%
Epoch [4930/10000] Training Loss: 0.1902 Accuracy: 82.51% | L1: 85.11% | L2: 83.16% | L3: 79.26%
Validation Loss: 0.2018 
 Accuracy: 82.13% | L1: 85.67% | L2: 81.88% | L3: 78.84%
Epoch [4931/10000] Training Loss: 0.1898 Accuracy: 82.66% | L1: 85.48% | L2: 83.02% | L3: 79.48%
Epoch [4932/10000] Training Loss: 0.1898 Accuracy: 82.55% | L1: 85.16% | L2: 83.20% | L3: 79.29%
Validation Loss: 0.2017 
 Accuracy: 82.10% | L1: 85.60% | L2: 82.28% | L3: 78.44%
Epoch [4933/10000] Training Loss: 0.1903 Accuracy: 82.58% | L1: 85.34% | L2: 83.16% | L3: 79.25%
Epoch [4934/10000] Training Loss: 0.1899 Accuracy: 82.62% | L1: 85.43% | L2: 83.11% | L3: 79.33%
Validation Loss: 0.1999 
 Accuracy: 82.31% | L1: 85.89% | L2: 82.31% | L3: 78.72%
Epoch [4935/10000] Training Loss: 0.1900 Accuracy: 82.55% | L1: 85.25% | L2: 83.13% | L3: 79.28%
Epoch [4936/10000] Training Loss: 0.1904 Accuracy: 82.62% | L1: 85.33% | L2: 83.23% | L3: 79.29%
Validation Loss: 0.1996 
 Accuracy: 82.33% | L1: 85.79% | L2: 82.39% | L3: 78.83%
Epoch [4937/10000] Training Loss: 0.1905 Accuracy: 82.55% | L1: 85.25% | L2: 83.17% | L3: 79.23%
Epoch [4938/10000] Training Loss: 0.1899 Accuracy: 82.58% | L1: 85.26% | L2: 83.18% | L3: 79.30%
Validation Loss: 0.2012 
 Accuracy: 82.38% | L1: 86.22% | L2: 82.23% | L3: 78.69%
Epoch [4939/10000] Training Loss: 0.1897 Accuracy: 82.59% | L1: 85.28% | L2: 83.24% | L3: 79.26%
Epoch [4940/10000] Training Loss: 0.1896 Accuracy: 82.64% | L1: 85.36% | L2: 83.21% | L3: 79.34%
Validation Loss: 0.1997 
 Accuracy: 82.35% | L1: 85.66% | L2: 82.28% | L3: 79.10%
Epoch [4941/10000] Training Loss: 0.1900 Accuracy: 82.61% | L1: 85.38% | L2: 83.06% | L3: 79.38%
Epoch [4942/10000] Training Loss: 0.1901 Accuracy: 82.71% | L1: 85.50% | L2: 83.26% | L3: 79.38%
Validation Loss: 0.2014 
 Accuracy: 82.19% | L1: 85.69% | L2: 82.16% | L3: 78.74%
Epoch [4943/10000] Training Loss: 0.1895 Accuracy: 82.61% | L1: 85.29% | L2: 83.20% | L3: 79.36%
Epoch [4944/10000] Training Loss: 0.1890 Accuracy: 82.70% | L1: 85.37% | L2: 83.19% | L3: 79.53%
Validation Loss: 0.2031 
 Accuracy: 82.24% | L1: 85.79% | L2: 82.16% | L3: 78.77%
Epoch [4945/10000] Training Loss: 0.1891 Accuracy: 82.64% | L1: 85.21% | L2: 83.28% | L3: 79.43%
Epoch [4946/10000] Training Loss: 0.1887 Accuracy: 82.63% | L1: 85.27% | L2: 83.13% | L3: 79.49%
Validation Loss: 0.2023 
 Accuracy: 82.21% | L1: 85.64% | L2: 82.33% | L3: 78.67%
Epoch [4947/10000] Training Loss: 0.1893 Accuracy: 82.69% | L1: 85.39% | L2: 83.16% | L3: 79.52%
Epoch [4948/10000] Training Loss: 0.1886 Accuracy: 82.68% | L1: 85.38% | L2: 83.23% | L3: 79.43%
Validation Loss: 0.2025 
 Accuracy: 82.26% | L1: 85.60% | L2: 82.23% | L3: 78.96%
Epoch [4949/10000] Training Loss: 0.1891 Accuracy: 82.57% | L1: 85.16% | L2: 83.13% | L3: 79.42%
Epoch [4950/10000] Training Loss: 0.1879 Accuracy: 82.74% | L1: 85.32% | L2: 83.31% | L3: 79.59%
Validation Loss: 0.2020 
 Accuracy: 82.39% | L1: 85.84% | L2: 82.24% | L3: 79.09%
Epoch [4951/10000] Training Loss: 0.1893 Accuracy: 82.58% | L1: 85.23% | L2: 83.14% | L3: 79.37%
Epoch [4952/10000] Training Loss: 0.1892 Accuracy: 82.63% | L1: 85.22% | L2: 83.25% | L3: 79.42%
Validation Loss: 0.1999 
 Accuracy: 82.32% | L1: 85.59% | L2: 82.45% | L3: 78.92%
Epoch [4953/10000] Training Loss: 0.1885 Accuracy: 82.67% | L1: 85.17% | L2: 83.29% | L3: 79.55%
Epoch [4954/10000] Training Loss: 0.1884 Accuracy: 82.62% | L1: 85.10% | L2: 83.29% | L3: 79.46%
Validation Loss: 0.2045 
 Accuracy: 82.11% | L1: 85.65% | L2: 82.11% | L3: 78.58%
Epoch [4955/10000] Training Loss: 0.1879 Accuracy: 82.71% | L1: 85.29% | L2: 83.33% | L3: 79.52%
Epoch [4956/10000] Training Loss: 0.1887 Accuracy: 82.70% | L1: 85.34% | L2: 83.30% | L3: 79.48%
Validation Loss: 0.2017 
 Accuracy: 82.24% | L1: 85.72% | L2: 82.28% | L3: 78.72%
Epoch [4957/10000] Training Loss: 0.1880 Accuracy: 82.67% | L1: 85.14% | L2: 83.38% | L3: 79.48%
Epoch [4958/10000] Training Loss: 0.1875 Accuracy: 82.74% | L1: 85.30% | L2: 83.43% | L3: 79.49%
Validation Loss: 0.2020 
 Accuracy: 82.19% | L1: 85.57% | L2: 82.27% | L3: 78.73%
Epoch [4959/10000] Training Loss: 0.1877 Accuracy: 82.72% | L1: 85.27% | L2: 83.29% | L3: 79.62%
Epoch [4960/10000] Training Loss: 0.1883 Accuracy: 82.75% | L1: 85.42% | L2: 83.40% | L3: 79.44%
Validation Loss: 0.2034 
 Accuracy: 82.25% | L1: 85.69% | L2: 82.21% | L3: 78.84%
Epoch [4961/10000] Training Loss: 0.1872 Accuracy: 82.75% | L1: 85.33% | L2: 83.30% | L3: 79.63%
Epoch [4962/10000] Training Loss: 0.1873 Accuracy: 82.76% | L1: 85.35% | L2: 83.34% | L3: 79.60%
Validation Loss: 0.2033 
 Accuracy: 82.20% | L1: 85.76% | L2: 82.07% | L3: 78.76%
Epoch [4963/10000] Training Loss: 0.1878 Accuracy: 82.77% | L1: 85.28% | L2: 83.42% | L3: 79.60%
Epoch [4964/10000] Training Loss: 0.1885 Accuracy: 82.70% | L1: 85.30% | L2: 83.25% | L3: 79.55%
Validation Loss: 0.2044 
 Accuracy: 82.07% | L1: 85.67% | L2: 81.90% | L3: 78.65%
Epoch [4965/10000] Training Loss: 0.1879 Accuracy: 82.79% | L1: 85.34% | L2: 83.48% | L3: 79.54%
Epoch [4966/10000] Training Loss: 0.1866 Accuracy: 82.77% | L1: 85.32% | L2: 83.42% | L3: 79.57%
Validation Loss: 0.2009 
 Accuracy: 82.44% | L1: 85.69% | L2: 82.42% | L3: 79.21%
Epoch [4967/10000] Training Loss: 0.1867 Accuracy: 82.80% | L1: 85.28% | L2: 83.44% | L3: 79.68%
Epoch [4968/10000] Training Loss: 0.1876 Accuracy: 82.76% | L1: 85.27% | L2: 83.33% | L3: 79.68%
Validation Loss: 0.2029 
 Accuracy: 82.35% | L1: 85.77% | L2: 82.31% | L3: 78.98%
Epoch [4969/10000] Training Loss: 0.1871 Accuracy: 82.90% | L1: 85.47% | L2: 83.43% | L3: 79.79%
Epoch [4970/10000] Training Loss: 0.1870 Accuracy: 82.82% | L1: 85.34% | L2: 83.43% | L3: 79.68%
Validation Loss: 0.2041 
 Accuracy: 82.20% | L1: 85.86% | L2: 82.06% | L3: 78.69%
Epoch [4971/10000] Training Loss: 0.1869 Accuracy: 82.81% | L1: 85.33% | L2: 83.47% | L3: 79.64%
Epoch [4972/10000] Training Loss: 0.1864 Accuracy: 82.79% | L1: 85.23% | L2: 83.44% | L3: 79.69%
Validation Loss: 0.2041 
 Accuracy: 82.15% | L1: 85.41% | L2: 82.10% | L3: 78.93%
Epoch [4973/10000] Training Loss: 0.1867 Accuracy: 82.77% | L1: 85.10% | L2: 83.56% | L3: 79.66%
Epoch [4974/10000] Training Loss: 0.1867 Accuracy: 82.77% | L1: 85.18% | L2: 83.51% | L3: 79.63%
Validation Loss: 0.2024 
 Accuracy: 82.29% | L1: 85.82% | L2: 82.21% | L3: 78.85%
Epoch [4975/10000] Training Loss: 0.1859 Accuracy: 82.86% | L1: 85.24% | L2: 83.61% | L3: 79.73%
Epoch [4976/10000] Training Loss: 0.1866 Accuracy: 82.81% | L1: 85.32% | L2: 83.52% | L3: 79.59%
Validation Loss: 0.2038 
 Accuracy: 82.24% | L1: 85.84% | L2: 82.15% | L3: 78.72%
Epoch [4977/10000] Training Loss: 0.1865 Accuracy: 82.85% | L1: 85.32% | L2: 83.48% | L3: 79.75%
Epoch [4978/10000] Training Loss: 0.1861 Accuracy: 82.87% | L1: 85.33% | L2: 83.55% | L3: 79.73%
Validation Loss: 0.2029 
 Accuracy: 82.27% | L1: 85.66% | L2: 82.32% | L3: 78.85%
Epoch [4979/10000] Training Loss: 0.1862 Accuracy: 82.87% | L1: 85.30% | L2: 83.55% | L3: 79.75%
Epoch [4980/10000] Training Loss: 0.1863 Accuracy: 82.81% | L1: 85.22% | L2: 83.40% | L3: 79.80%
Validation Loss: 0.2040 
 Accuracy: 82.28% | L1: 85.83% | L2: 82.08% | L3: 78.92%
Epoch [4981/10000] Training Loss: 0.1858 Accuracy: 82.97% | L1: 85.49% | L2: 83.69% | L3: 79.73%
Epoch [4982/10000] Training Loss: 0.1864 Accuracy: 82.84% | L1: 85.37% | L2: 83.50% | L3: 79.65%
Validation Loss: 0.2028 
 Accuracy: 82.30% | L1: 85.68% | L2: 82.31% | L3: 78.90%
Epoch [4983/10000] Training Loss: 0.1862 Accuracy: 82.84% | L1: 85.19% | L2: 83.57% | L3: 79.75%
Epoch [4984/10000] Training Loss: 0.1856 Accuracy: 82.90% | L1: 85.32% | L2: 83.65% | L3: 79.74%
Validation Loss: 0.2062 
 Accuracy: 82.10% | L1: 85.62% | L2: 82.01% | L3: 78.66%
Epoch [4985/10000] Training Loss: 0.1850 Accuracy: 82.93% | L1: 85.31% | L2: 83.63% | L3: 79.85%
Epoch [4986/10000] Training Loss: 0.1852 Accuracy: 82.92% | L1: 85.30% | L2: 83.61% | L3: 79.85%
Validation Loss: 0.2035 
 Accuracy: 82.20% | L1: 85.79% | L2: 82.02% | L3: 78.80%
Epoch [4987/10000] Training Loss: 0.1853 Accuracy: 82.98% | L1: 85.46% | L2: 83.67% | L3: 79.81%
Epoch [4988/10000] Training Loss: 0.1861 Accuracy: 82.96% | L1: 85.44% | L2: 83.57% | L3: 79.86%
Validation Loss: 0.2040 
 Accuracy: 82.13% | L1: 85.43% | L2: 82.07% | L3: 78.88%
Epoch [4989/10000] Training Loss: 0.1863 Accuracy: 82.87% | L1: 85.36% | L2: 83.46% | L3: 79.79%
Epoch [4990/10000] Training Loss: 0.1848 Accuracy: 82.97% | L1: 85.35% | L2: 83.72% | L3: 79.84%
Validation Loss: 0.2044 
 Accuracy: 82.21% | L1: 85.70% | L2: 82.16% | L3: 78.76%
Epoch [4991/10000] Training Loss: 0.1850 Accuracy: 82.90% | L1: 85.22% | L2: 83.72% | L3: 79.76%
Epoch [4992/10000] Training Loss: 0.1852 Accuracy: 82.89% | L1: 85.23% | L2: 83.61% | L3: 79.82%
Validation Loss: 0.2053 
 Accuracy: 82.21% | L1: 85.69% | L2: 82.14% | L3: 78.80%
Epoch [4993/10000] Training Loss: 0.1854 Accuracy: 82.92% | L1: 85.34% | L2: 83.61% | L3: 79.81%
Epoch [4994/10000] Training Loss: 0.1853 Accuracy: 82.92% | L1: 85.31% | L2: 83.63% | L3: 79.84%
Validation Loss: 0.2036 
 Accuracy: 82.22% | L1: 85.55% | L2: 82.08% | L3: 79.04%
Epoch [4995/10000] Training Loss: 0.1856 Accuracy: 82.85% | L1: 85.22% | L2: 83.57% | L3: 79.77%
Epoch [4996/10000] Training Loss: 0.1850 Accuracy: 82.98% | L1: 85.43% | L2: 83.69% | L3: 79.82%
Validation Loss: 0.2068 
 Accuracy: 82.01% | L1: 85.94% | L2: 81.89% | L3: 78.20%
Epoch [4997/10000] Training Loss: 0.1852 Accuracy: 82.90% | L1: 85.24% | L2: 83.70% | L3: 79.77%
Epoch [4998/10000] Training Loss: 0.1861 Accuracy: 82.84% | L1: 85.21% | L2: 83.48% | L3: 79.83%
Validation Loss: 0.2053 
 Accuracy: 82.12% | L1: 85.54% | L2: 82.00% | L3: 78.81%
Epoch [4999/10000] Training Loss: 0.1845 Accuracy: 82.99% | L1: 85.36% | L2: 83.70% | L3: 79.90%
Epoch [5000/10000] Training Loss: 0.1847 Accuracy: 82.99% | L1: 85.31% | L2: 83.70% | L3: 79.97%
Checkpoint 'best_vit_model_every_100_epoch' saved at epoch 5000
Validation Loss: 0.2058 
 Accuracy: 82.11% | L1: 85.45% | L2: 82.11% | L3: 78.76%
Epoch [5001/10000] Training Loss: 0.1844 Accuracy: 82.97% | L1: 85.28% | L2: 83.74% | L3: 79.90%
Epoch [5002/10000] Training Loss: 0.1859 Accuracy: 82.89% | L1: 85.30% | L2: 83.59% | L3: 79.78%
Validation Loss: 0.2032 
 Accuracy: 82.36% | L1: 85.73% | L2: 82.29% | L3: 79.06%
Epoch [5003/10000] Training Loss: 0.1846 Accuracy: 83.03% | L1: 85.44% | L2: 83.71% | L3: 79.94%
Epoch [5004/10000] Training Loss: 0.1850 Accuracy: 82.88% | L1: 85.11% | L2: 83.65% | L3: 79.89%
Validation Loss: 0.2055 
 Accuracy: 82.14% | L1: 85.90% | L2: 82.06% | L3: 78.46%
Epoch [5005/10000] Training Loss: 0.1845 Accuracy: 82.94% | L1: 85.22% | L2: 83.68% | L3: 79.93%
Epoch [5006/10000] Training Loss: 0.1844 Accuracy: 82.97% | L1: 85.27% | L2: 83.69% | L3: 79.96%
Validation Loss: 0.2048 
 Accuracy: 82.23% | L1: 85.87% | L2: 82.17% | L3: 78.65%
Epoch [5007/10000] Training Loss: 0.1835 Accuracy: 82.99% | L1: 85.20% | L2: 83.73% | L3: 80.05%
Epoch [5008/10000] Training Loss: 0.1847 Accuracy: 82.95% | L1: 85.21% | L2: 83.66% | L3: 79.98%
Validation Loss: 0.2054 
 Accuracy: 82.06% | L1: 85.72% | L2: 82.01% | L3: 78.44%
Epoch [5009/10000] Training Loss: 0.1841 Accuracy: 83.06% | L1: 85.48% | L2: 83.65% | L3: 80.04%
Epoch [5010/10000] Training Loss: 0.1834 Accuracy: 83.00% | L1: 85.14% | L2: 83.75% | L3: 80.12%
Validation Loss: 0.2046 
 Accuracy: 82.35% | L1: 85.76% | L2: 82.28% | L3: 78.99%
Epoch [5011/10000] Training Loss: 0.1841 Accuracy: 82.98% | L1: 85.31% | L2: 83.69% | L3: 79.95%
Epoch [5012/10000] Training Loss: 0.1840 Accuracy: 83.08% | L1: 85.50% | L2: 83.89% | L3: 79.86%
Validation Loss: 0.2064 
 Accuracy: 82.10% | L1: 85.63% | L2: 81.97% | L3: 78.71%
Epoch [5013/10000] Training Loss: 0.1836 Accuracy: 83.07% | L1: 85.35% | L2: 83.83% | L3: 80.05%
Epoch [5014/10000] Training Loss: 0.1834 Accuracy: 82.97% | L1: 85.14% | L2: 83.79% | L3: 79.99%
Validation Loss: 0.2067 
 Accuracy: 82.23% | L1: 85.82% | L2: 81.97% | L3: 78.89%
Epoch [5015/10000] Training Loss: 0.1829 Accuracy: 83.10% | L1: 85.35% | L2: 83.89% | L3: 80.06%
Epoch [5016/10000] Training Loss: 0.1844 Accuracy: 82.95% | L1: 85.24% | L2: 83.62% | L3: 80.00%
Validation Loss: 0.2035 
 Accuracy: 82.28% | L1: 85.64% | L2: 82.09% | L3: 79.10%
Epoch [5017/10000] Training Loss: 0.1835 Accuracy: 83.02% | L1: 85.23% | L2: 83.75% | L3: 80.06%
Epoch [5018/10000] Training Loss: 0.1829 Accuracy: 83.06% | L1: 85.30% | L2: 83.92% | L3: 79.97%
Validation Loss: 0.2062 
 Accuracy: 82.13% | L1: 85.68% | L2: 81.88% | L3: 78.83%
Epoch [5019/10000] Training Loss: 0.1837 Accuracy: 83.06% | L1: 85.33% | L2: 83.93% | L3: 79.91%
Epoch [5020/10000] Training Loss: 0.1838 Accuracy: 83.04% | L1: 85.32% | L2: 83.79% | L3: 80.01%
Validation Loss: 0.2058 
 Accuracy: 82.06% | L1: 85.37% | L2: 82.06% | L3: 78.75%
Loading checkpoint from best_vit_model.pth...
DEBUG: No improvement for several epochs. Consider early stopping or adjusting training.
Changing training datasets...
Train indices changed: True
Epoch [5021/10000] Training Loss: 0.1939 Accuracy: 82.21% | L1: 85.19% | L2: 82.58% | L3: 78.86%
Epoch [5022/10000] Training Loss: 0.1930 Accuracy: 82.30% | L1: 85.20% | L2: 82.81% | L3: 78.90%
Validation Loss: 0.1994 
 Accuracy: 82.20% | L1: 85.60% | L2: 82.21% | L3: 78.77%
Checkpoint saved at epoch 5022
Epoch [5023/10000] Training Loss: 0.1930 Accuracy: 82.28% | L1: 85.23% | L2: 82.74% | L3: 78.85%
Epoch [5024/10000] Training Loss: 0.1929 Accuracy: 82.30% | L1: 85.35% | L2: 82.64% | L3: 78.92%
Validation Loss: 0.1987 
 Accuracy: 82.45% | L1: 85.56% | L2: 82.56% | L3: 79.25%
Checkpoint saved at epoch 5024
Epoch [5025/10000] Training Loss: 0.1928 Accuracy: 82.32% | L1: 85.24% | L2: 82.81% | L3: 78.92%
Epoch [5026/10000] Training Loss: 0.1927 Accuracy: 82.32% | L1: 85.33% | L2: 82.70% | L3: 78.94%
Validation Loss: 0.2030 
 Accuracy: 82.12% | L1: 85.92% | L2: 82.09% | L3: 78.36%
Epoch [5027/10000] Training Loss: 0.1922 Accuracy: 82.41% | L1: 85.42% | L2: 82.83% | L3: 78.98%
Epoch [5028/10000] Training Loss: 0.1922 Accuracy: 82.35% | L1: 85.44% | L2: 82.71% | L3: 78.91%
Validation Loss: 0.1994 
 Accuracy: 82.45% | L1: 85.68% | L2: 82.37% | L3: 79.29%
Epoch [5029/10000] Training Loss: 0.1917 Accuracy: 82.31% | L1: 85.04% | L2: 82.76% | L3: 79.12%
Epoch [5030/10000] Training Loss: 0.1910 Accuracy: 82.39% | L1: 85.21% | L2: 82.87% | L3: 79.10%
Validation Loss: 0.2011 
 Accuracy: 82.18% | L1: 85.72% | L2: 82.18% | L3: 78.65%
Epoch [5031/10000] Training Loss: 0.1918 Accuracy: 82.43% | L1: 85.27% | L2: 82.84% | L3: 79.19%
Epoch [5032/10000] Training Loss: 0.1918 Accuracy: 82.46% | L1: 85.41% | L2: 82.90% | L3: 79.07%
Validation Loss: 0.1999 
 Accuracy: 82.23% | L1: 85.57% | L2: 82.46% | L3: 78.68%
Epoch [5033/10000] Training Loss: 0.1914 Accuracy: 82.41% | L1: 85.21% | L2: 82.90% | L3: 79.11%
Epoch [5034/10000] Training Loss: 0.1903 Accuracy: 82.51% | L1: 85.40% | L2: 82.98% | L3: 79.16%
Validation Loss: 0.1995 
 Accuracy: 82.22% | L1: 85.70% | L2: 82.30% | L3: 78.68%
Epoch [5035/10000] Training Loss: 0.1910 Accuracy: 82.34% | L1: 85.07% | L2: 82.88% | L3: 79.08%
Epoch [5036/10000] Training Loss: 0.1910 Accuracy: 82.43% | L1: 85.35% | L2: 82.93% | L3: 79.02%
Validation Loss: 0.2002 
 Accuracy: 82.51% | L1: 85.88% | L2: 82.31% | L3: 79.33%
Epoch [5037/10000] Training Loss: 0.1906 Accuracy: 82.47% | L1: 85.31% | L2: 82.96% | L3: 79.13%
Epoch [5038/10000] Training Loss: 0.1900 Accuracy: 82.56% | L1: 85.29% | L2: 83.09% | L3: 79.30%
Validation Loss: 0.2010 
 Accuracy: 82.48% | L1: 85.78% | L2: 82.40% | L3: 79.25%
Epoch [5039/10000] Training Loss: 0.1899 Accuracy: 82.48% | L1: 85.19% | L2: 82.99% | L3: 79.27%
Epoch [5040/10000] Training Loss: 0.1893 Accuracy: 82.50% | L1: 85.23% | L2: 82.95% | L3: 79.32%
Validation Loss: 0.2002 
 Accuracy: 82.29% | L1: 85.72% | L2: 82.23% | L3: 78.94%
Epoch [5041/10000] Training Loss: 0.1900 Accuracy: 82.49% | L1: 85.23% | L2: 83.04% | L3: 79.20%
Epoch [5042/10000] Training Loss: 0.1895 Accuracy: 82.56% | L1: 85.22% | L2: 83.16% | L3: 79.30%
Validation Loss: 0.2000 
 Accuracy: 82.36% | L1: 85.76% | L2: 82.46% | L3: 78.86%
Epoch [5043/10000] Training Loss: 0.1894 Accuracy: 82.48% | L1: 85.16% | L2: 83.01% | L3: 79.28%
Epoch [5044/10000] Training Loss: 0.1889 Accuracy: 82.59% | L1: 85.15% | L2: 83.19% | L3: 79.42%
Validation Loss: 0.2023 
 Accuracy: 82.20% | L1: 85.68% | L2: 82.04% | L3: 78.89%
Epoch [5045/10000] Training Loss: 0.1896 Accuracy: 82.48% | L1: 85.11% | L2: 83.06% | L3: 79.26%
Epoch [5046/10000] Training Loss: 0.1899 Accuracy: 82.53% | L1: 85.16% | L2: 83.17% | L3: 79.27%
Validation Loss: 0.1998 
 Accuracy: 82.52% | L1: 85.76% | L2: 82.42% | L3: 79.37%
Epoch [5047/10000] Training Loss: 0.1899 Accuracy: 82.52% | L1: 85.27% | L2: 83.04% | L3: 79.26%
Epoch [5048/10000] Training Loss: 0.1888 Accuracy: 82.55% | L1: 85.22% | L2: 83.08% | L3: 79.36%
Validation Loss: 0.2021 
 Accuracy: 82.28% | L1: 85.71% | L2: 82.32% | L3: 78.82%
Epoch [5049/10000] Training Loss: 0.1892 Accuracy: 82.60% | L1: 85.37% | L2: 83.17% | L3: 79.26%
Epoch [5050/10000] Training Loss: 0.1878 Accuracy: 82.65% | L1: 85.31% | L2: 83.17% | L3: 79.47%
Validation Loss: 0.1993 
 Accuracy: 82.52% | L1: 85.97% | L2: 82.38% | L3: 79.21%
Epoch [5051/10000] Training Loss: 0.1903 Accuracy: 82.48% | L1: 85.20% | L2: 82.98% | L3: 79.27%
Epoch [5052/10000] Training Loss: 0.1885 Accuracy: 82.57% | L1: 85.20% | L2: 83.13% | L3: 79.39%
Validation Loss: 0.1989 
 Accuracy: 82.52% | L1: 85.91% | L2: 82.46% | L3: 79.17%
Epoch [5053/10000] Training Loss: 0.1888 Accuracy: 82.65% | L1: 85.42% | L2: 83.14% | L3: 79.39%
Epoch [5054/10000] Training Loss: 0.1889 Accuracy: 82.62% | L1: 85.25% | L2: 83.12% | L3: 79.48%
Validation Loss: 0.1995 
 Accuracy: 82.43% | L1: 85.70% | L2: 82.43% | L3: 79.15%
Epoch [5055/10000] Training Loss: 0.1888 Accuracy: 82.65% | L1: 85.39% | L2: 83.13% | L3: 79.44%
Epoch [5056/10000] Training Loss: 0.1885 Accuracy: 82.68% | L1: 85.41% | L2: 83.24% | L3: 79.40%
Validation Loss: 0.2010 
 Accuracy: 82.31% | L1: 85.66% | L2: 82.39% | L3: 78.88%
Epoch [5057/10000] Training Loss: 0.1894 Accuracy: 82.58% | L1: 85.22% | L2: 83.11% | L3: 79.41%
Epoch [5058/10000] Training Loss: 0.1889 Accuracy: 82.68% | L1: 85.54% | L2: 83.09% | L3: 79.40%
Validation Loss: 0.2005 
 Accuracy: 82.33% | L1: 85.94% | L2: 82.28% | L3: 78.77%
Epoch [5059/10000] Training Loss: 0.1881 Accuracy: 82.63% | L1: 85.24% | L2: 83.23% | L3: 79.43%
Epoch [5060/10000] Training Loss: 0.1885 Accuracy: 82.64% | L1: 85.22% | L2: 83.21% | L3: 79.48%
Validation Loss: 0.2022 
 Accuracy: 82.08% | L1: 85.76% | L2: 82.22% | L3: 78.27%
Epoch [5061/10000] Training Loss: 0.1887 Accuracy: 82.60% | L1: 85.25% | L2: 83.14% | L3: 79.41%
Epoch [5062/10000] Training Loss: 0.1880 Accuracy: 82.70% | L1: 85.36% | L2: 83.15% | L3: 79.58%
Validation Loss: 0.2036 
 Accuracy: 82.12% | L1: 85.61% | L2: 82.26% | L3: 78.50%
Epoch [5063/10000] Training Loss: 0.1882 Accuracy: 82.65% | L1: 85.23% | L2: 83.21% | L3: 79.53%
Epoch [5064/10000] Training Loss: 0.1874 Accuracy: 82.70% | L1: 85.28% | L2: 83.32% | L3: 79.50%
Validation Loss: 0.2044 
 Accuracy: 82.03% | L1: 85.72% | L2: 82.01% | L3: 78.36%
Epoch [5065/10000] Training Loss: 0.1875 Accuracy: 82.71% | L1: 85.25% | L2: 83.36% | L3: 79.52%
Epoch [5066/10000] Training Loss: 0.1872 Accuracy: 82.67% | L1: 85.28% | L2: 83.33% | L3: 79.39%
Validation Loss: 0.2035 
 Accuracy: 82.12% | L1: 85.65% | L2: 82.05% | L3: 78.66%
Epoch [5067/10000] Training Loss: 0.1879 Accuracy: 82.68% | L1: 85.25% | L2: 83.32% | L3: 79.48%
Epoch [5068/10000] Training Loss: 0.1874 Accuracy: 82.68% | L1: 85.16% | L2: 83.40% | L3: 79.49%
Validation Loss: 0.2001 
 Accuracy: 82.41% | L1: 85.61% | L2: 82.31% | L3: 79.31%
Epoch [5069/10000] Training Loss: 0.1874 Accuracy: 82.72% | L1: 85.21% | L2: 83.35% | L3: 79.59%
Epoch [5070/10000] Training Loss: 0.1881 Accuracy: 82.67% | L1: 85.21% | L2: 83.28% | L3: 79.54%
Validation Loss: 0.2005 
 Accuracy: 82.38% | L1: 85.65% | L2: 82.41% | L3: 79.09%
Epoch [5071/10000] Training Loss: 0.1877 Accuracy: 82.71% | L1: 85.30% | L2: 83.26% | L3: 79.56%
Epoch [5072/10000] Training Loss: 0.1867 Accuracy: 82.74% | L1: 85.34% | L2: 83.31% | L3: 79.56%
Validation Loss: 0.2018 
 Accuracy: 82.30% | L1: 85.80% | L2: 82.28% | L3: 78.81%
Epoch [5073/10000] Training Loss: 0.1879 Accuracy: 82.79% | L1: 85.60% | L2: 83.26% | L3: 79.52%
Epoch [5074/10000] Training Loss: 0.1866 Accuracy: 82.74% | L1: 85.20% | L2: 83.30% | L3: 79.73%
Validation Loss: 0.2010 
 Accuracy: 82.32% | L1: 85.59% | L2: 82.16% | L3: 79.22%
Epoch [5075/10000] Training Loss: 0.1873 Accuracy: 82.68% | L1: 85.29% | L2: 83.30% | L3: 79.45%
Epoch [5076/10000] Training Loss: 0.1867 Accuracy: 82.73% | L1: 85.20% | L2: 83.33% | L3: 79.66%
Validation Loss: 0.2019 
 Accuracy: 82.14% | L1: 85.34% | L2: 82.25% | L3: 78.83%
Epoch [5077/10000] Training Loss: 0.1869 Accuracy: 82.75% | L1: 85.23% | L2: 83.43% | L3: 79.57%
Epoch [5078/10000] Training Loss: 0.1865 Accuracy: 82.71% | L1: 85.24% | L2: 83.36% | L3: 79.54%
Validation Loss: 0.2031 
 Accuracy: 82.06% | L1: 85.59% | L2: 81.99% | L3: 78.61%
Epoch [5079/10000] Training Loss: 0.1857 Accuracy: 82.81% | L1: 85.34% | L2: 83.42% | L3: 79.68%
Epoch [5080/10000] Training Loss: 0.1861 Accuracy: 82.78% | L1: 85.18% | L2: 83.44% | L3: 79.72%
Validation Loss: 0.2045 
 Accuracy: 82.07% | L1: 85.82% | L2: 81.90% | L3: 78.48%
Epoch [5081/10000] Training Loss: 0.1863 Accuracy: 82.82% | L1: 85.33% | L2: 83.43% | L3: 79.71%
Epoch [5082/10000] Training Loss: 0.1865 Accuracy: 82.81% | L1: 85.33% | L2: 83.39% | L3: 79.70%
Validation Loss: 0.2004 
 Accuracy: 82.43% | L1: 85.61% | L2: 82.43% | L3: 79.25%
Epoch [5083/10000] Training Loss: 0.1862 Accuracy: 82.80% | L1: 85.26% | L2: 83.41% | L3: 79.74%
Epoch [5084/10000] Training Loss: 0.1857 Accuracy: 82.85% | L1: 85.37% | L2: 83.40% | L3: 79.78%
Validation Loss: 0.2042 
 Accuracy: 82.17% | L1: 85.57% | L2: 82.15% | L3: 78.80%
Epoch [5085/10000] Training Loss: 0.1856 Accuracy: 82.77% | L1: 85.15% | L2: 83.41% | L3: 79.74%
Epoch [5086/10000] Training Loss: 0.1860 Accuracy: 82.82% | L1: 85.31% | L2: 83.58% | L3: 79.56%
Validation Loss: 0.2018 
 Accuracy: 82.29% | L1: 85.77% | L2: 82.12% | L3: 78.96%
Epoch [5087/10000] Training Loss: 0.1855 Accuracy: 82.78% | L1: 85.14% | L2: 83.44% | L3: 79.76%
Epoch [5088/10000] Training Loss: 0.1852 Accuracy: 82.79% | L1: 85.12% | L2: 83.48% | L3: 79.78%
Validation Loss: 0.2025 
 Accuracy: 82.42% | L1: 85.74% | L2: 82.19% | L3: 79.32%
Epoch [5089/10000] Training Loss: 0.1853 Accuracy: 82.76% | L1: 85.07% | L2: 83.46% | L3: 79.74%
Epoch [5090/10000] Training Loss: 0.1855 Accuracy: 82.91% | L1: 85.46% | L2: 83.47% | L3: 79.80%
Validation Loss: 0.2022 
 Accuracy: 82.18% | L1: 85.71% | L2: 82.12% | L3: 78.71%
Epoch [5091/10000] Training Loss: 0.1850 Accuracy: 82.89% | L1: 85.42% | L2: 83.48% | L3: 79.78%
Epoch [5092/10000] Training Loss: 0.1855 Accuracy: 82.86% | L1: 85.37% | L2: 83.45% | L3: 79.74%
Validation Loss: 0.2024 
 Accuracy: 82.42% | L1: 85.90% | L2: 82.29% | L3: 79.07%
Epoch [5093/10000] Training Loss: 0.1858 Accuracy: 82.86% | L1: 85.30% | L2: 83.53% | L3: 79.74%
Epoch [5094/10000] Training Loss: 0.1849 Accuracy: 82.95% | L1: 85.47% | L2: 83.53% | L3: 79.86%
Validation Loss: 0.2050 
 Accuracy: 82.25% | L1: 85.80% | L2: 82.13% | L3: 78.82%
Epoch [5095/10000] Training Loss: 0.1853 Accuracy: 82.85% | L1: 85.34% | L2: 83.46% | L3: 79.74%
Epoch [5096/10000] Training Loss: 0.1853 Accuracy: 82.85% | L1: 85.32% | L2: 83.56% | L3: 79.68%
Validation Loss: 0.2029 
 Accuracy: 82.14% | L1: 85.56% | L2: 82.18% | L3: 78.67%
Epoch [5097/10000] Training Loss: 0.1851 Accuracy: 82.89% | L1: 85.25% | L2: 83.61% | L3: 79.81%
Epoch [5098/10000] Training Loss: 0.1858 Accuracy: 82.80% | L1: 85.22% | L2: 83.47% | L3: 79.70%
Validation Loss: 0.2027 
 Accuracy: 82.47% | L1: 85.94% | L2: 82.38% | L3: 79.08%
Epoch [5099/10000] Training Loss: 0.1842 Accuracy: 82.92% | L1: 85.21% | L2: 83.62% | L3: 79.95%
Epoch [5100/10000] Training Loss: 0.1849 Accuracy: 82.86% | L1: 85.20% | L2: 83.65% | L3: 79.73%
Checkpoint 'best_vit_model_every_100_epoch' saved at epoch 5100
Validation Loss: 0.2039 
 Accuracy: 82.12% | L1: 85.82% | L2: 82.10% | L3: 78.43%
Epoch [5101/10000] Training Loss: 0.1847 Accuracy: 82.88% | L1: 85.26% | L2: 83.62% | L3: 79.76%
Epoch [5102/10000] Training Loss: 0.1846 Accuracy: 82.91% | L1: 85.29% | L2: 83.57% | L3: 79.87%
Validation Loss: 0.2035 
 Accuracy: 82.24% | L1: 85.63% | L2: 82.15% | L3: 78.94%
Epoch [5103/10000] Training Loss: 0.1846 Accuracy: 82.88% | L1: 85.23% | L2: 83.44% | L3: 79.97%
Epoch [5104/10000] Training Loss: 0.1847 Accuracy: 82.87% | L1: 85.17% | L2: 83.51% | L3: 79.92%
Validation Loss: 0.2027 
 Accuracy: 82.40% | L1: 85.92% | L2: 82.29% | L3: 78.99%
Epoch [5105/10000] Training Loss: 0.1848 Accuracy: 82.88% | L1: 85.31% | L2: 83.55% | L3: 79.80%
Epoch [5106/10000] Training Loss: 0.1841 Accuracy: 82.95% | L1: 85.32% | L2: 83.63% | L3: 79.91%
Validation Loss: 0.2017 
 Accuracy: 82.42% | L1: 85.74% | L2: 82.37% | L3: 79.16%
Epoch [5107/10000] Training Loss: 0.1839 Accuracy: 82.86% | L1: 85.12% | L2: 83.61% | L3: 79.86%
Epoch [5108/10000] Training Loss: 0.1839 Accuracy: 82.90% | L1: 85.26% | L2: 83.54% | L3: 79.91%
Validation Loss: 0.2015 
 Accuracy: 82.29% | L1: 85.57% | L2: 82.24% | L3: 79.05%
Epoch [5109/10000] Training Loss: 0.1844 Accuracy: 82.84% | L1: 85.19% | L2: 83.60% | L3: 79.72%
Epoch [5110/10000] Training Loss: 0.1833 Accuracy: 82.93% | L1: 85.21% | L2: 83.69% | L3: 79.89%
Validation Loss: 0.2072 
 Accuracy: 81.93% | L1: 85.59% | L2: 81.93% | L3: 78.28%
Epoch [5111/10000] Training Loss: 0.1846 Accuracy: 82.92% | L1: 85.29% | L2: 83.62% | L3: 79.86%
Epoch [5112/10000] Training Loss: 0.1843 Accuracy: 82.94% | L1: 85.44% | L2: 83.53% | L3: 79.85%
Validation Loss: 0.2075 
 Accuracy: 82.07% | L1: 85.70% | L2: 81.80% | L3: 78.71%
Epoch [5113/10000] Training Loss: 0.1843 Accuracy: 82.91% | L1: 85.32% | L2: 83.56% | L3: 79.86%
Epoch [5114/10000] Training Loss: 0.1842 Accuracy: 82.95% | L1: 85.36% | L2: 83.61% | L3: 79.89%
Validation Loss: 0.2043 
 Accuracy: 82.10% | L1: 85.56% | L2: 82.07% | L3: 78.68%
Epoch [5115/10000] Training Loss: 0.1841 Accuracy: 82.92% | L1: 85.19% | L2: 83.74% | L3: 79.83%
Epoch [5116/10000] Training Loss: 0.1839 Accuracy: 82.97% | L1: 85.34% | L2: 83.71% | L3: 79.86%
Validation Loss: 0.2021 
 Accuracy: 82.50% | L1: 85.93% | L2: 82.37% | L3: 79.19%
Epoch [5117/10000] Training Loss: 0.1832 Accuracy: 82.97% | L1: 85.28% | L2: 83.59% | L3: 80.03%
Epoch [5118/10000] Training Loss: 0.1841 Accuracy: 83.08% | L1: 85.62% | L2: 83.66% | L3: 79.95%
Validation Loss: 0.2033 
 Accuracy: 82.26% | L1: 85.74% | L2: 82.20% | L3: 78.84%
Epoch [5119/10000] Training Loss: 0.1835 Accuracy: 82.94% | L1: 85.25% | L2: 83.65% | L3: 79.92%
Epoch [5120/10000] Training Loss: 0.1843 Accuracy: 82.95% | L1: 85.34% | L2: 83.56% | L3: 79.94%
Validation Loss: 0.2046 
 Accuracy: 82.09% | L1: 85.64% | L2: 81.97% | L3: 78.65%
Epoch [5121/10000] Training Loss: 0.1830 Accuracy: 83.00% | L1: 85.23% | L2: 83.77% | L3: 79.99%
Epoch [5122/10000] Training Loss: 0.1838 Accuracy: 83.01% | L1: 85.38% | L2: 83.66% | L3: 80.00%
Validation Loss: 0.2042 
 Accuracy: 82.22% | L1: 85.71% | L2: 82.16% | L3: 78.79%
Epoch [5123/10000] Training Loss: 0.1832 Accuracy: 82.98% | L1: 85.30% | L2: 83.68% | L3: 79.95%
Epoch [5124/10000] Training Loss: 0.1831 Accuracy: 83.06% | L1: 85.38% | L2: 83.74% | L3: 80.08%
Validation Loss: 0.2052 
 Accuracy: 82.25% | L1: 85.77% | L2: 82.15% | L3: 78.83%
Loading checkpoint from best_vit_model.pth...
DEBUG: No improvement for several epochs. Consider early stopping or adjusting training.
Changing training datasets...
Train indices changed: True
Epoch [5125/10000] Training Loss: 0.1945 Accuracy: 82.31% | L1: 85.47% | L2: 82.62% | L3: 78.84%
Epoch [5126/10000] Training Loss: 0.1948 Accuracy: 82.31% | L1: 85.44% | L2: 82.71% | L3: 78.79%
Validation Loss: 0.2003 
 Accuracy: 82.31% | L1: 85.82% | L2: 82.15% | L3: 78.95%
Checkpoint saved at epoch 5126
Epoch [5127/10000] Training Loss: 0.1949 Accuracy: 82.31% | L1: 85.47% | L2: 82.63% | L3: 78.84%
Epoch [5128/10000] Training Loss: 0.1939 Accuracy: 82.41% | L1: 85.38% | L2: 82.92% | L3: 78.91%
Validation Loss: 0.1973 
 Accuracy: 82.60% | L1: 85.86% | L2: 82.61% | L3: 79.34%
Checkpoint saved at epoch 5128
Epoch [5129/10000] Training Loss: 0.1935 Accuracy: 82.39% | L1: 85.42% | L2: 82.78% | L3: 78.97%
Epoch [5130/10000] Training Loss: 0.1932 Accuracy: 82.41% | L1: 85.36% | L2: 82.83% | L3: 79.03%
Validation Loss: 0.2000 
 Accuracy: 82.38% | L1: 85.78% | L2: 82.35% | L3: 79.02%
Epoch [5131/10000] Training Loss: 0.1931 Accuracy: 82.42% | L1: 85.38% | L2: 82.89% | L3: 78.99%
Epoch [5132/10000] Training Loss: 0.1931 Accuracy: 82.47% | L1: 85.46% | L2: 82.94% | L3: 79.02%
Validation Loss: 0.1986 
 Accuracy: 82.41% | L1: 85.70% | L2: 82.49% | L3: 79.05%
Epoch [5133/10000] Training Loss: 0.1937 Accuracy: 82.50% | L1: 85.61% | L2: 82.81% | L3: 79.07%
Epoch [5134/10000] Training Loss: 0.1926 Accuracy: 82.50% | L1: 85.49% | L2: 82.93% | L3: 79.09%
Validation Loss: 0.1996 
 Accuracy: 82.29% | L1: 85.48% | L2: 82.31% | L3: 79.10%
Epoch [5135/10000] Training Loss: 0.1931 Accuracy: 82.44% | L1: 85.42% | L2: 82.83% | L3: 79.07%
Epoch [5136/10000] Training Loss: 0.1925 Accuracy: 82.49% | L1: 85.42% | L2: 82.92% | L3: 79.11%
Validation Loss: 0.2010 
 Accuracy: 82.39% | L1: 85.87% | L2: 82.14% | L3: 79.16%
Epoch [5137/10000] Training Loss: 0.1922 Accuracy: 82.49% | L1: 85.41% | L2: 82.88% | L3: 79.19%
Epoch [5138/10000] Training Loss: 0.1920 Accuracy: 82.46% | L1: 85.31% | L2: 82.93% | L3: 79.13%
Validation Loss: 0.2017 
 Accuracy: 82.10% | L1: 85.77% | L2: 82.00% | L3: 78.54%
Epoch [5139/10000] Training Loss: 0.1926 Accuracy: 82.50% | L1: 85.53% | L2: 82.89% | L3: 79.08%
Epoch [5140/10000] Training Loss: 0.1925 Accuracy: 82.47% | L1: 85.39% | L2: 82.97% | L3: 79.05%
Validation Loss: 0.2003 
 Accuracy: 82.35% | L1: 85.77% | L2: 82.40% | L3: 78.87%
Epoch [5141/10000] Training Loss: 0.1920 Accuracy: 82.48% | L1: 85.33% | L2: 83.01% | L3: 79.12%
Epoch [5142/10000] Training Loss: 0.1922 Accuracy: 82.51% | L1: 85.42% | L2: 82.92% | L3: 79.18%
Validation Loss: 0.2020 
 Accuracy: 82.38% | L1: 85.75% | L2: 82.43% | L3: 78.95%
Epoch [5143/10000] Training Loss: 0.1918 Accuracy: 82.63% | L1: 85.64% | L2: 83.05% | L3: 79.18%
Epoch [5144/10000] Training Loss: 0.1917 Accuracy: 82.57% | L1: 85.44% | L2: 83.01% | L3: 79.24%
Validation Loss: 0.2018 
 Accuracy: 82.20% | L1: 85.92% | L2: 82.17% | L3: 78.51%
Epoch [5145/10000] Training Loss: 0.1915 Accuracy: 82.67% | L1: 85.63% | L2: 83.18% | L3: 79.19%
Epoch [5146/10000] Training Loss: 0.1913 Accuracy: 82.56% | L1: 85.41% | L2: 83.07% | L3: 79.20%
Validation Loss: 0.2002 
 Accuracy: 82.37% | L1: 85.92% | L2: 82.43% | L3: 78.77%
Epoch [5147/10000] Training Loss: 0.1916 Accuracy: 82.54% | L1: 85.38% | L2: 82.95% | L3: 79.30%
Epoch [5148/10000] Training Loss: 0.1915 Accuracy: 82.58% | L1: 85.43% | L2: 83.04% | L3: 79.27%
Validation Loss: 0.2004 
 Accuracy: 82.32% | L1: 85.65% | L2: 82.39% | L3: 78.92%
Epoch [5149/10000] Training Loss: 0.1906 Accuracy: 82.61% | L1: 85.42% | L2: 83.11% | L3: 79.29%
Epoch [5150/10000] Training Loss: 0.1909 Accuracy: 82.68% | L1: 85.67% | L2: 83.08% | L3: 79.29%
Validation Loss: 0.1978 
 Accuracy: 82.52% | L1: 85.79% | L2: 82.60% | L3: 79.18%
Epoch [5151/10000] Training Loss: 0.1915 Accuracy: 82.55% | L1: 85.46% | L2: 83.03% | L3: 79.15%
Epoch [5152/10000] Training Loss: 0.1919 Accuracy: 82.54% | L1: 85.44% | L2: 83.07% | L3: 79.12%
Validation Loss: 0.2018 
 Accuracy: 82.23% | L1: 85.50% | L2: 82.24% | L3: 78.94%
Epoch [5153/10000] Training Loss: 0.1907 Accuracy: 82.48% | L1: 85.17% | L2: 83.09% | L3: 79.19%
Epoch [5154/10000] Training Loss: 0.1910 Accuracy: 82.59% | L1: 85.45% | L2: 83.06% | L3: 79.24%
Validation Loss: 0.1998 
 Accuracy: 82.37% | L1: 85.61% | L2: 82.34% | L3: 79.17%
Epoch [5155/10000] Training Loss: 0.1894 Accuracy: 82.64% | L1: 85.33% | L2: 83.17% | L3: 79.40%
Epoch [5156/10000] Training Loss: 0.1896 Accuracy: 82.73% | L1: 85.62% | L2: 83.23% | L3: 79.35%
Validation Loss: 0.2005 
 Accuracy: 82.36% | L1: 85.55% | L2: 82.34% | L3: 79.18%
Epoch [5157/10000] Training Loss: 0.1914 Accuracy: 82.61% | L1: 85.37% | L2: 83.11% | L3: 79.33%
Epoch [5158/10000] Training Loss: 0.1906 Accuracy: 82.64% | L1: 85.45% | L2: 83.02% | L3: 79.44%
Validation Loss: 0.2021 
 Accuracy: 82.16% | L1: 85.50% | L2: 82.11% | L3: 78.86%
Epoch [5159/10000] Training Loss: 0.1909 Accuracy: 82.66% | L1: 85.48% | L2: 83.12% | L3: 79.39%
Epoch [5160/10000] Training Loss: 0.1899 Accuracy: 82.69% | L1: 85.36% | L2: 83.38% | L3: 79.34%
Validation Loss: 0.2013 
 Accuracy: 82.32% | L1: 85.46% | L2: 82.32% | L3: 79.18%
Epoch [5161/10000] Training Loss: 0.1904 Accuracy: 82.59% | L1: 85.31% | L2: 83.23% | L3: 79.23%
Epoch [5162/10000] Training Loss: 0.1902 Accuracy: 82.61% | L1: 85.20% | L2: 83.23% | L3: 79.39%
Validation Loss: 0.1998 
 Accuracy: 82.36% | L1: 85.69% | L2: 82.33% | L3: 79.06%
Epoch [5163/10000] Training Loss: 0.1893 Accuracy: 82.67% | L1: 85.36% | L2: 83.17% | L3: 79.46%
Epoch [5164/10000] Training Loss: 0.1898 Accuracy: 82.70% | L1: 85.44% | L2: 83.30% | L3: 79.36%
Validation Loss: 0.2017 
 Accuracy: 82.33% | L1: 85.91% | L2: 82.17% | L3: 78.90%
Epoch [5165/10000] Training Loss: 0.1889 Accuracy: 82.70% | L1: 85.43% | L2: 83.15% | L3: 79.51%
Epoch [5166/10000] Training Loss: 0.1886 Accuracy: 82.74% | L1: 85.44% | L2: 83.29% | L3: 79.50%
Validation Loss: 0.2003 
 Accuracy: 82.38% | L1: 85.73% | L2: 82.30% | L3: 79.12%
Epoch [5167/10000] Training Loss: 0.1900 Accuracy: 82.62% | L1: 85.40% | L2: 83.13% | L3: 79.33%
Epoch [5168/10000] Training Loss: 0.1892 Accuracy: 82.80% | L1: 85.73% | L2: 83.22% | L3: 79.44%
Validation Loss: 0.2047 
 Accuracy: 82.05% | L1: 85.69% | L2: 81.99% | L3: 78.45%
Epoch [5169/10000] Training Loss: 0.1890 Accuracy: 82.84% | L1: 85.73% | L2: 83.34% | L3: 79.46%
Epoch [5170/10000] Training Loss: 0.1889 Accuracy: 82.74% | L1: 85.49% | L2: 83.23% | L3: 79.49%
Validation Loss: 0.2012 
 Accuracy: 82.34% | L1: 85.70% | L2: 82.28% | L3: 79.05%
Epoch [5171/10000] Training Loss: 0.1894 Accuracy: 82.69% | L1: 85.46% | L2: 83.21% | L3: 79.39%
Epoch [5172/10000] Training Loss: 0.1892 Accuracy: 82.69% | L1: 85.34% | L2: 83.25% | L3: 79.48%
Validation Loss: 0.2022 
 Accuracy: 82.27% | L1: 85.43% | L2: 82.15% | L3: 79.24%
Epoch [5173/10000] Training Loss: 0.1882 Accuracy: 82.73% | L1: 85.34% | L2: 83.38% | L3: 79.47%
Epoch [5174/10000] Training Loss: 0.1892 Accuracy: 82.75% | L1: 85.58% | L2: 83.31% | L3: 79.35%
Validation Loss: 0.2032 
 Accuracy: 82.13% | L1: 85.86% | L2: 82.11% | L3: 78.42%
Epoch [5175/10000] Training Loss: 0.1880 Accuracy: 82.78% | L1: 85.53% | L2: 83.22% | L3: 79.61%
Epoch [5176/10000] Training Loss: 0.1884 Accuracy: 82.80% | L1: 85.44% | L2: 83.43% | L3: 79.53%
Validation Loss: 0.2020 
 Accuracy: 82.27% | L1: 85.80% | L2: 82.22% | L3: 78.78%
Epoch [5177/10000] Training Loss: 0.1878 Accuracy: 82.82% | L1: 85.45% | L2: 83.37% | L3: 79.65%
Epoch [5178/10000] Training Loss: 0.1888 Accuracy: 82.80% | L1: 85.50% | L2: 83.38% | L3: 79.51%
Validation Loss: 0.2000 
 Accuracy: 82.52% | L1: 85.80% | L2: 82.52% | L3: 79.23%
Epoch [5179/10000] Training Loss: 0.1885 Accuracy: 82.73% | L1: 85.33% | L2: 83.31% | L3: 79.54%
Epoch [5180/10000] Training Loss: 0.1878 Accuracy: 82.79% | L1: 85.45% | L2: 83.23% | L3: 79.69%
Validation Loss: 0.2013 
 Accuracy: 82.40% | L1: 85.80% | L2: 82.37% | L3: 79.04%
Epoch [5181/10000] Training Loss: 0.1877 Accuracy: 82.88% | L1: 85.56% | L2: 83.44% | L3: 79.65%
Epoch [5182/10000] Training Loss: 0.1882 Accuracy: 82.69% | L1: 85.28% | L2: 83.25% | L3: 79.53%
Validation Loss: 0.2025 
 Accuracy: 82.27% | L1: 85.90% | L2: 82.04% | L3: 78.86%
Epoch [5183/10000] Training Loss: 0.1879 Accuracy: 82.73% | L1: 85.32% | L2: 83.24% | L3: 79.61%
Epoch [5184/10000] Training Loss: 0.1880 Accuracy: 82.71% | L1: 85.25% | L2: 83.32% | L3: 79.57%
Validation Loss: 0.2013 
 Accuracy: 82.35% | L1: 85.95% | L2: 82.15% | L3: 78.94%
Epoch [5185/10000] Training Loss: 0.1871 Accuracy: 82.88% | L1: 85.49% | L2: 83.50% | L3: 79.67%
Epoch [5186/10000] Training Loss: 0.1879 Accuracy: 82.86% | L1: 85.52% | L2: 83.30% | L3: 79.77%
Validation Loss: 0.2026 
 Accuracy: 82.43% | L1: 86.04% | L2: 82.08% | L3: 79.16%
Epoch [5187/10000] Training Loss: 0.1880 Accuracy: 82.84% | L1: 85.54% | L2: 83.35% | L3: 79.62%
Epoch [5188/10000] Training Loss: 0.1872 Accuracy: 82.87% | L1: 85.43% | L2: 83.55% | L3: 79.63%
Validation Loss: 0.2028 
 Accuracy: 82.41% | L1: 85.85% | L2: 82.24% | L3: 79.15%
Epoch [5189/10000] Training Loss: 0.1874 Accuracy: 82.92% | L1: 85.70% | L2: 83.41% | L3: 79.65%
Epoch [5190/10000] Training Loss: 0.1870 Accuracy: 82.89% | L1: 85.46% | L2: 83.50% | L3: 79.71%
Validation Loss: 0.2019 
 Accuracy: 82.16% | L1: 85.59% | L2: 82.15% | L3: 78.73%
Epoch [5191/10000] Training Loss: 0.1866 Accuracy: 82.92% | L1: 85.47% | L2: 83.49% | L3: 79.80%
Epoch [5192/10000] Training Loss: 0.1876 Accuracy: 82.84% | L1: 85.54% | L2: 83.40% | L3: 79.57%
Validation Loss: 0.2035 
 Accuracy: 82.25% | L1: 85.46% | L2: 82.11% | L3: 79.16%
Epoch [5193/10000] Training Loss: 0.1863 Accuracy: 82.87% | L1: 85.41% | L2: 83.46% | L3: 79.74%
Epoch [5194/10000] Training Loss: 0.1877 Accuracy: 82.81% | L1: 85.49% | L2: 83.44% | L3: 79.50%
Validation Loss: 0.2039 
 Accuracy: 82.09% | L1: 85.65% | L2: 82.07% | L3: 78.56%
Epoch [5195/10000] Training Loss: 0.1870 Accuracy: 82.86% | L1: 85.35% | L2: 83.59% | L3: 79.64%
Epoch [5196/10000] Training Loss: 0.1863 Accuracy: 82.91% | L1: 85.49% | L2: 83.58% | L3: 79.65%
Validation Loss: 0.2037 
 Accuracy: 82.11% | L1: 85.50% | L2: 82.04% | L3: 78.80%
Epoch [5197/10000] Training Loss: 0.1869 Accuracy: 82.92% | L1: 85.54% | L2: 83.56% | L3: 79.66%
Epoch [5198/10000] Training Loss: 0.1861 Accuracy: 82.90% | L1: 85.40% | L2: 83.61% | L3: 79.70%
Validation Loss: 0.2021 
 Accuracy: 82.35% | L1: 85.75% | L2: 82.11% | L3: 79.17%
Epoch [5199/10000] Training Loss: 0.1867 Accuracy: 82.92% | L1: 85.52% | L2: 83.50% | L3: 79.75%
Epoch [5200/10000] Training Loss: 0.1865 Accuracy: 82.92% | L1: 85.49% | L2: 83.50% | L3: 79.78%
Checkpoint 'best_vit_model_every_100_epoch' saved at epoch 5200
Validation Loss: 0.2021 
 Accuracy: 82.29% | L1: 85.54% | L2: 82.24% | L3: 79.11%
Epoch [5201/10000] Training Loss: 0.1870 Accuracy: 82.89% | L1: 85.49% | L2: 83.51% | L3: 79.66%
Epoch [5202/10000] Training Loss: 0.1862 Accuracy: 82.91% | L1: 85.52% | L2: 83.48% | L3: 79.73%
Validation Loss: 0.2048 
 Accuracy: 82.11% | L1: 85.75% | L2: 81.88% | L3: 78.71%
Epoch [5203/10000] Training Loss: 0.1867 Accuracy: 82.94% | L1: 85.56% | L2: 83.53% | L3: 79.73%
Epoch [5204/10000] Training Loss: 0.1867 Accuracy: 82.95% | L1: 85.56% | L2: 83.57% | L3: 79.72%
Validation Loss: 0.2043 
 Accuracy: 82.09% | L1: 85.55% | L2: 82.04% | L3: 78.69%
Epoch [5205/10000] Training Loss: 0.1869 Accuracy: 82.89% | L1: 85.50% | L2: 83.46% | L3: 79.72%
Epoch [5206/10000] Training Loss: 0.1874 Accuracy: 82.96% | L1: 85.63% | L2: 83.52% | L3: 79.72%
Validation Loss: 0.2038 
 Accuracy: 82.13% | L1: 85.79% | L2: 81.95% | L3: 78.65%
Epoch [5207/10000] Training Loss: 0.1859 Accuracy: 82.93% | L1: 85.49% | L2: 83.52% | L3: 79.77%
Epoch [5208/10000] Training Loss: 0.1861 Accuracy: 82.93% | L1: 85.45% | L2: 83.60% | L3: 79.73%
Validation Loss: 0.2025 
 Accuracy: 82.35% | L1: 85.64% | L2: 82.26% | L3: 79.13%
Epoch [5209/10000] Training Loss: 0.1857 Accuracy: 82.97% | L1: 85.50% | L2: 83.66% | L3: 79.76%
Epoch [5210/10000] Training Loss: 0.1855 Accuracy: 82.98% | L1: 85.54% | L2: 83.57% | L3: 79.85%
Validation Loss: 0.2048 
 Accuracy: 82.21% | L1: 85.78% | L2: 82.02% | L3: 78.81%
Epoch [5211/10000] Training Loss: 0.1858 Accuracy: 82.94% | L1: 85.40% | L2: 83.63% | L3: 79.80%
Epoch [5212/10000] Training Loss: 0.1852 Accuracy: 82.94% | L1: 85.28% | L2: 83.64% | L3: 79.91%
Validation Loss: 0.2047 
 Accuracy: 82.19% | L1: 85.89% | L2: 81.96% | L3: 78.71%
Epoch [5213/10000] Training Loss: 0.1860 Accuracy: 83.02% | L1: 85.58% | L2: 83.70% | L3: 79.78%
Epoch [5214/10000] Training Loss: 0.1863 Accuracy: 82.96% | L1: 85.46% | L2: 83.64% | L3: 79.77%
Validation Loss: 0.2049 
 Accuracy: 82.15% | L1: 85.54% | L2: 82.12% | L3: 78.78%
Epoch [5215/10000] Training Loss: 0.1857 Accuracy: 82.99% | L1: 85.48% | L2: 83.72% | L3: 79.76%
Epoch [5216/10000] Training Loss: 0.1850 Accuracy: 82.97% | L1: 85.34% | L2: 83.60% | L3: 79.96%
Validation Loss: 0.2059 
 Accuracy: 82.17% | L1: 85.66% | L2: 82.07% | L3: 78.79%
Epoch [5217/10000] Training Loss: 0.1850 Accuracy: 83.00% | L1: 85.39% | L2: 83.76% | L3: 79.86%
Epoch [5218/10000] Training Loss: 0.1855 Accuracy: 83.02% | L1: 85.58% | L2: 83.71% | L3: 79.77%
Validation Loss: 0.2051 
 Accuracy: 82.12% | L1: 85.47% | L2: 82.06% | L3: 78.83%
Epoch [5219/10000] Training Loss: 0.1850 Accuracy: 83.04% | L1: 85.64% | L2: 83.64% | L3: 79.85%
Epoch [5220/10000] Training Loss: 0.1848 Accuracy: 83.04% | L1: 85.49% | L2: 83.75% | L3: 79.87%
Validation Loss: 0.2041 
 Accuracy: 82.16% | L1: 85.77% | L2: 82.01% | L3: 78.69%
Epoch [5221/10000] Training Loss: 0.1852 Accuracy: 82.97% | L1: 85.38% | L2: 83.71% | L3: 79.83%
Epoch [5222/10000] Training Loss: 0.1851 Accuracy: 83.06% | L1: 85.53% | L2: 83.78% | L3: 79.86%
Validation Loss: 0.2040 
 Accuracy: 82.32% | L1: 86.01% | L2: 82.07% | L3: 78.89%
Epoch [5223/10000] Training Loss: 0.1848 Accuracy: 83.01% | L1: 85.39% | L2: 83.75% | L3: 79.87%
Epoch [5224/10000] Training Loss: 0.1853 Accuracy: 83.03% | L1: 85.66% | L2: 83.66% | L3: 79.78%
Validation Loss: 0.2047 
 Accuracy: 82.20% | L1: 85.59% | L2: 82.06% | L3: 78.96%
Epoch [5225/10000] Training Loss: 0.1837 Accuracy: 83.07% | L1: 85.35% | L2: 83.88% | L3: 79.97%
Epoch [5226/10000] Training Loss: 0.1850 Accuracy: 83.00% | L1: 85.40% | L2: 83.78% | L3: 79.81%
Validation Loss: 0.2047 
 Accuracy: 82.17% | L1: 85.62% | L2: 82.13% | L3: 78.76%
Epoch [5227/10000] Training Loss: 0.1848 Accuracy: 83.04% | L1: 85.44% | L2: 83.83% | L3: 79.85%
Epoch [5228/10000] Training Loss: 0.1846 Accuracy: 83.07% | L1: 85.50% | L2: 83.75% | L3: 79.96%
Validation Loss: 0.2042 
 Accuracy: 82.17% | L1: 85.70% | L2: 82.13% | L3: 78.69%
Loading checkpoint from best_vit_model.pth...
DEBUG: No improvement for several epochs. Consider early stopping or adjusting training.
Changing training datasets...
Train indices changed: True
Epoch [5229/10000] Training Loss: 0.1955 Accuracy: 82.29% | L1: 85.41% | L2: 82.71% | L3: 78.76%
Epoch [5230/10000] Training Loss: 0.1941 Accuracy: 82.27% | L1: 85.36% | L2: 82.60% | L3: 78.84%
Validation Loss: 0.1997 
 Accuracy: 82.34% | L1: 85.70% | L2: 82.41% | L3: 78.92%
Checkpoint saved at epoch 5230
Epoch [5231/10000] Training Loss: 0.1931 Accuracy: 82.32% | L1: 85.25% | L2: 82.77% | L3: 78.93%
Epoch [5232/10000] Training Loss: 0.1931 Accuracy: 82.36% | L1: 85.38% | L2: 82.80% | L3: 78.91%
Validation Loss: 0.1991 
 Accuracy: 82.36% | L1: 85.83% | L2: 82.36% | L3: 78.90%
Checkpoint saved at epoch 5232
Epoch [5233/10000] Training Loss: 0.1933 Accuracy: 82.32% | L1: 85.31% | L2: 82.75% | L3: 78.91%
Epoch [5234/10000] Training Loss: 0.1927 Accuracy: 82.39% | L1: 85.43% | L2: 82.77% | L3: 78.96%
Validation Loss: 0.1997 
 Accuracy: 82.28% | L1: 85.61% | L2: 82.35% | L3: 78.87%
Epoch [5235/10000] Training Loss: 0.1924 Accuracy: 82.38% | L1: 85.34% | L2: 82.79% | L3: 78.99%
Epoch [5236/10000] Training Loss: 0.1915 Accuracy: 82.38% | L1: 85.19% | L2: 82.92% | L3: 79.02%
Validation Loss: 0.1982 
 Accuracy: 82.46% | L1: 85.55% | L2: 82.54% | L3: 79.28%
Checkpoint saved at epoch 5236
Epoch [5237/10000] Training Loss: 0.1926 Accuracy: 82.42% | L1: 85.35% | L2: 82.95% | L3: 78.97%
Epoch [5238/10000] Training Loss: 0.1917 Accuracy: 82.38% | L1: 85.20% | L2: 82.93% | L3: 79.00%
Validation Loss: 0.1991 
 Accuracy: 82.52% | L1: 85.99% | L2: 82.36% | L3: 79.20%
Epoch [5239/10000] Training Loss: 0.1928 Accuracy: 82.39% | L1: 85.25% | L2: 82.81% | L3: 79.10%
Epoch [5240/10000] Training Loss: 0.1922 Accuracy: 82.38% | L1: 85.33% | L2: 82.72% | L3: 79.10%
Validation Loss: 0.1998 
 Accuracy: 82.31% | L1: 85.77% | L2: 82.22% | L3: 78.96%
Epoch [5241/10000] Training Loss: 0.1912 Accuracy: 82.43% | L1: 85.21% | L2: 83.01% | L3: 79.06%
Epoch [5242/10000] Training Loss: 0.1910 Accuracy: 82.48% | L1: 85.39% | L2: 82.91% | L3: 79.14%
Validation Loss: 0.2004 
 Accuracy: 82.28% | L1: 85.48% | L2: 82.30% | L3: 79.07%
Epoch [5243/10000] Training Loss: 0.1905 Accuracy: 82.45% | L1: 85.33% | L2: 82.87% | L3: 79.13%
Epoch [5244/10000] Training Loss: 0.1912 Accuracy: 82.42% | L1: 85.26% | L2: 82.95% | L3: 79.06%
Validation Loss: 0.1992 
 Accuracy: 82.49% | L1: 85.87% | L2: 82.42% | L3: 79.17%
Epoch [5245/10000] Training Loss: 0.1907 Accuracy: 82.47% | L1: 85.26% | L2: 82.96% | L3: 79.19%
Epoch [5246/10000] Training Loss: 0.1910 Accuracy: 82.44% | L1: 85.17% | L2: 83.04% | L3: 79.10%
Validation Loss: 0.2005 
 Accuracy: 82.26% | L1: 85.63% | L2: 82.33% | L3: 78.83%
Epoch [5247/10000] Training Loss: 0.1908 Accuracy: 82.49% | L1: 85.44% | L2: 82.83% | L3: 79.21%
Epoch [5248/10000] Training Loss: 0.1905 Accuracy: 82.54% | L1: 85.44% | L2: 82.98% | L3: 79.21%
Validation Loss: 0.2013 
 Accuracy: 82.25% | L1: 85.90% | L2: 82.19% | L3: 78.65%
Epoch [5249/10000] Training Loss: 0.1903 Accuracy: 82.54% | L1: 85.35% | L2: 83.03% | L3: 79.26%
Epoch [5250/10000] Training Loss: 0.1901 Accuracy: 82.55% | L1: 85.27% | L2: 83.09% | L3: 79.28%
Validation Loss: 0.2010 
 Accuracy: 82.31% | L1: 85.67% | L2: 82.31% | L3: 78.95%
Epoch [5251/10000] Training Loss: 0.1906 Accuracy: 82.53% | L1: 85.36% | L2: 83.15% | L3: 79.09%
Epoch [5252/10000] Training Loss: 0.1903 Accuracy: 82.50% | L1: 85.28% | L2: 82.93% | L3: 79.29%
Validation Loss: 0.2026 
 Accuracy: 82.03% | L1: 85.71% | L2: 81.90% | L3: 78.48%
Epoch [5253/10000] Training Loss: 0.1898 Accuracy: 82.58% | L1: 85.33% | L2: 83.20% | L3: 79.22%
Epoch [5254/10000] Training Loss: 0.1902 Accuracy: 82.49% | L1: 85.18% | L2: 83.00% | L3: 79.29%
Validation Loss: 0.2013 
 Accuracy: 82.37% | L1: 85.84% | L2: 82.35% | L3: 78.91%
Epoch [5255/10000] Training Loss: 0.1902 Accuracy: 82.54% | L1: 85.23% | L2: 83.08% | L3: 79.30%
Epoch [5256/10000] Training Loss: 0.1900 Accuracy: 82.54% | L1: 85.37% | L2: 83.18% | L3: 79.07%
Validation Loss: 0.1995 
 Accuracy: 82.31% | L1: 85.61% | L2: 82.37% | L3: 78.95%
Epoch [5257/10000] Training Loss: 0.1902 Accuracy: 82.55% | L1: 85.29% | L2: 83.03% | L3: 79.34%
Epoch [5258/10000] Training Loss: 0.1896 Accuracy: 82.54% | L1: 85.13% | L2: 83.15% | L3: 79.35%
Validation Loss: 0.1995 
 Accuracy: 82.37% | L1: 85.72% | L2: 82.39% | L3: 79.00%
Epoch [5259/10000] Training Loss: 0.1892 Accuracy: 82.59% | L1: 85.24% | L2: 83.19% | L3: 79.34%
Epoch [5260/10000] Training Loss: 0.1898 Accuracy: 82.57% | L1: 85.28% | L2: 83.14% | L3: 79.28%
Validation Loss: 0.2033 
 Accuracy: 82.17% | L1: 85.86% | L2: 82.14% | L3: 78.50%
Epoch [5261/10000] Training Loss: 0.1889 Accuracy: 82.66% | L1: 85.39% | L2: 83.25% | L3: 79.35%
Epoch [5262/10000] Training Loss: 0.1900 Accuracy: 82.55% | L1: 85.20% | L2: 83.08% | L3: 79.38%
Validation Loss: 0.2001 
 Accuracy: 82.39% | L1: 85.84% | L2: 82.26% | L3: 79.07%
Epoch [5263/10000] Training Loss: 0.1892 Accuracy: 82.64% | L1: 85.41% | L2: 82.99% | L3: 79.53%
Epoch [5264/10000] Training Loss: 0.1890 Accuracy: 82.62% | L1: 85.27% | L2: 83.20% | L3: 79.39%
Validation Loss: 0.2003 
 Accuracy: 82.39% | L1: 85.91% | L2: 82.32% | L3: 78.96%
Epoch [5265/10000] Training Loss: 0.1897 Accuracy: 82.61% | L1: 85.40% | L2: 83.08% | L3: 79.35%
Epoch [5266/10000] Training Loss: 0.1887 Accuracy: 82.66% | L1: 85.40% | L2: 83.15% | L3: 79.44%
Validation Loss: 0.2000 
 Accuracy: 82.41% | L1: 85.53% | L2: 82.38% | L3: 79.31%
Epoch [5267/10000] Training Loss: 0.1884 Accuracy: 82.64% | L1: 85.15% | L2: 83.28% | L3: 79.50%
Epoch [5268/10000] Training Loss: 0.1882 Accuracy: 82.61% | L1: 85.15% | L2: 83.27% | L3: 79.42%
Validation Loss: 0.2014 
 Accuracy: 82.25% | L1: 85.70% | L2: 82.21% | L3: 78.84%
Epoch [5269/10000] Training Loss: 0.1891 Accuracy: 82.54% | L1: 85.11% | L2: 83.16% | L3: 79.34%
Epoch [5270/10000] Training Loss: 0.1879 Accuracy: 82.67% | L1: 85.35% | L2: 83.31% | L3: 79.36%
Validation Loss: 0.2019 
 Accuracy: 82.20% | L1: 85.71% | L2: 82.32% | L3: 78.55%
Epoch [5271/10000] Training Loss: 0.1887 Accuracy: 82.63% | L1: 85.34% | L2: 83.16% | L3: 79.38%
Epoch [5272/10000] Training Loss: 0.1881 Accuracy: 82.67% | L1: 85.28% | L2: 83.22% | L3: 79.51%
Validation Loss: 0.2012 
 Accuracy: 82.34% | L1: 85.76% | L2: 82.36% | L3: 78.91%
Epoch [5273/10000] Training Loss: 0.1885 Accuracy: 82.60% | L1: 85.24% | L2: 83.21% | L3: 79.35%
Epoch [5274/10000] Training Loss: 0.1883 Accuracy: 82.64% | L1: 85.21% | L2: 83.26% | L3: 79.46%
Validation Loss: 0.2047 
 Accuracy: 82.02% | L1: 85.62% | L2: 82.11% | L3: 78.32%
Epoch [5275/10000] Training Loss: 0.1882 Accuracy: 82.64% | L1: 85.21% | L2: 83.26% | L3: 79.45%
Epoch [5276/10000] Training Loss: 0.1879 Accuracy: 82.72% | L1: 85.42% | L2: 83.29% | L3: 79.45%
Validation Loss: 0.2014 
 Accuracy: 82.19% | L1: 85.63% | L2: 82.30% | L3: 78.65%
Epoch [5277/10000] Training Loss: 0.1881 Accuracy: 82.74% | L1: 85.38% | L2: 83.32% | L3: 79.52%
Epoch [5278/10000] Training Loss: 0.1881 Accuracy: 82.72% | L1: 85.40% | L2: 83.31% | L3: 79.44%
Validation Loss: 0.2046 
 Accuracy: 82.17% | L1: 85.96% | L2: 81.99% | L3: 78.55%
Epoch [5279/10000] Training Loss: 0.1879 Accuracy: 82.68% | L1: 85.14% | L2: 83.39% | L3: 79.50%
Epoch [5280/10000] Training Loss: 0.1876 Accuracy: 82.67% | L1: 85.28% | L2: 83.16% | L3: 79.58%
Validation Loss: 0.2024 
 Accuracy: 82.27% | L1: 85.60% | L2: 82.21% | L3: 78.99%
Epoch [5281/10000] Training Loss: 0.1871 Accuracy: 82.80% | L1: 85.30% | L2: 83.38% | L3: 79.72%
Epoch [5282/10000] Training Loss: 0.1879 Accuracy: 82.68% | L1: 85.31% | L2: 83.22% | L3: 79.50%
Validation Loss: 0.2010 
 Accuracy: 82.42% | L1: 85.89% | L2: 82.23% | L3: 79.15%
Epoch [5283/10000] Training Loss: 0.1886 Accuracy: 82.69% | L1: 85.39% | L2: 83.30% | L3: 79.39%
Epoch [5284/10000] Training Loss: 0.1874 Accuracy: 82.71% | L1: 85.36% | L2: 83.23% | L3: 79.55%
Validation Loss: 0.2018 
 Accuracy: 82.27% | L1: 85.71% | L2: 82.10% | L3: 79.01%
Epoch [5285/10000] Training Loss: 0.1878 Accuracy: 82.66% | L1: 85.25% | L2: 83.39% | L3: 79.35%
Epoch [5286/10000] Training Loss: 0.1871 Accuracy: 82.80% | L1: 85.33% | L2: 83.57% | L3: 79.50%
Validation Loss: 0.2014 
 Accuracy: 82.37% | L1: 85.77% | L2: 82.31% | L3: 79.04%
Epoch [5287/10000] Training Loss: 0.1877 Accuracy: 82.74% | L1: 85.38% | L2: 83.34% | L3: 79.50%
Epoch [5288/10000] Training Loss: 0.1873 Accuracy: 82.73% | L1: 85.25% | L2: 83.30% | L3: 79.65%
Validation Loss: 0.2009 
 Accuracy: 82.37% | L1: 85.65% | L2: 82.33% | L3: 79.14%
Epoch [5289/10000] Training Loss: 0.1864 Accuracy: 82.87% | L1: 85.46% | L2: 83.48% | L3: 79.68%
Epoch [5290/10000] Training Loss: 0.1862 Accuracy: 82.89% | L1: 85.47% | L2: 83.45% | L3: 79.74%
Validation Loss: 0.2039 
 Accuracy: 82.20% | L1: 85.78% | L2: 82.11% | L3: 78.70%
Epoch [5291/10000] Training Loss: 0.1871 Accuracy: 82.76% | L1: 85.30% | L2: 83.37% | L3: 79.62%
Epoch [5292/10000] Training Loss: 0.1866 Accuracy: 82.76% | L1: 85.26% | L2: 83.43% | L3: 79.59%
Validation Loss: 0.2035 
 Accuracy: 82.29% | L1: 85.86% | L2: 82.16% | L3: 78.83%
Epoch [5293/10000] Training Loss: 0.1879 Accuracy: 82.74% | L1: 85.45% | L2: 83.21% | L3: 79.55%
Epoch [5294/10000] Training Loss: 0.1873 Accuracy: 82.73% | L1: 85.25% | L2: 83.38% | L3: 79.56%
Validation Loss: 0.2035 
 Accuracy: 82.18% | L1: 85.81% | L2: 82.17% | L3: 78.55%
Epoch [5295/10000] Training Loss: 0.1858 Accuracy: 82.84% | L1: 85.28% | L2: 83.48% | L3: 79.75%
Epoch [5296/10000] Training Loss: 0.1873 Accuracy: 82.75% | L1: 85.28% | L2: 83.31% | L3: 79.65%
Validation Loss: 0.2029 
 Accuracy: 82.32% | L1: 85.79% | L2: 82.32% | L3: 78.86%
Epoch [5297/10000] Training Loss: 0.1860 Accuracy: 82.82% | L1: 85.33% | L2: 83.47% | L3: 79.64%
Epoch [5298/10000] Training Loss: 0.1857 Accuracy: 82.87% | L1: 85.33% | L2: 83.45% | L3: 79.82%
Validation Loss: 0.2043 
 Accuracy: 82.18% | L1: 85.86% | L2: 82.01% | L3: 78.67%
Epoch [5299/10000] Training Loss: 0.1859 Accuracy: 82.82% | L1: 85.33% | L2: 83.45% | L3: 79.69%
Epoch [5300/10000] Training Loss: 0.1859 Accuracy: 82.87% | L1: 85.28% | L2: 83.68% | L3: 79.66%
Checkpoint 'best_vit_model_every_100_epoch' saved at epoch 5300
Validation Loss: 0.2054 
 Accuracy: 82.09% | L1: 85.74% | L2: 81.96% | L3: 78.58%
Epoch [5301/10000] Training Loss: 0.1851 Accuracy: 82.85% | L1: 85.28% | L2: 83.49% | L3: 79.77%
Epoch [5302/10000] Training Loss: 0.1856 Accuracy: 82.85% | L1: 85.32% | L2: 83.61% | L3: 79.63%
Validation Loss: 0.2043 
 Accuracy: 82.16% | L1: 85.72% | L2: 82.10% | L3: 78.65%
Epoch [5303/10000] Training Loss: 0.1861 Accuracy: 82.85% | L1: 85.42% | L2: 83.39% | L3: 79.73%
Epoch [5304/10000] Training Loss: 0.1859 Accuracy: 82.86% | L1: 85.42% | L2: 83.55% | L3: 79.63%
Validation Loss: 0.2035 
 Accuracy: 82.25% | L1: 85.80% | L2: 82.11% | L3: 78.85%
Epoch [5305/10000] Training Loss: 0.1852 Accuracy: 82.91% | L1: 85.31% | L2: 83.66% | L3: 79.77%
Epoch [5306/10000] Training Loss: 0.1861 Accuracy: 82.85% | L1: 85.24% | L2: 83.47% | L3: 79.83%
Validation Loss: 0.2030 
 Accuracy: 82.34% | L1: 85.71% | L2: 82.23% | L3: 79.06%
Epoch [5307/10000] Training Loss: 0.1856 Accuracy: 82.85% | L1: 85.34% | L2: 83.58% | L3: 79.64%
Epoch [5308/10000] Training Loss: 0.1854 Accuracy: 82.88% | L1: 85.32% | L2: 83.64% | L3: 79.69%
Validation Loss: 0.2061 
 Accuracy: 81.99% | L1: 85.79% | L2: 81.88% | L3: 78.30%
Epoch [5309/10000] Training Loss: 0.1851 Accuracy: 82.96% | L1: 85.38% | L2: 83.64% | L3: 79.85%
Epoch [5310/10000] Training Loss: 0.1857 Accuracy: 82.89% | L1: 85.39% | L2: 83.57% | L3: 79.71%
Validation Loss: 0.2047 
 Accuracy: 82.15% | L1: 85.81% | L2: 81.91% | L3: 78.74%
Epoch [5311/10000] Training Loss: 0.1853 Accuracy: 82.90% | L1: 85.44% | L2: 83.64% | L3: 79.62%
Epoch [5312/10000] Training Loss: 0.1855 Accuracy: 82.84% | L1: 85.20% | L2: 83.61% | L3: 79.70%
Validation Loss: 0.2039 
 Accuracy: 82.14% | L1: 85.63% | L2: 82.07% | L3: 78.72%
Epoch [5313/10000] Training Loss: 0.1845 Accuracy: 82.95% | L1: 85.24% | L2: 83.76% | L3: 79.86%
Epoch [5314/10000] Training Loss: 0.1849 Accuracy: 82.91% | L1: 85.36% | L2: 83.69% | L3: 79.70%
Validation Loss: 0.2040 
 Accuracy: 82.28% | L1: 85.88% | L2: 82.12% | L3: 78.84%
Epoch [5315/10000] Training Loss: 0.1849 Accuracy: 82.90% | L1: 85.36% | L2: 83.60% | L3: 79.75%
Epoch [5316/10000] Training Loss: 0.1855 Accuracy: 82.91% | L1: 85.30% | L2: 83.66% | L3: 79.76%
Validation Loss: 0.2035 
 Accuracy: 82.03% | L1: 85.53% | L2: 82.23% | L3: 78.34%
Epoch [5317/10000] Training Loss: 0.1844 Accuracy: 82.94% | L1: 85.35% | L2: 83.66% | L3: 79.80%
Epoch [5318/10000] Training Loss: 0.1842 Accuracy: 83.02% | L1: 85.49% | L2: 83.64% | L3: 79.93%
Validation Loss: 0.2028 
 Accuracy: 82.23% | L1: 85.65% | L2: 82.36% | L3: 78.69%
Epoch [5319/10000] Training Loss: 0.1847 Accuracy: 82.92% | L1: 85.29% | L2: 83.71% | L3: 79.75%
Epoch [5320/10000] Training Loss: 0.1850 Accuracy: 82.97% | L1: 85.41% | L2: 83.57% | L3: 79.91%
Validation Loss: 0.2039 
 Accuracy: 82.33% | L1: 85.64% | L2: 82.28% | L3: 79.07%
Epoch [5321/10000] Training Loss: 0.1840 Accuracy: 82.96% | L1: 85.39% | L2: 83.56% | L3: 79.93%
Epoch [5322/10000] Training Loss: 0.1839 Accuracy: 82.97% | L1: 85.33% | L2: 83.68% | L3: 79.89%
Validation Loss: 0.2035 
 Accuracy: 82.28% | L1: 85.80% | L2: 82.14% | L3: 78.89%
Epoch [5323/10000] Training Loss: 0.1845 Accuracy: 82.98% | L1: 85.35% | L2: 83.71% | L3: 79.87%
Epoch [5324/10000] Training Loss: 0.1836 Accuracy: 83.11% | L1: 85.67% | L2: 83.74% | L3: 79.91%
Validation Loss: 0.2064 
 Accuracy: 82.15% | L1: 85.58% | L2: 82.03% | L3: 78.86%
Epoch [5325/10000] Training Loss: 0.1835 Accuracy: 83.05% | L1: 85.52% | L2: 83.69% | L3: 79.95%
Epoch [5326/10000] Training Loss: 0.1847 Accuracy: 82.93% | L1: 85.26% | L2: 83.61% | L3: 79.91%
Validation Loss: 0.2038 
 Accuracy: 82.18% | L1: 85.67% | L2: 82.02% | L3: 78.86%
Epoch [5327/10000] Training Loss: 0.1837 Accuracy: 83.00% | L1: 85.36% | L2: 83.75% | L3: 79.91%
Epoch [5328/10000] Training Loss: 0.1845 Accuracy: 82.97% | L1: 85.39% | L2: 83.57% | L3: 79.96%
Validation Loss: 0.2054 
 Accuracy: 82.08% | L1: 85.47% | L2: 82.13% | L3: 78.63%
Epoch [5329/10000] Training Loss: 0.1838 Accuracy: 82.91% | L1: 85.08% | L2: 83.69% | L3: 79.96%
Epoch [5330/10000] Training Loss: 0.1836 Accuracy: 83.02% | L1: 85.41% | L2: 83.75% | L3: 79.90%
Validation Loss: 0.2064 
 Accuracy: 82.13% | L1: 85.91% | L2: 82.07% | L3: 78.41%
Epoch [5331/10000] Training Loss: 0.1837 Accuracy: 83.01% | L1: 85.26% | L2: 83.72% | L3: 80.06%
Epoch [5332/10000] Training Loss: 0.1844 Accuracy: 82.90% | L1: 85.19% | L2: 83.73% | L3: 79.78%
Validation Loss: 0.2045 
 Accuracy: 82.37% | L1: 85.89% | L2: 82.24% | L3: 78.99%
Epoch [5333/10000] Training Loss: 0.1834 Accuracy: 83.01% | L1: 85.31% | L2: 83.80% | L3: 79.92%
Epoch [5334/10000] Training Loss: 0.1836 Accuracy: 83.00% | L1: 85.38% | L2: 83.69% | L3: 79.95%
Validation Loss: 0.2054 
 Accuracy: 82.20% | L1: 85.68% | L2: 82.15% | L3: 78.75%
Epoch [5335/10000] Training Loss: 0.1832 Accuracy: 83.09% | L1: 85.46% | L2: 83.81% | L3: 79.99%
Epoch [5336/10000] Training Loss: 0.1840 Accuracy: 83.03% | L1: 85.44% | L2: 83.73% | L3: 79.91%
Validation Loss: 0.2042 
 Accuracy: 82.08% | L1: 85.60% | L2: 81.85% | L3: 78.78%
Loading checkpoint from best_vit_model.pth...
DEBUG: No improvement for several epochs. Consider early stopping or adjusting training.
Changing training datasets...
Train indices changed: True
Changing validation datasets...
Validation indices changed: True
Epoch [5337/10000] Training Loss: 0.1934 Accuracy: 82.22% | L1: 85.23% | L2: 82.70% | L3: 78.74%
Epoch [5338/10000] Training Loss: 0.1932 Accuracy: 82.24% | L1: 85.25% | L2: 82.74% | L3: 78.74%
Validation Loss: 0.2023 
 Accuracy: 82.15% | L1: 85.85% | L2: 82.17% | L3: 78.43%
Checkpoint saved at epoch 5338
Epoch [5339/10000] Training Loss: 0.1937 Accuracy: 82.16% | L1: 85.18% | L2: 82.59% | L3: 78.71%
Epoch [5340/10000] Training Loss: 0.1919 Accuracy: 82.30% | L1: 85.15% | L2: 82.80% | L3: 78.95%
Validation Loss: 0.2018 
 Accuracy: 82.27% | L1: 85.78% | L2: 82.20% | L3: 78.83%
Checkpoint saved at epoch 5340
Epoch [5341/10000] Training Loss: 0.1922 Accuracy: 82.34% | L1: 85.24% | L2: 82.76% | L3: 79.02%
Epoch [5342/10000] Training Loss: 0.1922 Accuracy: 82.36% | L1: 85.28% | L2: 82.83% | L3: 78.98%
Validation Loss: 0.2015 
 Accuracy: 82.23% | L1: 85.73% | L2: 82.19% | L3: 78.75%
Checkpoint saved at epoch 5342
Epoch [5343/10000] Training Loss: 0.1922 Accuracy: 82.35% | L1: 85.33% | L2: 82.80% | L3: 78.93%
Epoch [5344/10000] Training Loss: 0.1917 Accuracy: 82.43% | L1: 85.43% | L2: 82.83% | L3: 79.03%
Validation Loss: 0.2007 
 Accuracy: 82.23% | L1: 85.94% | L2: 82.21% | L3: 78.54%
Checkpoint saved at epoch 5344
Epoch [5345/10000] Training Loss: 0.1914 Accuracy: 82.40% | L1: 85.17% | L2: 82.92% | L3: 79.09%
Epoch [5346/10000] Training Loss: 0.1916 Accuracy: 82.41% | L1: 85.36% | L2: 82.86% | L3: 78.99%
Validation Loss: 0.2021 
 Accuracy: 82.35% | L1: 85.96% | L2: 82.17% | L3: 78.92%
Epoch [5347/10000] Training Loss: 0.1913 Accuracy: 82.36% | L1: 85.16% | L2: 82.93% | L3: 78.98%
Epoch [5348/10000] Training Loss: 0.1917 Accuracy: 82.38% | L1: 85.31% | L2: 82.86% | L3: 78.97%
Validation Loss: 0.2023 
 Accuracy: 82.15% | L1: 85.82% | L2: 82.15% | L3: 78.49%
Epoch [5349/10000] Training Loss: 0.1902 Accuracy: 82.43% | L1: 85.14% | L2: 83.05% | L3: 79.10%
Epoch [5350/10000] Training Loss: 0.1909 Accuracy: 82.47% | L1: 85.36% | L2: 83.00% | L3: 79.06%
Validation Loss: 0.2019 
 Accuracy: 82.24% | L1: 85.84% | L2: 82.16% | L3: 78.72%
Epoch [5351/10000] Training Loss: 0.1899 Accuracy: 82.41% | L1: 85.13% | L2: 82.95% | L3: 79.14%
Epoch [5352/10000] Training Loss: 0.1895 Accuracy: 82.50% | L1: 85.39% | L2: 82.92% | L3: 79.17%
Validation Loss: 0.1998 
 Accuracy: 82.32% | L1: 85.77% | L2: 82.23% | L3: 78.96%
Checkpoint saved at epoch 5352
Epoch [5353/10000] Training Loss: 0.1909 Accuracy: 82.43% | L1: 85.22% | L2: 83.00% | L3: 79.08%
Epoch [5354/10000] Training Loss: 0.1904 Accuracy: 82.48% | L1: 85.25% | L2: 83.04% | L3: 79.15%
Validation Loss: 0.2014 
 Accuracy: 82.36% | L1: 86.00% | L2: 82.29% | L3: 78.80%
Epoch [5355/10000] Training Loss: 0.1906 Accuracy: 82.41% | L1: 85.28% | L2: 82.90% | L3: 79.05%
Epoch [5356/10000] Training Loss: 0.1899 Accuracy: 82.57% | L1: 85.36% | L2: 83.07% | L3: 79.27%
Validation Loss: 0.2016 
 Accuracy: 82.29% | L1: 85.81% | L2: 82.24% | L3: 78.82%
Epoch [5357/10000] Training Loss: 0.1905 Accuracy: 82.49% | L1: 85.26% | L2: 82.94% | L3: 79.27%
Epoch [5358/10000] Training Loss: 0.1897 Accuracy: 82.46% | L1: 85.00% | L2: 83.14% | L3: 79.24%
Validation Loss: 0.2029 
 Accuracy: 82.14% | L1: 85.94% | L2: 82.04% | L3: 78.45%
Epoch [5359/10000] Training Loss: 0.1894 Accuracy: 82.50% | L1: 85.23% | L2: 82.98% | L3: 79.29%
Epoch [5360/10000] Training Loss: 0.1897 Accuracy: 82.51% | L1: 85.23% | L2: 83.05% | L3: 79.24%
Validation Loss: 0.2010 
 Accuracy: 82.30% | L1: 85.86% | L2: 82.15% | L3: 78.88%
Epoch [5361/10000] Training Loss: 0.1887 Accuracy: 82.57% | L1: 85.22% | L2: 83.16% | L3: 79.33%
Epoch [5362/10000] Training Loss: 0.1895 Accuracy: 82.53% | L1: 85.31% | L2: 83.02% | L3: 79.27%
Validation Loss: 0.2011 
 Accuracy: 82.40% | L1: 85.74% | L2: 82.28% | L3: 79.18%
Epoch [5363/10000] Training Loss: 0.1885 Accuracy: 82.54% | L1: 85.16% | L2: 83.14% | L3: 79.33%
Epoch [5364/10000] Training Loss: 0.1890 Accuracy: 82.53% | L1: 85.24% | L2: 83.05% | L3: 79.31%
Validation Loss: 0.2018 
 Accuracy: 82.20% | L1: 85.84% | L2: 82.14% | L3: 78.63%
Epoch [5365/10000] Training Loss: 0.1881 Accuracy: 82.61% | L1: 85.33% | L2: 83.29% | L3: 79.21%
Epoch [5366/10000] Training Loss: 0.1888 Accuracy: 82.56% | L1: 85.32% | L2: 83.12% | L3: 79.24%
Validation Loss: 0.2018 
 Accuracy: 82.27% | L1: 85.83% | L2: 82.14% | L3: 78.85%
Epoch [5367/10000] Training Loss: 0.1888 Accuracy: 82.54% | L1: 85.13% | L2: 83.22% | L3: 79.26%
Epoch [5368/10000] Training Loss: 0.1886 Accuracy: 82.62% | L1: 85.43% | L2: 83.16% | L3: 79.28%
Validation Loss: 0.2021 
 Accuracy: 82.33% | L1: 85.87% | L2: 82.19% | L3: 78.95%
Epoch [5369/10000] Training Loss: 0.1889 Accuracy: 82.55% | L1: 85.18% | L2: 83.16% | L3: 79.32%
Epoch [5370/10000] Training Loss: 0.1887 Accuracy: 82.56% | L1: 85.25% | L2: 83.17% | L3: 79.26%
Validation Loss: 0.2025 
 Accuracy: 82.09% | L1: 85.66% | L2: 82.26% | L3: 78.37%
Epoch [5371/10000] Training Loss: 0.1888 Accuracy: 82.56% | L1: 85.11% | L2: 83.15% | L3: 79.42%
Epoch [5372/10000] Training Loss: 0.1883 Accuracy: 82.51% | L1: 85.06% | L2: 83.12% | L3: 79.34%
Validation Loss: 0.2031 
 Accuracy: 82.07% | L1: 85.59% | L2: 82.03% | L3: 78.59%
Epoch [5373/10000] Training Loss: 0.1885 Accuracy: 82.64% | L1: 85.32% | L2: 83.26% | L3: 79.35%
Epoch [5374/10000] Training Loss: 0.1880 Accuracy: 82.62% | L1: 85.19% | L2: 83.32% | L3: 79.35%
Validation Loss: 0.2014 
 Accuracy: 82.40% | L1: 85.87% | L2: 82.42% | L3: 78.90%
Epoch [5375/10000] Training Loss: 0.1883 Accuracy: 82.62% | L1: 85.28% | L2: 83.27% | L3: 79.30%
Epoch [5376/10000] Training Loss: 0.1875 Accuracy: 82.68% | L1: 85.33% | L2: 83.32% | L3: 79.38%
Validation Loss: 0.2045 
 Accuracy: 82.10% | L1: 85.89% | L2: 81.94% | L3: 78.48%
Epoch [5377/10000] Training Loss: 0.1876 Accuracy: 82.61% | L1: 85.23% | L2: 83.21% | L3: 79.37%
Epoch [5378/10000] Training Loss: 0.1878 Accuracy: 82.65% | L1: 85.32% | L2: 83.17% | L3: 79.45%
Validation Loss: 0.2020 
 Accuracy: 82.30% | L1: 85.64% | L2: 82.28% | L3: 78.98%
Epoch [5379/10000] Training Loss: 0.1875 Accuracy: 82.69% | L1: 85.38% | L2: 83.23% | L3: 79.46%
Epoch [5380/10000] Training Loss: 0.1875 Accuracy: 82.66% | L1: 85.33% | L2: 83.21% | L3: 79.46%
Validation Loss: 0.2017 
 Accuracy: 82.26% | L1: 85.83% | L2: 82.37% | L3: 78.58%
Epoch [5381/10000] Training Loss: 0.1873 Accuracy: 82.66% | L1: 85.33% | L2: 83.16% | L3: 79.48%
Epoch [5382/10000] Training Loss: 0.1877 Accuracy: 82.73% | L1: 85.54% | L2: 83.32% | L3: 79.32%
Validation Loss: 0.2028 
 Accuracy: 82.11% | L1: 85.56% | L2: 82.09% | L3: 78.68%
Epoch [5383/10000] Training Loss: 0.1878 Accuracy: 82.70% | L1: 85.36% | L2: 83.37% | L3: 79.36%
Epoch [5384/10000] Training Loss: 0.1869 Accuracy: 82.72% | L1: 85.29% | L2: 83.37% | L3: 79.49%
Validation Loss: 0.2021 
 Accuracy: 82.26% | L1: 85.65% | L2: 82.33% | L3: 78.80%
Epoch [5385/10000] Training Loss: 0.1864 Accuracy: 82.67% | L1: 85.08% | L2: 83.46% | L3: 79.48%
Epoch [5386/10000] Training Loss: 0.1861 Accuracy: 82.70% | L1: 85.23% | L2: 83.38% | L3: 79.50%
Validation Loss: 0.2017 
 Accuracy: 82.37% | L1: 85.83% | L2: 82.27% | L3: 79.01%
Epoch [5387/10000] Training Loss: 0.1876 Accuracy: 82.62% | L1: 85.23% | L2: 83.23% | L3: 79.38%
Epoch [5388/10000] Training Loss: 0.1866 Accuracy: 82.74% | L1: 85.26% | L2: 83.36% | L3: 79.60%
Validation Loss: 0.2029 
 Accuracy: 82.37% | L1: 85.66% | L2: 82.22% | L3: 79.22%
Epoch [5389/10000] Training Loss: 0.1868 Accuracy: 82.73% | L1: 85.28% | L2: 83.38% | L3: 79.52%
Epoch [5390/10000] Training Loss: 0.1858 Accuracy: 82.75% | L1: 85.25% | L2: 83.41% | L3: 79.59%
Validation Loss: 0.2012 
 Accuracy: 82.24% | L1: 85.57% | L2: 82.33% | L3: 78.82%
Epoch [5391/10000] Training Loss: 0.1867 Accuracy: 82.72% | L1: 85.24% | L2: 83.32% | L3: 79.61%
Epoch [5392/10000] Training Loss: 0.1874 Accuracy: 82.69% | L1: 85.28% | L2: 83.29% | L3: 79.49%
Validation Loss: 0.2085 
 Accuracy: 81.81% | L1: 85.86% | L2: 81.73% | L3: 77.83%
Epoch [5393/10000] Training Loss: 0.1864 Accuracy: 82.65% | L1: 85.05% | L2: 83.26% | L3: 79.63%
Epoch [5394/10000] Training Loss: 0.1865 Accuracy: 82.71% | L1: 85.10% | L2: 83.45% | L3: 79.58%
Validation Loss: 0.2026 
 Accuracy: 82.28% | L1: 85.71% | L2: 82.30% | L3: 78.82%
Epoch [5395/10000] Training Loss: 0.1863 Accuracy: 82.73% | L1: 85.32% | L2: 83.34% | L3: 79.54%
Epoch [5396/10000] Training Loss: 0.1859 Accuracy: 82.68% | L1: 85.09% | L2: 83.45% | L3: 79.49%
Validation Loss: 0.2034 
 Accuracy: 82.23% | L1: 85.91% | L2: 82.09% | L3: 78.70%
Epoch [5397/10000] Training Loss: 0.1863 Accuracy: 82.76% | L1: 85.36% | L2: 83.27% | L3: 79.65%
Epoch [5398/10000] Training Loss: 0.1870 Accuracy: 82.78% | L1: 85.50% | L2: 83.27% | L3: 79.57%
Validation Loss: 0.2029 
 Accuracy: 82.38% | L1: 86.01% | L2: 82.21% | L3: 78.93%
Epoch [5399/10000] Training Loss: 0.1852 Accuracy: 82.88% | L1: 85.44% | L2: 83.57% | L3: 79.64%
Epoch [5400/10000] Training Loss: 0.1860 Accuracy: 82.77% | L1: 85.30% | L2: 83.42% | L3: 79.58%
Checkpoint 'best_vit_model_every_100_epoch' saved at epoch 5400
Validation Loss: 0.2032 
 Accuracy: 82.24% | L1: 85.94% | L2: 82.27% | L3: 78.50%
Epoch [5401/10000] Training Loss: 0.1858 Accuracy: 82.81% | L1: 85.29% | L2: 83.50% | L3: 79.65%
Epoch [5402/10000] Training Loss: 0.1862 Accuracy: 82.78% | L1: 85.25% | L2: 83.46% | L3: 79.62%
Validation Loss: 0.2019 
 Accuracy: 82.30% | L1: 85.77% | L2: 82.33% | L3: 78.78%
Epoch [5403/10000] Training Loss: 0.1854 Accuracy: 82.78% | L1: 85.16% | L2: 83.54% | L3: 79.65%
Epoch [5404/10000] Training Loss: 0.1864 Accuracy: 82.76% | L1: 85.21% | L2: 83.51% | L3: 79.57%
Validation Loss: 0.2037 
 Accuracy: 82.24% | L1: 85.90% | L2: 81.97% | L3: 78.86%
Epoch [5405/10000] Training Loss: 0.1852 Accuracy: 82.81% | L1: 85.28% | L2: 83.57% | L3: 79.58%
Epoch [5406/10000] Training Loss: 0.1859 Accuracy: 82.84% | L1: 85.42% | L2: 83.51% | L3: 79.60%
Validation Loss: 0.2044 
 Accuracy: 82.11% | L1: 85.83% | L2: 82.04% | L3: 78.47%
Epoch [5407/10000] Training Loss: 0.1853 Accuracy: 82.82% | L1: 85.23% | L2: 83.56% | L3: 79.68%
Epoch [5408/10000] Training Loss: 0.1844 Accuracy: 82.97% | L1: 85.45% | L2: 83.71% | L3: 79.76%
Validation Loss: 0.2051 
 Accuracy: 82.17% | L1: 85.71% | L2: 82.16% | L3: 78.62%
Epoch [5409/10000] Training Loss: 0.1842 Accuracy: 82.84% | L1: 85.19% | L2: 83.54% | L3: 79.81%
Epoch [5410/10000] Training Loss: 0.1852 Accuracy: 82.90% | L1: 85.50% | L2: 83.43% | L3: 79.78%
Validation Loss: 0.2048 
 Accuracy: 82.08% | L1: 85.86% | L2: 82.06% | L3: 78.32%
Epoch [5411/10000] Training Loss: 0.1850 Accuracy: 82.93% | L1: 85.48% | L2: 83.55% | L3: 79.76%
Epoch [5412/10000] Training Loss: 0.1850 Accuracy: 82.88% | L1: 85.37% | L2: 83.48% | L3: 79.80%
Validation Loss: 0.2048 
 Accuracy: 82.20% | L1: 85.80% | L2: 81.93% | L3: 78.86%
Epoch [5413/10000] Training Loss: 0.1855 Accuracy: 82.88% | L1: 85.52% | L2: 83.53% | L3: 79.59%
Epoch [5414/10000] Training Loss: 0.1848 Accuracy: 82.88% | L1: 85.32% | L2: 83.74% | L3: 79.59%
Validation Loss: 0.2057 
 Accuracy: 82.07% | L1: 85.76% | L2: 82.03% | L3: 78.43%
Epoch [5415/10000] Training Loss: 0.1849 Accuracy: 82.81% | L1: 85.19% | L2: 83.52% | L3: 79.72%
Epoch [5416/10000] Training Loss: 0.1848 Accuracy: 82.87% | L1: 85.47% | L2: 83.48% | L3: 79.66%
Validation Loss: 0.2027 
 Accuracy: 82.27% | L1: 85.93% | L2: 82.17% | L3: 78.71%
Epoch [5417/10000] Training Loss: 0.1846 Accuracy: 82.95% | L1: 85.46% | L2: 83.56% | L3: 79.82%
Epoch [5418/10000] Training Loss: 0.1845 Accuracy: 82.88% | L1: 85.31% | L2: 83.56% | L3: 79.76%
Validation Loss: 0.2046 
 Accuracy: 82.24% | L1: 85.72% | L2: 82.24% | L3: 78.77%
Epoch [5419/10000] Training Loss: 0.1847 Accuracy: 82.92% | L1: 85.40% | L2: 83.65% | L3: 79.71%
Epoch [5420/10000] Training Loss: 0.1841 Accuracy: 82.93% | L1: 85.36% | L2: 83.68% | L3: 79.75%
Validation Loss: 0.2067 
 Accuracy: 82.13% | L1: 85.72% | L2: 82.05% | L3: 78.61%
Epoch [5421/10000] Training Loss: 0.1835 Accuracy: 82.95% | L1: 85.30% | L2: 83.77% | L3: 79.78%
Epoch [5422/10000] Training Loss: 0.1838 Accuracy: 82.91% | L1: 85.18% | L2: 83.64% | L3: 79.91%
Validation Loss: 0.2048 
 Accuracy: 82.21% | L1: 85.87% | L2: 82.08% | L3: 78.69%
Epoch [5423/10000] Training Loss: 0.1840 Accuracy: 82.90% | L1: 85.25% | L2: 83.68% | L3: 79.78%
Epoch [5424/10000] Training Loss: 0.1839 Accuracy: 82.92% | L1: 85.33% | L2: 83.67% | L3: 79.77%
Validation Loss: 0.2066 
 Accuracy: 82.14% | L1: 86.01% | L2: 81.99% | L3: 78.41%
Epoch [5425/10000] Training Loss: 0.1833 Accuracy: 82.96% | L1: 85.20% | L2: 83.82% | L3: 79.85%
Epoch [5426/10000] Training Loss: 0.1842 Accuracy: 82.97% | L1: 85.45% | L2: 83.65% | L3: 79.81%
Validation Loss: 0.2064 
 Accuracy: 82.01% | L1: 85.82% | L2: 81.89% | L3: 78.32%
Epoch [5427/10000] Training Loss: 0.1840 Accuracy: 82.88% | L1: 85.12% | L2: 83.68% | L3: 79.84%
Epoch [5428/10000] Training Loss: 0.1845 Accuracy: 82.90% | L1: 85.36% | L2: 83.66% | L3: 79.66%
Validation Loss: 0.2058 
 Accuracy: 82.15% | L1: 85.76% | L2: 82.01% | L3: 78.67%
Epoch [5429/10000] Training Loss: 0.1829 Accuracy: 83.00% | L1: 85.25% | L2: 83.76% | L3: 79.99%
Epoch [5430/10000] Training Loss: 0.1837 Accuracy: 82.99% | L1: 85.37% | L2: 83.66% | L3: 79.93%
Validation Loss: 0.2047 
 Accuracy: 82.19% | L1: 85.80% | L2: 82.14% | L3: 78.64%
Epoch [5431/10000] Training Loss: 0.1835 Accuracy: 82.97% | L1: 85.46% | L2: 83.70% | L3: 79.75%
Epoch [5432/10000] Training Loss: 0.1841 Accuracy: 83.01% | L1: 85.56% | L2: 83.64% | L3: 79.83%
Validation Loss: 0.2066 
 Accuracy: 82.04% | L1: 85.75% | L2: 81.93% | L3: 78.45%
Epoch [5433/10000] Training Loss: 0.1831 Accuracy: 83.05% | L1: 85.41% | L2: 83.83% | L3: 79.90%
Epoch [5434/10000] Training Loss: 0.1836 Accuracy: 83.03% | L1: 85.52% | L2: 83.78% | L3: 79.78%
Validation Loss: 0.2061 
 Accuracy: 82.01% | L1: 85.79% | L2: 81.95% | L3: 78.27%
Epoch [5435/10000] Training Loss: 0.1834 Accuracy: 82.97% | L1: 85.32% | L2: 83.70% | L3: 79.88%
Epoch [5436/10000] Training Loss: 0.1835 Accuracy: 82.91% | L1: 85.25% | L2: 83.71% | L3: 79.78%
Validation Loss: 0.2052 
 Accuracy: 82.22% | L1: 85.94% | L2: 82.00% | L3: 78.72%
Epoch [5437/10000] Training Loss: 0.1834 Accuracy: 82.99% | L1: 85.39% | L2: 83.70% | L3: 79.89%
Epoch [5438/10000] Training Loss: 0.1830 Accuracy: 83.06% | L1: 85.40% | L2: 83.79% | L3: 79.97%
Validation Loss: 0.2057 
 Accuracy: 82.31% | L1: 85.65% | L2: 82.09% | L3: 79.19%
Epoch [5439/10000] Training Loss: 0.1829 Accuracy: 83.04% | L1: 85.49% | L2: 83.77% | L3: 79.85%
Epoch [5440/10000] Training Loss: 0.1831 Accuracy: 82.98% | L1: 85.35% | L2: 83.76% | L3: 79.83%
Validation Loss: 0.2071 
 Accuracy: 82.27% | L1: 85.92% | L2: 82.10% | L3: 78.78%
Epoch [5441/10000] Training Loss: 0.1826 Accuracy: 83.05% | L1: 85.45% | L2: 83.68% | L3: 80.02%
Epoch [5442/10000] Training Loss: 0.1833 Accuracy: 82.92% | L1: 85.14% | L2: 83.80% | L3: 79.82%
Validation Loss: 0.2070 
 Accuracy: 82.00% | L1: 85.87% | L2: 81.87% | L3: 78.27%
Epoch [5443/10000] Training Loss: 0.1832 Accuracy: 82.99% | L1: 85.22% | L2: 83.78% | L3: 79.97%
Epoch [5444/10000] Training Loss: 0.1828 Accuracy: 83.00% | L1: 85.33% | L2: 83.77% | L3: 79.91%
Validation Loss: 0.2067 
 Accuracy: 81.90% | L1: 85.48% | L2: 81.87% | L3: 78.35%
Epoch [5445/10000] Training Loss: 0.1823 Accuracy: 83.03% | L1: 85.29% | L2: 83.82% | L3: 79.97%
Epoch [5446/10000] Training Loss: 0.1823 Accuracy: 83.02% | L1: 85.27% | L2: 83.88% | L3: 79.93%
Validation Loss: 0.2078 
 Accuracy: 82.02% | L1: 85.76% | L2: 81.96% | L3: 78.34%
Epoch [5447/10000] Training Loss: 0.1818 Accuracy: 83.09% | L1: 85.40% | L2: 83.89% | L3: 79.97%
Epoch [5448/10000] Training Loss: 0.1822 Accuracy: 83.12% | L1: 85.50% | L2: 83.85% | L3: 80.01%
Validation Loss: 0.2056 
 Accuracy: 82.15% | L1: 85.63% | L2: 82.00% | L3: 78.82%
Epoch [5449/10000] Training Loss: 0.1822 Accuracy: 83.04% | L1: 85.22% | L2: 83.87% | L3: 80.04%
Epoch [5450/10000] Training Loss: 0.1821 Accuracy: 83.06% | L1: 85.31% | L2: 83.81% | L3: 80.06%
Validation Loss: 0.2058 
 Accuracy: 82.08% | L1: 85.77% | L2: 81.99% | L3: 78.47%
Epoch [5451/10000] Training Loss: 0.1822 Accuracy: 83.00% | L1: 85.23% | L2: 83.74% | L3: 80.03%
Epoch [5452/10000] Training Loss: 0.1819 Accuracy: 83.08% | L1: 85.29% | L2: 83.82% | L3: 80.13%
Validation Loss: 0.2073 
 Accuracy: 82.18% | L1: 85.99% | L2: 81.97% | L3: 78.56%
Loading checkpoint from best_vit_model.pth...
DEBUG: No improvement for several epochs. Consider early stopping or adjusting training.
Changing training datasets...
Train indices changed: True
Epoch [5453/10000] Training Loss: 0.1933 Accuracy: 82.26% | L1: 85.26% | L2: 82.72% | L3: 78.80%
Epoch [5454/10000] Training Loss: 0.1933 Accuracy: 82.21% | L1: 85.06% | L2: 82.66% | L3: 78.93%
Validation Loss: 0.1990 
 Accuracy: 82.44% | L1: 86.03% | L2: 82.52% | L3: 78.77%
Checkpoint saved at epoch 5454
Epoch [5455/10000] Training Loss: 0.1929 Accuracy: 82.30% | L1: 85.18% | L2: 82.81% | L3: 78.91%
Epoch [5456/10000] Training Loss: 0.1919 Accuracy: 82.35% | L1: 85.15% | L2: 82.83% | L3: 79.05%
Validation Loss: 0.2022 
 Accuracy: 82.06% | L1: 85.80% | L2: 82.06% | L3: 78.34%
Epoch [5457/10000] Training Loss: 0.1915 Accuracy: 82.44% | L1: 85.27% | L2: 83.01% | L3: 79.05%
Epoch [5458/10000] Training Loss: 0.1907 Accuracy: 82.48% | L1: 85.44% | L2: 82.90% | L3: 79.11%
Validation Loss: 0.2002 
 Accuracy: 82.23% | L1: 85.43% | L2: 82.44% | L3: 78.80%
Epoch [5459/10000] Training Loss: 0.1915 Accuracy: 82.42% | L1: 85.36% | L2: 82.72% | L3: 79.19%
Epoch [5460/10000] Training Loss: 0.1915 Accuracy: 82.42% | L1: 85.30% | L2: 82.93% | L3: 79.02%
Validation Loss: 0.2004 
 Accuracy: 82.39% | L1: 85.85% | L2: 82.29% | L3: 79.04%
Epoch [5461/10000] Training Loss: 0.1906 Accuracy: 82.44% | L1: 85.25% | L2: 82.87% | L3: 79.19%
Epoch [5462/10000] Training Loss: 0.1908 Accuracy: 82.40% | L1: 85.18% | L2: 82.84% | L3: 79.17%
Validation Loss: 0.2028 
 Accuracy: 81.97% | L1: 85.65% | L2: 82.00% | L3: 78.26%
Epoch [5463/10000] Training Loss: 0.1905 Accuracy: 82.44% | L1: 85.19% | L2: 82.98% | L3: 79.13%
Epoch [5464/10000] Training Loss: 0.1893 Accuracy: 82.47% | L1: 85.06% | L2: 83.04% | L3: 79.31%
Validation Loss: 0.2002 
 Accuracy: 82.37% | L1: 85.98% | L2: 82.38% | L3: 78.75%
Epoch [5465/10000] Training Loss: 0.1903 Accuracy: 82.47% | L1: 85.15% | L2: 83.09% | L3: 79.16%
Epoch [5466/10000] Training Loss: 0.1899 Accuracy: 82.58% | L1: 85.34% | L2: 83.10% | L3: 79.31%
Validation Loss: 0.2021 
 Accuracy: 82.26% | L1: 85.64% | L2: 82.19% | L3: 78.94%
Epoch [5467/10000] Training Loss: 0.1896 Accuracy: 82.54% | L1: 85.28% | L2: 83.03% | L3: 79.30%
Epoch [5468/10000] Training Loss: 0.1892 Accuracy: 82.60% | L1: 85.34% | L2: 83.14% | L3: 79.31%
Validation Loss: 0.2005 
 Accuracy: 82.44% | L1: 85.97% | L2: 82.35% | L3: 78.99%
Epoch [5469/10000] Training Loss: 0.1892 Accuracy: 82.57% | L1: 85.22% | L2: 83.15% | L3: 79.35%
Epoch [5470/10000] Training Loss: 0.1894 Accuracy: 82.53% | L1: 85.19% | L2: 83.07% | L3: 79.33%
Validation Loss: 0.2005 
 Accuracy: 82.33% | L1: 85.91% | L2: 82.36% | L3: 78.73%
Epoch [5471/10000] Training Loss: 0.1893 Accuracy: 82.50% | L1: 85.20% | L2: 83.15% | L3: 79.16%
Epoch [5472/10000] Training Loss: 0.1890 Accuracy: 82.59% | L1: 85.37% | L2: 83.16% | L3: 79.25%
Validation Loss: 0.1999 
 Accuracy: 82.43% | L1: 85.87% | L2: 82.38% | L3: 79.04%
Epoch [5473/10000] Training Loss: 0.1893 Accuracy: 82.61% | L1: 85.31% | L2: 83.09% | L3: 79.43%
Epoch [5474/10000] Training Loss: 0.1882 Accuracy: 82.61% | L1: 85.17% | L2: 83.35% | L3: 79.29%
Validation Loss: 0.2029 
 Accuracy: 82.18% | L1: 86.08% | L2: 82.15% | L3: 78.32%
Epoch [5475/10000] Training Loss: 0.1882 Accuracy: 82.63% | L1: 85.30% | L2: 83.18% | L3: 79.42%
Epoch [5476/10000] Training Loss: 0.1884 Accuracy: 82.59% | L1: 85.13% | L2: 83.25% | L3: 79.38%
Validation Loss: 0.2027 
 Accuracy: 82.16% | L1: 85.82% | L2: 82.18% | L3: 78.49%
Epoch [5477/10000] Training Loss: 0.1888 Accuracy: 82.64% | L1: 85.38% | L2: 83.21% | L3: 79.32%
Epoch [5478/10000] Training Loss: 0.1877 Accuracy: 82.74% | L1: 85.52% | L2: 83.32% | L3: 79.39%
Validation Loss: 0.2019 
 Accuracy: 82.26% | L1: 85.60% | L2: 82.28% | L3: 78.89%
Epoch [5479/10000] Training Loss: 0.1882 Accuracy: 82.63% | L1: 85.27% | L2: 83.10% | L3: 79.52%
Epoch [5480/10000] Training Loss: 0.1883 Accuracy: 82.66% | L1: 85.31% | L2: 83.24% | L3: 79.43%
Validation Loss: 0.2003 
 Accuracy: 82.35% | L1: 85.77% | L2: 82.34% | L3: 78.95%
Epoch [5481/10000] Training Loss: 0.1882 Accuracy: 82.68% | L1: 85.45% | L2: 83.15% | L3: 79.43%
Epoch [5482/10000] Training Loss: 0.1881 Accuracy: 82.68% | L1: 85.36% | L2: 83.30% | L3: 79.37%
Validation Loss: 0.2027 
 Accuracy: 82.32% | L1: 86.13% | L2: 82.22% | L3: 78.61%
Epoch [5483/10000] Training Loss: 0.1879 Accuracy: 82.61% | L1: 85.19% | L2: 83.11% | L3: 79.54%
Epoch [5484/10000] Training Loss: 0.1881 Accuracy: 82.66% | L1: 85.29% | L2: 83.30% | L3: 79.41%
Validation Loss: 0.2015 
 Accuracy: 82.36% | L1: 85.69% | L2: 82.49% | L3: 78.90%
Epoch [5485/10000] Training Loss: 0.1880 Accuracy: 82.63% | L1: 85.24% | L2: 83.21% | L3: 79.45%
Epoch [5486/10000] Training Loss: 0.1880 Accuracy: 82.72% | L1: 85.33% | L2: 83.29% | L3: 79.53%
Validation Loss: 0.2050 
 Accuracy: 81.97% | L1: 85.89% | L2: 81.89% | L3: 78.12%
Epoch [5487/10000] Training Loss: 0.1882 Accuracy: 82.66% | L1: 85.26% | L2: 83.32% | L3: 79.39%
Epoch [5488/10000] Training Loss: 0.1871 Accuracy: 82.78% | L1: 85.35% | L2: 83.45% | L3: 79.54%
Validation Loss: 0.2019 
 Accuracy: 82.34% | L1: 85.69% | L2: 82.42% | L3: 78.91%
Epoch [5489/10000] Training Loss: 0.1873 Accuracy: 82.79% | L1: 85.43% | L2: 83.41% | L3: 79.53%
Epoch [5490/10000] Training Loss: 0.1875 Accuracy: 82.69% | L1: 85.27% | L2: 83.40% | L3: 79.39%
Validation Loss: 0.2039 
 Accuracy: 82.11% | L1: 85.71% | L2: 82.21% | L3: 78.41%
Epoch [5491/10000] Training Loss: 0.1866 Accuracy: 82.78% | L1: 85.28% | L2: 83.48% | L3: 79.58%
Epoch [5492/10000] Training Loss: 0.1867 Accuracy: 82.84% | L1: 85.55% | L2: 83.41% | L3: 79.57%
Validation Loss: 0.2037 
 Accuracy: 82.17% | L1: 85.78% | L2: 82.05% | L3: 78.67%
Epoch [5493/10000] Training Loss: 0.1855 Accuracy: 82.81% | L1: 85.31% | L2: 83.46% | L3: 79.65%
Epoch [5494/10000] Training Loss: 0.1871 Accuracy: 82.65% | L1: 85.12% | L2: 83.35% | L3: 79.49%
Validation Loss: 0.2046 
 Accuracy: 82.15% | L1: 85.75% | L2: 82.09% | L3: 78.63%
Epoch [5495/10000] Training Loss: 0.1860 Accuracy: 82.77% | L1: 85.16% | L2: 83.49% | L3: 79.64%
Epoch [5496/10000] Training Loss: 0.1866 Accuracy: 82.77% | L1: 85.29% | L2: 83.40% | L3: 79.61%
Validation Loss: 0.2023 
 Accuracy: 82.30% | L1: 85.69% | L2: 82.29% | L3: 78.94%
Epoch [5497/10000] Training Loss: 0.1863 Accuracy: 82.88% | L1: 85.51% | L2: 83.46% | L3: 79.66%
Epoch [5498/10000] Training Loss: 0.1859 Accuracy: 82.75% | L1: 85.18% | L2: 83.48% | L3: 79.60%
Validation Loss: 0.2046 
 Accuracy: 82.07% | L1: 85.63% | L2: 81.98% | L3: 78.59%
Epoch [5499/10000] Training Loss: 0.1863 Accuracy: 82.77% | L1: 85.14% | L2: 83.48% | L3: 79.68%
Epoch [5500/10000] Training Loss: 0.1863 Accuracy: 82.83% | L1: 85.43% | L2: 83.49% | L3: 79.58%
Checkpoint 'best_vit_model_every_100_epoch' saved at epoch 5500
Validation Loss: 0.2017 
 Accuracy: 82.41% | L1: 85.85% | L2: 82.30% | L3: 79.08%
Epoch [5501/10000] Training Loss: 0.1867 Accuracy: 82.82% | L1: 85.39% | L2: 83.49% | L3: 79.57%
Epoch [5502/10000] Training Loss: 0.1859 Accuracy: 82.79% | L1: 85.31% | L2: 83.49% | L3: 79.57%
Validation Loss: 0.2036 
 Accuracy: 82.13% | L1: 85.56% | L2: 82.18% | L3: 78.64%
Epoch [5503/10000] Training Loss: 0.1861 Accuracy: 82.84% | L1: 85.42% | L2: 83.40% | L3: 79.69%
Epoch [5504/10000] Training Loss: 0.1864 Accuracy: 82.78% | L1: 85.29% | L2: 83.42% | L3: 79.64%
Validation Loss: 0.2024 
 Accuracy: 82.50% | L1: 86.13% | L2: 82.21% | L3: 79.17%
Epoch [5505/10000] Training Loss: 0.1857 Accuracy: 82.72% | L1: 85.04% | L2: 83.34% | L3: 79.77%
Epoch [5506/10000] Training Loss: 0.1854 Accuracy: 82.92% | L1: 85.44% | L2: 83.51% | L3: 79.79%
Validation Loss: 0.2045 
 Accuracy: 82.22% | L1: 85.94% | L2: 82.14% | L3: 78.58%
Epoch [5507/10000] Training Loss: 0.1856 Accuracy: 82.77% | L1: 85.16% | L2: 83.50% | L3: 79.65%
Epoch [5508/10000] Training Loss: 0.1850 Accuracy: 82.88% | L1: 85.31% | L2: 83.58% | L3: 79.74%
Validation Loss: 0.2037 
 Accuracy: 82.33% | L1: 85.94% | L2: 82.11% | L3: 78.94%
Epoch [5509/10000] Training Loss: 0.1858 Accuracy: 82.84% | L1: 85.28% | L2: 83.56% | L3: 79.68%
Epoch [5510/10000] Training Loss: 0.1858 Accuracy: 82.81% | L1: 85.26% | L2: 83.43% | L3: 79.75%
Validation Loss: 0.2033 
 Accuracy: 82.26% | L1: 85.51% | L2: 82.18% | L3: 79.08%
Epoch [5511/10000] Training Loss: 0.1858 Accuracy: 82.85% | L1: 85.34% | L2: 83.54% | L3: 79.67%
Epoch [5512/10000] Training Loss: 0.1855 Accuracy: 82.90% | L1: 85.37% | L2: 83.49% | L3: 79.83%
Validation Loss: 0.2021 
 Accuracy: 82.34% | L1: 85.76% | L2: 82.29% | L3: 78.97%
Epoch [5513/10000] Training Loss: 0.1844 Accuracy: 82.85% | L1: 85.20% | L2: 83.50% | L3: 79.83%
Epoch [5514/10000] Training Loss: 0.1848 Accuracy: 82.87% | L1: 85.32% | L2: 83.56% | L3: 79.73%
Validation Loss: 0.2065 
 Accuracy: 82.11% | L1: 85.83% | L2: 81.96% | L3: 78.53%
Epoch [5515/10000] Training Loss: 0.1860 Accuracy: 82.77% | L1: 85.09% | L2: 83.58% | L3: 79.64%
Epoch [5516/10000] Training Loss: 0.1848 Accuracy: 82.85% | L1: 85.21% | L2: 83.63% | L3: 79.71%
Validation Loss: 0.2035 
 Accuracy: 82.30% | L1: 86.03% | L2: 82.16% | L3: 78.71%
Epoch [5517/10000] Training Loss: 0.1850 Accuracy: 82.89% | L1: 85.28% | L2: 83.67% | L3: 79.73%
Epoch [5518/10000] Training Loss: 0.1845 Accuracy: 82.97% | L1: 85.39% | L2: 83.61% | L3: 79.92%
Validation Loss: 0.2069 
 Accuracy: 82.03% | L1: 85.71% | L2: 81.92% | L3: 78.46%
Epoch [5519/10000] Training Loss: 0.1850 Accuracy: 82.97% | L1: 85.52% | L2: 83.63% | L3: 79.75%
Epoch [5520/10000] Training Loss: 0.1847 Accuracy: 82.94% | L1: 85.44% | L2: 83.60% | L3: 79.79%
Validation Loss: 0.2061 
 Accuracy: 82.15% | L1: 85.70% | L2: 81.89% | L3: 78.86%
Epoch [5521/10000] Training Loss: 0.1842 Accuracy: 82.86% | L1: 85.14% | L2: 83.60% | L3: 79.84%
Epoch [5522/10000] Training Loss: 0.1848 Accuracy: 82.96% | L1: 85.30% | L2: 83.61% | L3: 79.96%
Validation Loss: 0.2044 
 Accuracy: 82.18% | L1: 85.71% | L2: 82.18% | L3: 78.65%
Epoch [5523/10000] Training Loss: 0.1849 Accuracy: 82.87% | L1: 85.24% | L2: 83.65% | L3: 79.72%
Epoch [5524/10000] Training Loss: 0.1846 Accuracy: 82.75% | L1: 84.94% | L2: 83.64% | L3: 79.68%
Validation Loss: 0.2047 
 Accuracy: 82.28% | L1: 85.90% | L2: 82.22% | L3: 78.73%
Epoch [5525/10000] Training Loss: 0.1847 Accuracy: 82.92% | L1: 85.33% | L2: 83.61% | L3: 79.81%
Epoch [5526/10000] Training Loss: 0.1836 Accuracy: 82.94% | L1: 85.29% | L2: 83.59% | L3: 79.95%
Validation Loss: 0.2051 
 Accuracy: 82.24% | L1: 85.77% | L2: 82.20% | L3: 78.75%
Epoch [5527/10000] Training Loss: 0.1852 Accuracy: 82.94% | L1: 85.33% | L2: 83.63% | L3: 79.85%
Epoch [5528/10000] Training Loss: 0.1841 Accuracy: 83.00% | L1: 85.27% | L2: 83.87% | L3: 79.87%
Validation Loss: 0.2055 
 Accuracy: 82.22% | L1: 85.83% | L2: 82.06% | L3: 78.76%
Epoch [5529/10000] Training Loss: 0.1847 Accuracy: 82.98% | L1: 85.43% | L2: 83.60% | L3: 79.90%
Epoch [5530/10000] Training Loss: 0.1834 Accuracy: 83.00% | L1: 85.41% | L2: 83.69% | L3: 79.91%
Validation Loss: 0.2042 
 Accuracy: 82.32% | L1: 85.78% | L2: 82.19% | L3: 78.97%
Epoch [5531/10000] Training Loss: 0.1838 Accuracy: 82.97% | L1: 85.30% | L2: 83.78% | L3: 79.82%
Epoch [5532/10000] Training Loss: 0.1835 Accuracy: 83.00% | L1: 85.26% | L2: 83.77% | L3: 79.98%
Validation Loss: 0.2067 
 Accuracy: 82.05% | L1: 85.91% | L2: 81.80% | L3: 78.46%
Epoch [5533/10000] Training Loss: 0.1829 Accuracy: 83.05% | L1: 85.53% | L2: 83.69% | L3: 79.94%
Epoch [5534/10000] Training Loss: 0.1842 Accuracy: 82.94% | L1: 85.31% | L2: 83.69% | L3: 79.81%
Validation Loss: 0.2046 
 Accuracy: 82.31% | L1: 86.13% | L2: 82.08% | L3: 78.71%
Epoch [5535/10000] Training Loss: 0.1833 Accuracy: 83.00% | L1: 85.37% | L2: 83.71% | L3: 79.91%
Epoch [5536/10000] Training Loss: 0.1830 Accuracy: 83.04% | L1: 85.47% | L2: 83.84% | L3: 79.81%
Validation Loss: 0.2046 
 Accuracy: 82.14% | L1: 85.53% | L2: 82.09% | L3: 78.81%
Epoch [5537/10000] Training Loss: 0.1835 Accuracy: 82.99% | L1: 85.37% | L2: 83.66% | L3: 79.94%
Epoch [5538/10000] Training Loss: 0.1831 Accuracy: 82.98% | L1: 85.20% | L2: 83.89% | L3: 79.86%
Validation Loss: 0.2040 
 Accuracy: 82.32% | L1: 85.71% | L2: 82.08% | L3: 79.17%
Epoch [5539/10000] Training Loss: 0.1846 Accuracy: 82.98% | L1: 85.45% | L2: 83.65% | L3: 79.84%
Epoch [5540/10000] Training Loss: 0.1831 Accuracy: 83.03% | L1: 85.36% | L2: 83.82% | L3: 79.90%
Validation Loss: 0.2047 
 Accuracy: 82.29% | L1: 85.70% | L2: 82.20% | L3: 78.96%
Epoch [5541/10000] Training Loss: 0.1832 Accuracy: 83.02% | L1: 85.32% | L2: 83.75% | L3: 80.01%
Epoch [5542/10000] Training Loss: 0.1835 Accuracy: 83.02% | L1: 85.24% | L2: 83.86% | L3: 79.97%
Validation Loss: 0.2065 
 Accuracy: 82.13% | L1: 85.94% | L2: 82.06% | L3: 78.40%
Epoch [5543/10000] Training Loss: 0.1827 Accuracy: 83.03% | L1: 85.29% | L2: 83.84% | L3: 79.94%
Epoch [5544/10000] Training Loss: 0.1834 Accuracy: 83.02% | L1: 85.41% | L2: 83.78% | L3: 79.87%
Validation Loss: 0.2061 
 Accuracy: 82.30% | L1: 85.87% | L2: 82.00% | L3: 79.02%
Epoch [5545/10000] Training Loss: 0.1823 Accuracy: 83.06% | L1: 85.41% | L2: 83.75% | L3: 80.04%
Epoch [5546/10000] Training Loss: 0.1825 Accuracy: 82.99% | L1: 85.26% | L2: 83.82% | L3: 79.89%
Validation Loss: 0.2052 
 Accuracy: 82.22% | L1: 85.61% | L2: 82.11% | L3: 78.93%
Epoch [5547/10000] Training Loss: 0.1831 Accuracy: 82.96% | L1: 85.12% | L2: 83.66% | L3: 80.09%
Epoch [5548/10000] Training Loss: 0.1824 Accuracy: 83.06% | L1: 85.27% | L2: 83.87% | L3: 80.05%
Validation Loss: 0.2067 
 Accuracy: 82.15% | L1: 85.88% | L2: 82.02% | L3: 78.56%
Epoch [5549/10000] Training Loss: 0.1818 Accuracy: 83.00% | L1: 85.11% | L2: 83.90% | L3: 80.00%
Epoch [5550/10000] Training Loss: 0.1819 Accuracy: 83.03% | L1: 85.21% | L2: 83.89% | L3: 80.00%
Validation Loss: 0.2043 
 Accuracy: 82.20% | L1: 85.65% | L2: 82.17% | L3: 78.77%
Epoch [5551/10000] Training Loss: 0.1819 Accuracy: 83.21% | L1: 85.66% | L2: 83.97% | L3: 79.99%
Epoch [5552/10000] Training Loss: 0.1826 Accuracy: 83.04% | L1: 85.35% | L2: 83.82% | L3: 79.95%
Validation Loss: 0.2051 
 Accuracy: 82.26% | L1: 85.93% | L2: 82.13% | L3: 78.73%
Epoch [5553/10000] Training Loss: 0.1821 Accuracy: 83.08% | L1: 85.24% | L2: 84.02% | L3: 79.98%
Epoch [5554/10000] Training Loss: 0.1816 Accuracy: 83.08% | L1: 85.30% | L2: 83.93% | L3: 80.03%
Validation Loss: 0.2054 
 Accuracy: 82.28% | L1: 85.90% | L2: 82.06% | L3: 78.88%
Loading checkpoint from best_vit_model.pth...
DEBUG: No improvement for several epochs. Consider early stopping or adjusting training.
Changing training datasets...
Train indices changed: True
Epoch [5555/10000] Training Loss: 0.1938 Accuracy: 82.13% | L1: 85.13% | L2: 82.49% | L3: 78.77%
Epoch [5556/10000] Training Loss: 0.1924 Accuracy: 82.32% | L1: 85.30% | L2: 82.60% | L3: 79.07%
Validation Loss: 0.2004 
 Accuracy: 82.28% | L1: 85.51% | L2: 82.31% | L3: 79.03%
Checkpoint saved at epoch 5556
Epoch [5557/10000] Training Loss: 0.1933 Accuracy: 82.30% | L1: 85.37% | L2: 82.61% | L3: 78.93%
Epoch [5558/10000] Training Loss: 0.1925 Accuracy: 82.28% | L1: 85.10% | L2: 82.73% | L3: 79.00%
Validation Loss: 0.2006 
 Accuracy: 82.28% | L1: 86.05% | L2: 82.28% | L3: 78.51%
Epoch [5559/10000] Training Loss: 0.1925 Accuracy: 82.29% | L1: 85.26% | L2: 82.55% | L3: 79.07%
Epoch [5560/10000] Training Loss: 0.1922 Accuracy: 82.34% | L1: 85.19% | L2: 82.69% | L3: 79.14%
Validation Loss: 0.2010 
 Accuracy: 82.26% | L1: 85.84% | L2: 82.28% | L3: 78.65%
Epoch [5561/10000] Training Loss: 0.1918 Accuracy: 82.33% | L1: 85.15% | L2: 82.72% | L3: 79.13%
Epoch [5562/10000] Training Loss: 0.1912 Accuracy: 82.48% | L1: 85.31% | L2: 82.87% | L3: 79.25%
Validation Loss: 0.2007 
 Accuracy: 82.35% | L1: 85.93% | L2: 82.30% | L3: 78.81%
Epoch [5563/10000] Training Loss: 0.1916 Accuracy: 82.39% | L1: 85.31% | L2: 82.73% | L3: 79.13%
Epoch [5564/10000] Training Loss: 0.1913 Accuracy: 82.40% | L1: 85.30% | L2: 82.74% | L3: 79.16%
Validation Loss: 0.2010 
 Accuracy: 82.18% | L1: 85.56% | L2: 82.24% | L3: 78.73%
Epoch [5565/10000] Training Loss: 0.1914 Accuracy: 82.30% | L1: 85.12% | L2: 82.73% | L3: 79.06%
Epoch [5566/10000] Training Loss: 0.1910 Accuracy: 82.42% | L1: 85.11% | L2: 82.94% | L3: 79.22%
Validation Loss: 0.2006 
 Accuracy: 82.40% | L1: 85.93% | L2: 82.48% | L3: 78.78%
Epoch [5567/10000] Training Loss: 0.1903 Accuracy: 82.55% | L1: 85.45% | L2: 82.90% | L3: 79.30%
Epoch [5568/10000] Training Loss: 0.1901 Accuracy: 82.39% | L1: 85.15% | L2: 82.73% | L3: 79.29%
Validation Loss: 0.2016 
 Accuracy: 82.13% | L1: 85.78% | L2: 82.08% | L3: 78.53%
Epoch [5569/10000] Training Loss: 0.1902 Accuracy: 82.54% | L1: 85.41% | L2: 82.86% | L3: 79.34%
Epoch [5570/10000] Training Loss: 0.1904 Accuracy: 82.49% | L1: 85.32% | L2: 82.88% | L3: 79.27%
Validation Loss: 0.2010 
 Accuracy: 82.34% | L1: 85.94% | L2: 82.32% | L3: 78.77%
Epoch [5571/10000] Training Loss: 0.1906 Accuracy: 82.44% | L1: 85.29% | L2: 82.77% | L3: 79.26%
Epoch [5572/10000] Training Loss: 0.1891 Accuracy: 82.53% | L1: 85.30% | L2: 82.93% | L3: 79.36%
Validation Loss: 0.1999 
 Accuracy: 82.40% | L1: 85.79% | L2: 82.34% | L3: 79.08%
Checkpoint saved at epoch 5572
Epoch [5573/10000] Training Loss: 0.1891 Accuracy: 82.58% | L1: 85.33% | L2: 83.06% | L3: 79.35%
Epoch [5574/10000] Training Loss: 0.1898 Accuracy: 82.52% | L1: 85.29% | L2: 82.91% | L3: 79.36%
Validation Loss: 0.2009 
 Accuracy: 82.22% | L1: 85.75% | L2: 82.22% | L3: 78.68%
Epoch [5575/10000] Training Loss: 0.1898 Accuracy: 82.57% | L1: 85.32% | L2: 83.06% | L3: 79.32%
Epoch [5576/10000] Training Loss: 0.1896 Accuracy: 82.48% | L1: 85.24% | L2: 82.92% | L3: 79.29%
Validation Loss: 0.1997 
 Accuracy: 82.42% | L1: 85.88% | L2: 82.27% | L3: 79.13%
Checkpoint saved at epoch 5576
Epoch [5577/10000] Training Loss: 0.1890 Accuracy: 82.60% | L1: 85.37% | L2: 82.98% | L3: 79.43%
Epoch [5578/10000] Training Loss: 0.1892 Accuracy: 82.55% | L1: 85.35% | L2: 82.99% | L3: 79.31%
Validation Loss: 0.2020 
 Accuracy: 82.23% | L1: 86.13% | L2: 82.18% | L3: 78.39%
Epoch [5579/10000] Training Loss: 0.1894 Accuracy: 82.58% | L1: 85.43% | L2: 82.95% | L3: 79.34%
Epoch [5580/10000] Training Loss: 0.1890 Accuracy: 82.56% | L1: 85.25% | L2: 83.05% | L3: 79.40%
Validation Loss: 0.2007 
 Accuracy: 82.37% | L1: 85.76% | L2: 82.38% | L3: 78.96%
Epoch [5581/10000] Training Loss: 0.1890 Accuracy: 82.57% | L1: 85.26% | L2: 83.00% | L3: 79.45%
Epoch [5582/10000] Training Loss: 0.1885 Accuracy: 82.55% | L1: 85.12% | L2: 83.06% | L3: 79.45%
Validation Loss: 0.2008 
 Accuracy: 82.29% | L1: 85.87% | L2: 82.17% | L3: 78.84%
Epoch [5583/10000] Training Loss: 0.1889 Accuracy: 82.61% | L1: 85.31% | L2: 83.05% | L3: 79.47%
Epoch [5584/10000] Training Loss: 0.1888 Accuracy: 82.55% | L1: 85.15% | L2: 83.10% | L3: 79.39%
Validation Loss: 0.2012 
 Accuracy: 82.30% | L1: 85.91% | L2: 82.30% | L3: 78.69%
Epoch [5585/10000] Training Loss: 0.1892 Accuracy: 82.59% | L1: 85.33% | L2: 83.06% | L3: 79.37%
Epoch [5586/10000] Training Loss: 0.1886 Accuracy: 82.55% | L1: 85.23% | L2: 83.02% | L3: 79.41%
Validation Loss: 0.2006 
 Accuracy: 82.42% | L1: 86.11% | L2: 82.21% | L3: 78.95%
Epoch [5587/10000] Training Loss: 0.1878 Accuracy: 82.67% | L1: 85.50% | L2: 83.11% | L3: 79.40%
Epoch [5588/10000] Training Loss: 0.1881 Accuracy: 82.65% | L1: 85.39% | L2: 83.20% | L3: 79.35%
Validation Loss: 0.1996 
 Accuracy: 82.42% | L1: 85.78% | L2: 82.46% | L3: 79.00%
Checkpoint saved at epoch 5588
Epoch [5589/10000] Training Loss: 0.1879 Accuracy: 82.73% | L1: 85.48% | L2: 83.28% | L3: 79.43%
Epoch [5590/10000] Training Loss: 0.1882 Accuracy: 82.65% | L1: 85.38% | L2: 83.14% | L3: 79.42%
Validation Loss: 0.2017 
 Accuracy: 82.33% | L1: 85.79% | L2: 82.30% | L3: 78.91%
Epoch [5591/10000] Training Loss: 0.1877 Accuracy: 82.69% | L1: 85.43% | L2: 83.14% | L3: 79.51%
Epoch [5592/10000] Training Loss: 0.1886 Accuracy: 82.58% | L1: 85.27% | L2: 83.05% | L3: 79.42%
Validation Loss: 0.2019 
 Accuracy: 82.22% | L1: 85.71% | L2: 82.31% | L3: 78.64%
Epoch [5593/10000] Training Loss: 0.1881 Accuracy: 82.64% | L1: 85.33% | L2: 83.14% | L3: 79.45%
Epoch [5594/10000] Training Loss: 0.1885 Accuracy: 82.66% | L1: 85.47% | L2: 83.06% | L3: 79.43%
Validation Loss: 0.2006 
 Accuracy: 82.45% | L1: 85.92% | L2: 82.36% | L3: 79.07%
Epoch [5595/10000] Training Loss: 0.1867 Accuracy: 82.82% | L1: 85.62% | L2: 83.19% | L3: 79.64%
Epoch [5596/10000] Training Loss: 0.1871 Accuracy: 82.72% | L1: 85.37% | L2: 83.23% | L3: 79.54%
Validation Loss: 0.2032 
 Accuracy: 82.31% | L1: 86.02% | L2: 82.15% | L3: 78.78%
Epoch [5597/10000] Training Loss: 0.1875 Accuracy: 82.69% | L1: 85.35% | L2: 83.09% | L3: 79.62%
Epoch [5598/10000] Training Loss: 0.1867 Accuracy: 82.73% | L1: 85.20% | L2: 83.39% | L3: 79.59%
Validation Loss: 0.2017 
 Accuracy: 82.35% | L1: 85.79% | L2: 82.22% | L3: 79.04%
Epoch [5599/10000] Training Loss: 0.1865 Accuracy: 82.73% | L1: 85.28% | L2: 83.15% | L3: 79.75%
Epoch [5600/10000] Training Loss: 0.1876 Accuracy: 82.66% | L1: 85.25% | L2: 83.17% | L3: 79.55%
Checkpoint 'best_vit_model_every_100_epoch' saved at epoch 5600
Validation Loss: 0.2027 
 Accuracy: 82.23% | L1: 86.03% | L2: 82.15% | L3: 78.53%
Epoch [5601/10000] Training Loss: 0.1872 Accuracy: 82.75% | L1: 85.35% | L2: 83.35% | L3: 79.56%
Epoch [5602/10000] Training Loss: 0.1867 Accuracy: 82.70% | L1: 85.27% | L2: 83.10% | L3: 79.72%
Validation Loss: 0.2002 
 Accuracy: 82.39% | L1: 86.08% | L2: 82.36% | L3: 78.74%
Epoch [5603/10000] Training Loss: 0.1863 Accuracy: 82.77% | L1: 85.40% | L2: 83.28% | L3: 79.64%
Epoch [5604/10000] Training Loss: 0.1868 Accuracy: 82.63% | L1: 85.12% | L2: 83.25% | L3: 79.52%
Validation Loss: 0.2031 
 Accuracy: 82.26% | L1: 86.08% | L2: 82.17% | L3: 78.54%
Epoch [5605/10000] Training Loss: 0.1863 Accuracy: 82.74% | L1: 85.27% | L2: 83.31% | L3: 79.65%
Epoch [5606/10000] Training Loss: 0.1863 Accuracy: 82.77% | L1: 85.39% | L2: 83.26% | L3: 79.67%
Validation Loss: 0.2038 
 Accuracy: 82.12% | L1: 85.71% | L2: 81.99% | L3: 78.66%
Epoch [5607/10000] Training Loss: 0.1867 Accuracy: 82.84% | L1: 85.47% | L2: 83.42% | L3: 79.63%
Epoch [5608/10000] Training Loss: 0.1865 Accuracy: 82.82% | L1: 85.47% | L2: 83.24% | L3: 79.74%
Validation Loss: 0.2025 
 Accuracy: 82.35% | L1: 86.07% | L2: 82.02% | L3: 78.95%
Epoch [5609/10000] Training Loss: 0.1859 Accuracy: 82.88% | L1: 85.45% | L2: 83.39% | L3: 79.80%
Epoch [5610/10000] Training Loss: 0.1858 Accuracy: 82.77% | L1: 85.30% | L2: 83.33% | L3: 79.69%
Validation Loss: 0.2009 
 Accuracy: 82.27% | L1: 85.53% | L2: 82.26% | L3: 79.02%
Epoch [5611/10000] Training Loss: 0.1868 Accuracy: 82.76% | L1: 85.46% | L2: 83.20% | L3: 79.63%
Epoch [5612/10000] Training Loss: 0.1858 Accuracy: 82.75% | L1: 85.23% | L2: 83.34% | L3: 79.68%
Validation Loss: 0.2029 
 Accuracy: 82.29% | L1: 85.75% | L2: 82.26% | L3: 78.85%
Epoch [5613/10000] Training Loss: 0.1860 Accuracy: 82.77% | L1: 85.37% | L2: 83.32% | L3: 79.63%
Epoch [5614/10000] Training Loss: 0.1860 Accuracy: 82.73% | L1: 85.14% | L2: 83.30% | L3: 79.76%
Validation Loss: 0.2048 
 Accuracy: 82.17% | L1: 85.76% | L2: 82.07% | L3: 78.69%
Epoch [5615/10000] Training Loss: 0.1855 Accuracy: 82.87% | L1: 85.42% | L2: 83.35% | L3: 79.82%
Epoch [5616/10000] Training Loss: 0.1856 Accuracy: 82.80% | L1: 85.30% | L2: 83.36% | L3: 79.74%
Validation Loss: 0.2042 
 Accuracy: 82.15% | L1: 85.61% | L2: 82.08% | L3: 78.76%
Epoch [5617/10000] Training Loss: 0.1852 Accuracy: 82.80% | L1: 85.13% | L2: 83.39% | L3: 79.89%
Epoch [5618/10000] Training Loss: 0.1849 Accuracy: 82.79% | L1: 85.16% | L2: 83.47% | L3: 79.76%
Validation Loss: 0.2025 
 Accuracy: 82.25% | L1: 85.59% | L2: 82.31% | L3: 78.86%
Epoch [5619/10000] Training Loss: 0.1858 Accuracy: 82.79% | L1: 85.30% | L2: 83.27% | L3: 79.80%
Epoch [5620/10000] Training Loss: 0.1859 Accuracy: 82.79% | L1: 85.30% | L2: 83.34% | L3: 79.72%
Validation Loss: 0.2040 
 Accuracy: 82.21% | L1: 86.03% | L2: 82.01% | L3: 78.60%
Epoch [5621/10000] Training Loss: 0.1858 Accuracy: 82.85% | L1: 85.45% | L2: 83.37% | L3: 79.72%
Epoch [5622/10000] Training Loss: 0.1856 Accuracy: 82.84% | L1: 85.34% | L2: 83.32% | L3: 79.87%
Validation Loss: 0.2035 
 Accuracy: 82.25% | L1: 85.95% | L2: 82.11% | L3: 78.70%
Epoch [5623/10000] Training Loss: 0.1851 Accuracy: 82.92% | L1: 85.44% | L2: 83.48% | L3: 79.84%
Epoch [5624/10000] Training Loss: 0.1854 Accuracy: 82.76% | L1: 85.15% | L2: 83.42% | L3: 79.71%
Validation Loss: 0.2033 
 Accuracy: 82.19% | L1: 85.62% | L2: 82.16% | L3: 78.77%
Epoch [5625/10000] Training Loss: 0.1858 Accuracy: 82.80% | L1: 85.33% | L2: 83.26% | L3: 79.82%
Epoch [5626/10000] Training Loss: 0.1851 Accuracy: 82.87% | L1: 85.40% | L2: 83.42% | L3: 79.79%
Validation Loss: 0.2024 
 Accuracy: 82.34% | L1: 85.81% | L2: 82.36% | L3: 78.84%
Epoch [5627/10000] Training Loss: 0.1848 Accuracy: 82.86% | L1: 85.32% | L2: 83.46% | L3: 79.79%
Epoch [5628/10000] Training Loss: 0.1860 Accuracy: 82.82% | L1: 85.28% | L2: 83.43% | L3: 79.76%
Validation Loss: 0.2038 
 Accuracy: 82.21% | L1: 85.71% | L2: 82.12% | L3: 78.80%
Epoch [5629/10000] Training Loss: 0.1843 Accuracy: 82.89% | L1: 85.31% | L2: 83.53% | L3: 79.82%
Epoch [5630/10000] Training Loss: 0.1848 Accuracy: 82.88% | L1: 85.22% | L2: 83.60% | L3: 79.82%
Validation Loss: 0.2039 
 Accuracy: 82.29% | L1: 86.01% | L2: 82.11% | L3: 78.76%
Epoch [5631/10000] Training Loss: 0.1840 Accuracy: 82.94% | L1: 85.45% | L2: 83.60% | L3: 79.78%
Epoch [5632/10000] Training Loss: 0.1844 Accuracy: 82.95% | L1: 85.42% | L2: 83.58% | L3: 79.86%
Validation Loss: 0.2042 
 Accuracy: 82.19% | L1: 85.81% | L2: 82.06% | L3: 78.69%
Epoch [5633/10000] Training Loss: 0.1845 Accuracy: 82.83% | L1: 85.19% | L2: 83.50% | L3: 79.79%
Epoch [5634/10000] Training Loss: 0.1847 Accuracy: 82.98% | L1: 85.55% | L2: 83.57% | L3: 79.82%
Validation Loss: 0.2055 
 Accuracy: 82.09% | L1: 85.84% | L2: 81.98% | L3: 78.44%
Epoch [5635/10000] Training Loss: 0.1850 Accuracy: 82.87% | L1: 85.41% | L2: 83.48% | L3: 79.73%
Epoch [5636/10000] Training Loss: 0.1840 Accuracy: 83.02% | L1: 85.56% | L2: 83.56% | L3: 79.93%
Validation Loss: 0.2048 
 Accuracy: 82.32% | L1: 85.96% | L2: 82.27% | L3: 78.74%
Epoch [5637/10000] Training Loss: 0.1845 Accuracy: 82.94% | L1: 85.41% | L2: 83.49% | L3: 79.92%
Epoch [5638/10000] Training Loss: 0.1835 Accuracy: 82.93% | L1: 85.34% | L2: 83.52% | L3: 79.92%
Validation Loss: 0.2043 
 Accuracy: 82.21% | L1: 85.74% | L2: 82.15% | L3: 78.75%
Epoch [5639/10000] Training Loss: 0.1847 Accuracy: 82.87% | L1: 85.18% | L2: 83.51% | L3: 79.91%
Epoch [5640/10000] Training Loss: 0.1842 Accuracy: 82.90% | L1: 85.18% | L2: 83.51% | L3: 80.00%
Validation Loss: 0.2057 
 Accuracy: 82.21% | L1: 85.89% | L2: 82.14% | L3: 78.61%
Epoch [5641/10000] Training Loss: 0.1841 Accuracy: 82.94% | L1: 85.33% | L2: 83.59% | L3: 79.91%
Epoch [5642/10000] Training Loss: 0.1836 Accuracy: 82.99% | L1: 85.44% | L2: 83.65% | L3: 79.87%
Validation Loss: 0.2028 
 Accuracy: 82.37% | L1: 85.92% | L2: 82.26% | L3: 78.93%
Epoch [5643/10000] Training Loss: 0.1846 Accuracy: 82.86% | L1: 85.22% | L2: 83.53% | L3: 79.82%
Epoch [5644/10000] Training Loss: 0.1834 Accuracy: 82.94% | L1: 85.27% | L2: 83.69% | L3: 79.87%
Validation Loss: 0.2033 
 Accuracy: 82.42% | L1: 85.80% | L2: 82.35% | L3: 79.12%
Epoch [5645/10000] Training Loss: 0.1836 Accuracy: 82.96% | L1: 85.30% | L2: 83.62% | L3: 79.95%
Epoch [5646/10000] Training Loss: 0.1837 Accuracy: 82.91% | L1: 85.28% | L2: 83.56% | L3: 79.89%
Validation Loss: 0.2040 
 Accuracy: 82.20% | L1: 85.60% | L2: 82.09% | L3: 78.91%
Epoch [5647/10000] Training Loss: 0.1837 Accuracy: 82.94% | L1: 85.36% | L2: 83.66% | L3: 79.81%
Epoch [5648/10000] Training Loss: 0.1839 Accuracy: 82.95% | L1: 85.46% | L2: 83.55% | L3: 79.85%
Validation Loss: 0.2033 
 Accuracy: 82.42% | L1: 85.71% | L2: 82.34% | L3: 79.22%
Epoch [5649/10000] Training Loss: 0.1834 Accuracy: 82.89% | L1: 85.27% | L2: 83.53% | L3: 79.89%
Epoch [5650/10000] Training Loss: 0.1828 Accuracy: 83.05% | L1: 85.50% | L2: 83.60% | L3: 80.05%
Validation Loss: 0.2059 
 Accuracy: 82.19% | L1: 85.68% | L2: 82.03% | L3: 78.84%
Epoch [5651/10000] Training Loss: 0.1830 Accuracy: 82.98% | L1: 85.37% | L2: 83.70% | L3: 79.88%
Epoch [5652/10000] Training Loss: 0.1829 Accuracy: 82.98% | L1: 85.36% | L2: 83.59% | L3: 79.98%
Validation Loss: 0.2065 
 Accuracy: 82.13% | L1: 85.97% | L2: 82.01% | L3: 78.42%
Epoch [5653/10000] Training Loss: 0.1828 Accuracy: 82.97% | L1: 85.20% | L2: 83.70% | L3: 80.00%
Epoch [5654/10000] Training Loss: 0.1825 Accuracy: 83.02% | L1: 85.39% | L2: 83.61% | L3: 80.07%
Validation Loss: 0.2046 
 Accuracy: 82.19% | L1: 85.92% | L2: 82.14% | L3: 78.49%
Epoch [5655/10000] Training Loss: 0.1826 Accuracy: 83.10% | L1: 85.47% | L2: 83.71% | L3: 80.10%
Epoch [5656/10000] Training Loss: 0.1830 Accuracy: 83.00% | L1: 85.39% | L2: 83.59% | L3: 80.01%
Validation Loss: 0.2068 
 Accuracy: 82.10% | L1: 85.91% | L2: 81.95% | L3: 78.45%
Epoch [5657/10000] Training Loss: 0.1826 Accuracy: 82.97% | L1: 85.17% | L2: 83.69% | L3: 80.05%
Epoch [5658/10000] Training Loss: 0.1829 Accuracy: 83.05% | L1: 85.32% | L2: 83.77% | L3: 80.06%
Validation Loss: 0.2074 
 Accuracy: 82.11% | L1: 85.78% | L2: 81.90% | L3: 78.65%
Epoch [5659/10000] Training Loss: 0.1829 Accuracy: 83.05% | L1: 85.54% | L2: 83.67% | L3: 79.94%
Epoch [5660/10000] Training Loss: 0.1827 Accuracy: 83.02% | L1: 85.44% | L2: 83.72% | L3: 79.91%
Validation Loss: 0.2061 
 Accuracy: 82.21% | L1: 85.85% | L2: 82.09% | L3: 78.70%
Epoch [5661/10000] Training Loss: 0.1829 Accuracy: 83.06% | L1: 85.45% | L2: 83.66% | L3: 80.07%
Epoch [5662/10000] Training Loss: 0.1819 Accuracy: 83.01% | L1: 85.17% | L2: 83.82% | L3: 80.04%
Validation Loss: 0.2067 
 Accuracy: 82.14% | L1: 85.90% | L2: 81.95% | L3: 78.57%
Epoch [5663/10000] Training Loss: 0.1820 Accuracy: 83.04% | L1: 85.27% | L2: 83.68% | L3: 80.16%
Epoch [5664/10000] Training Loss: 0.1825 Accuracy: 83.05% | L1: 85.42% | L2: 83.69% | L3: 80.05%
Validation Loss: 0.2051 
 Accuracy: 82.03% | L1: 85.40% | L2: 82.09% | L3: 78.59%
Epoch [5665/10000] Training Loss: 0.1817 Accuracy: 83.07% | L1: 85.38% | L2: 83.70% | L3: 80.15%
Epoch [5666/10000] Training Loss: 0.1827 Accuracy: 83.10% | L1: 85.50% | L2: 83.75% | L3: 80.06%
Validation Loss: 0.2059 
 Accuracy: 82.24% | L1: 85.78% | L2: 82.19% | L3: 78.75%
Epoch [5667/10000] Training Loss: 0.1814 Accuracy: 83.12% | L1: 85.39% | L2: 83.82% | L3: 80.14%
Epoch [5668/10000] Training Loss: 0.1814 Accuracy: 83.12% | L1: 85.46% | L2: 83.80% | L3: 80.10%
Validation Loss: 0.2067 
 Accuracy: 82.21% | L1: 85.91% | L2: 82.07% | L3: 78.66%
Epoch [5669/10000] Training Loss: 0.1821 Accuracy: 82.99% | L1: 85.25% | L2: 83.61% | L3: 80.12%
Epoch [5670/10000] Training Loss: 0.1826 Accuracy: 83.10% | L1: 85.57% | L2: 83.69% | L3: 80.05%
Validation Loss: 0.2063 
 Accuracy: 82.22% | L1: 85.88% | L2: 82.13% | L3: 78.64%
Epoch [5671/10000] Training Loss: 0.1815 Accuracy: 83.10% | L1: 85.40% | L2: 83.77% | L3: 80.13%
Epoch [5672/10000] Training Loss: 0.1815 Accuracy: 83.10% | L1: 85.35% | L2: 83.71% | L3: 80.24%
Validation Loss: 0.2057 
 Accuracy: 82.28% | L1: 85.91% | L2: 82.10% | L3: 78.82%
Epoch [5673/10000] Training Loss: 0.1819 Accuracy: 83.06% | L1: 85.32% | L2: 83.79% | L3: 80.08%
Epoch [5674/10000] Training Loss: 0.1810 Accuracy: 83.03% | L1: 85.12% | L2: 83.75% | L3: 80.23%
Validation Loss: 0.2049 
 Accuracy: 82.24% | L1: 85.57% | L2: 82.07% | L3: 79.08%
Epoch [5675/10000] Training Loss: 0.1815 Accuracy: 83.15% | L1: 85.39% | L2: 83.86% | L3: 80.21%
Epoch [5676/10000] Training Loss: 0.1820 Accuracy: 83.04% | L1: 85.35% | L2: 83.67% | L3: 80.12%
Validation Loss: 0.2144 
 Accuracy: 81.67% | L1: 85.72% | L2: 81.65% | L3: 77.65%
Epoch [5677/10000] Training Loss: 0.1815 Accuracy: 83.07% | L1: 85.12% | L2: 83.94% | L3: 80.14%
Epoch [5678/10000] Training Loss: 0.1815 Accuracy: 83.08% | L1: 85.27% | L2: 83.82% | L3: 80.15%
Validation Loss: 0.2054 
 Accuracy: 82.19% | L1: 85.79% | L2: 82.08% | L3: 78.69%
Epoch [5679/10000] Training Loss: 0.1803 Accuracy: 83.15% | L1: 85.28% | L2: 83.96% | L3: 80.20%
Epoch [5680/10000] Training Loss: 0.1813 Accuracy: 83.07% | L1: 85.36% | L2: 83.75% | L3: 80.11%
Validation Loss: 0.2058 
 Accuracy: 82.19% | L1: 85.76% | L2: 82.24% | L3: 78.57%
Epoch [5681/10000] Training Loss: 0.1807 Accuracy: 83.12% | L1: 85.28% | L2: 83.95% | L3: 80.13%
Epoch [5682/10000] Training Loss: 0.1810 Accuracy: 83.08% | L1: 85.30% | L2: 83.79% | L3: 80.15%
Validation Loss: 0.2069 
 Accuracy: 82.14% | L1: 85.85% | L2: 81.97% | L3: 78.61%
Epoch [5683/10000] Training Loss: 0.1817 Accuracy: 83.10% | L1: 85.25% | L2: 83.79% | L3: 80.26%
Epoch [5684/10000] Training Loss: 0.1810 Accuracy: 83.17% | L1: 85.35% | L2: 83.98% | L3: 80.18%
Validation Loss: 0.2065 
 Accuracy: 82.10% | L1: 85.70% | L2: 81.92% | L3: 78.69%
Epoch [5685/10000] Training Loss: 0.1807 Accuracy: 83.22% | L1: 85.35% | L2: 83.95% | L3: 80.36%
Epoch [5686/10000] Training Loss: 0.1807 Accuracy: 83.17% | L1: 85.44% | L2: 83.87% | L3: 80.21%
Validation Loss: 0.2069 
 Accuracy: 82.21% | L1: 85.84% | L2: 82.01% | L3: 78.78%
Epoch [5687/10000] Training Loss: 0.1809 Accuracy: 83.16% | L1: 85.36% | L2: 83.85% | L3: 80.26%
Epoch [5688/10000] Training Loss: 0.1804 Accuracy: 83.14% | L1: 85.26% | L2: 83.96% | L3: 80.21%
Validation Loss: 0.2101 
 Accuracy: 82.07% | L1: 85.87% | L2: 81.79% | L3: 78.54%
Loading checkpoint from best_vit_model.pth...
DEBUG: No improvement for several epochs. Consider early stopping or adjusting training.
Changing training datasets...
Train indices changed: True
Epoch [5689/10000] Training Loss: 0.1942 Accuracy: 82.20% | L1: 85.24% | L2: 82.55% | L3: 78.80%
Epoch [5690/10000] Training Loss: 0.1930 Accuracy: 82.28% | L1: 85.27% | L2: 82.68% | L3: 78.89%
Validation Loss: 0.2004 
 Accuracy: 82.41% | L1: 85.95% | L2: 82.38% | L3: 78.89%
Checkpoint saved at epoch 5690
Epoch [5691/10000] Training Loss: 0.1924 Accuracy: 82.33% | L1: 85.36% | L2: 82.76% | L3: 78.87%
Epoch [5692/10000] Training Loss: 0.1923 Accuracy: 82.33% | L1: 85.34% | L2: 82.67% | L3: 78.98%
Validation Loss: 0.1994 
 Accuracy: 82.48% | L1: 85.93% | L2: 82.36% | L3: 79.16%
Checkpoint saved at epoch 5692
Epoch [5693/10000] Training Loss: 0.1920 Accuracy: 82.39% | L1: 85.36% | L2: 82.81% | L3: 79.00%
Epoch [5694/10000] Training Loss: 0.1922 Accuracy: 82.33% | L1: 85.24% | L2: 82.72% | L3: 79.02%
Validation Loss: 0.2025 
 Accuracy: 82.19% | L1: 85.86% | L2: 82.19% | L3: 78.52%
Epoch [5695/10000] Training Loss: 0.1913 Accuracy: 82.42% | L1: 85.39% | L2: 82.87% | L3: 79.01%
Epoch [5696/10000] Training Loss: 0.1909 Accuracy: 82.33% | L1: 85.08% | L2: 82.82% | L3: 79.08%
Validation Loss: 0.2021 
 Accuracy: 82.21% | L1: 86.09% | L2: 82.02% | L3: 78.53%
Epoch [5697/10000] Training Loss: 0.1911 Accuracy: 82.42% | L1: 85.32% | L2: 82.91% | L3: 79.02%
Epoch [5698/10000] Training Loss: 0.1911 Accuracy: 82.35% | L1: 85.14% | L2: 82.98% | L3: 78.93%
Validation Loss: 0.2019 
 Accuracy: 82.18% | L1: 85.70% | L2: 82.20% | L3: 78.65%
Epoch [5699/10000] Training Loss: 0.1911 Accuracy: 82.45% | L1: 85.47% | L2: 82.76% | L3: 79.11%
Epoch [5700/10000] Training Loss: 0.1905 Accuracy: 82.42% | L1: 85.30% | L2: 82.92% | L3: 79.06%
Checkpoint 'best_vit_model_every_100_epoch' saved at epoch 5700
Validation Loss: 0.2008 
 Accuracy: 82.37% | L1: 85.69% | L2: 82.36% | L3: 79.04%
Epoch [5701/10000] Training Loss: 0.1906 Accuracy: 82.41% | L1: 85.29% | L2: 82.91% | L3: 79.02%
Epoch [5702/10000] Training Loss: 0.1900 Accuracy: 82.47% | L1: 85.25% | L2: 82.99% | L3: 79.17%
Validation Loss: 0.2011 
 Accuracy: 82.48% | L1: 85.85% | L2: 82.29% | L3: 79.29%
Epoch [5703/10000] Training Loss: 0.1894 Accuracy: 82.52% | L1: 85.24% | L2: 83.07% | L3: 79.24%
Epoch [5704/10000] Training Loss: 0.1901 Accuracy: 82.45% | L1: 85.30% | L2: 82.97% | L3: 79.08%
Validation Loss: 0.2006 
 Accuracy: 82.23% | L1: 85.61% | L2: 82.38% | L3: 78.70%
Epoch [5705/10000] Training Loss: 0.1891 Accuracy: 82.56% | L1: 85.38% | L2: 83.10% | L3: 79.21%
Epoch [5706/10000] Training Loss: 0.1901 Accuracy: 82.53% | L1: 85.43% | L2: 82.97% | L3: 79.20%
Validation Loss: 0.2014 
 Accuracy: 82.13% | L1: 85.56% | L2: 82.04% | L3: 78.80%
Epoch [5707/10000] Training Loss: 0.1890 Accuracy: 82.63% | L1: 85.54% | L2: 83.03% | L3: 79.31%
Epoch [5708/10000] Training Loss: 0.1894 Accuracy: 82.52% | L1: 85.31% | L2: 83.06% | L3: 79.20%
Validation Loss: 0.2011 
 Accuracy: 82.31% | L1: 85.92% | L2: 82.18% | L3: 78.83%
Epoch [5709/10000] Training Loss: 0.1891 Accuracy: 82.47% | L1: 85.08% | L2: 83.14% | L3: 79.19%
Epoch [5710/10000] Training Loss: 0.1888 Accuracy: 82.55% | L1: 85.29% | L2: 82.98% | L3: 79.37%
Validation Loss: 0.2007 
 Accuracy: 82.34% | L1: 85.92% | L2: 82.23% | L3: 78.85%
Epoch [5711/10000] Training Loss: 0.1888 Accuracy: 82.62% | L1: 85.35% | L2: 83.32% | L3: 79.19%
Epoch [5712/10000] Training Loss: 0.1889 Accuracy: 82.57% | L1: 85.34% | L2: 83.15% | L3: 79.21%
Validation Loss: 0.2029 
 Accuracy: 82.09% | L1: 85.82% | L2: 82.09% | L3: 78.36%
Epoch [5713/10000] Training Loss: 0.1886 Accuracy: 82.59% | L1: 85.26% | L2: 83.07% | L3: 79.43%
Epoch [5714/10000] Training Loss: 0.1882 Accuracy: 82.54% | L1: 85.12% | L2: 83.12% | L3: 79.37%
Validation Loss: 0.2023 
 Accuracy: 82.25% | L1: 85.71% | L2: 82.05% | L3: 78.99%
Epoch [5715/10000] Training Loss: 0.1887 Accuracy: 82.59% | L1: 85.34% | L2: 83.17% | L3: 79.26%
Epoch [5716/10000] Training Loss: 0.1891 Accuracy: 82.59% | L1: 85.42% | L2: 83.16% | L3: 79.20%
Validation Loss: 0.2025 
 Accuracy: 82.22% | L1: 85.98% | L2: 82.10% | L3: 78.59%
Epoch [5717/10000] Training Loss: 0.1883 Accuracy: 82.64% | L1: 85.36% | L2: 83.22% | L3: 79.34%
Epoch [5718/10000] Training Loss: 0.1880 Accuracy: 82.62% | L1: 85.26% | L2: 83.22% | L3: 79.38%
Validation Loss: 0.2023 
 Accuracy: 81.95% | L1: 85.28% | L2: 82.17% | L3: 78.39%
Epoch [5719/10000] Training Loss: 0.1885 Accuracy: 82.62% | L1: 85.39% | L2: 83.11% | L3: 79.36%
Epoch [5720/10000] Training Loss: 0.1872 Accuracy: 82.65% | L1: 85.24% | L2: 83.31% | L3: 79.40%
Validation Loss: 0.2016 
 Accuracy: 82.26% | L1: 85.76% | L2: 82.24% | L3: 78.77%
Epoch [5721/10000] Training Loss: 0.1880 Accuracy: 82.68% | L1: 85.38% | L2: 83.27% | L3: 79.40%
Epoch [5722/10000] Training Loss: 0.1882 Accuracy: 82.67% | L1: 85.48% | L2: 83.09% | L3: 79.43%
Validation Loss: 0.2024 
 Accuracy: 82.23% | L1: 85.80% | L2: 82.24% | L3: 78.64%
Epoch [5723/10000] Training Loss: 0.1878 Accuracy: 82.60% | L1: 85.26% | L2: 83.09% | L3: 79.44%
Epoch [5724/10000] Training Loss: 0.1868 Accuracy: 82.73% | L1: 85.31% | L2: 83.40% | L3: 79.48%
Validation Loss: 0.2001 
 Accuracy: 82.40% | L1: 85.97% | L2: 82.30% | L3: 78.92%
Epoch [5725/10000] Training Loss: 0.1878 Accuracy: 82.62% | L1: 85.33% | L2: 83.18% | L3: 79.36%
Epoch [5726/10000] Training Loss: 0.1876 Accuracy: 82.67% | L1: 85.29% | L2: 83.29% | L3: 79.43%
Validation Loss: 0.2011 
 Accuracy: 82.48% | L1: 85.79% | L2: 82.30% | L3: 79.35%
Epoch [5727/10000] Training Loss: 0.1876 Accuracy: 82.65% | L1: 85.31% | L2: 83.17% | L3: 79.47%
Epoch [5728/10000] Training Loss: 0.1875 Accuracy: 82.67% | L1: 85.28% | L2: 83.26% | L3: 79.48%
Validation Loss: 0.2035 
 Accuracy: 82.18% | L1: 85.94% | L2: 82.18% | L3: 78.42%
Epoch [5729/10000] Training Loss: 0.1871 Accuracy: 82.63% | L1: 85.29% | L2: 83.31% | L3: 79.29%
Epoch [5730/10000] Training Loss: 0.1866 Accuracy: 82.72% | L1: 85.29% | L2: 83.31% | L3: 79.55%
Validation Loss: 0.2020 
 Accuracy: 82.16% | L1: 85.68% | L2: 82.20% | L3: 78.58%
Epoch [5731/10000] Training Loss: 0.1868 Accuracy: 82.67% | L1: 85.20% | L2: 83.36% | L3: 79.46%
Epoch [5732/10000] Training Loss: 0.1866 Accuracy: 82.78% | L1: 85.42% | L2: 83.38% | L3: 79.55%
Validation Loss: 0.2032 
 Accuracy: 82.17% | L1: 85.87% | L2: 82.14% | L3: 78.51%
Epoch [5733/10000] Training Loss: 0.1866 Accuracy: 82.73% | L1: 85.32% | L2: 83.32% | L3: 79.55%
Epoch [5734/10000] Training Loss: 0.1868 Accuracy: 82.73% | L1: 85.31% | L2: 83.50% | L3: 79.38%
Validation Loss: 0.2009 
 Accuracy: 82.43% | L1: 85.82% | L2: 82.43% | L3: 79.02%
Epoch [5735/10000] Training Loss: 0.1861 Accuracy: 82.73% | L1: 85.24% | L2: 83.43% | L3: 79.52%
Epoch [5736/10000] Training Loss: 0.1863 Accuracy: 82.75% | L1: 85.33% | L2: 83.31% | L3: 79.61%
Validation Loss: 0.2031 
 Accuracy: 82.33% | L1: 85.98% | L2: 82.10% | L3: 78.90%
Epoch [5737/10000] Training Loss: 0.1870 Accuracy: 82.65% | L1: 85.32% | L2: 83.19% | L3: 79.43%
Epoch [5738/10000] Training Loss: 0.1859 Accuracy: 82.74% | L1: 85.37% | L2: 83.37% | L3: 79.47%
Validation Loss: 0.2033 
 Accuracy: 82.21% | L1: 85.90% | L2: 82.22% | L3: 78.53%
Epoch [5739/10000] Training Loss: 0.1862 Accuracy: 82.76% | L1: 85.36% | L2: 83.32% | L3: 79.58%
Epoch [5740/10000] Training Loss: 0.1864 Accuracy: 82.70% | L1: 85.26% | L2: 83.43% | L3: 79.43%
Validation Loss: 0.2015 
 Accuracy: 82.33% | L1: 86.13% | L2: 82.18% | L3: 78.69%
Epoch [5741/10000] Training Loss: 0.1857 Accuracy: 82.80% | L1: 85.30% | L2: 83.48% | L3: 79.62%
Epoch [5742/10000] Training Loss: 0.1866 Accuracy: 82.71% | L1: 85.27% | L2: 83.29% | L3: 79.58%
Validation Loss: 0.2040 
 Accuracy: 82.19% | L1: 85.87% | L2: 82.28% | L3: 78.42%
Epoch [5743/10000] Training Loss: 0.1856 Accuracy: 82.78% | L1: 85.36% | L2: 83.54% | L3: 79.44%
Epoch [5744/10000] Training Loss: 0.1850 Accuracy: 82.83% | L1: 85.41% | L2: 83.43% | L3: 79.65%
Validation Loss: 0.2012 
 Accuracy: 82.37% | L1: 86.00% | L2: 82.20% | L3: 78.91%
Epoch [5745/10000] Training Loss: 0.1858 Accuracy: 82.79% | L1: 85.27% | L2: 83.47% | L3: 79.63%
Epoch [5746/10000] Training Loss: 0.1861 Accuracy: 82.74% | L1: 85.18% | L2: 83.38% | L3: 79.65%
Validation Loss: 0.2029 
 Accuracy: 82.29% | L1: 86.10% | L2: 82.22% | L3: 78.55%
Epoch [5747/10000] Training Loss: 0.1859 Accuracy: 82.80% | L1: 85.51% | L2: 83.32% | L3: 79.57%
Epoch [5748/10000] Training Loss: 0.1857 Accuracy: 82.75% | L1: 85.09% | L2: 83.42% | L3: 79.73%
Validation Loss: 0.2026 
 Accuracy: 82.25% | L1: 85.77% | L2: 82.12% | L3: 78.85%
Epoch [5749/10000] Training Loss: 0.1844 Accuracy: 82.83% | L1: 85.21% | L2: 83.51% | L3: 79.78%
Epoch [5750/10000] Training Loss: 0.1854 Accuracy: 82.85% | L1: 85.37% | L2: 83.47% | L3: 79.70%
Validation Loss: 0.2031 
 Accuracy: 82.18% | L1: 86.01% | L2: 82.06% | L3: 78.45%
Epoch [5751/10000] Training Loss: 0.1849 Accuracy: 82.85% | L1: 85.27% | L2: 83.57% | L3: 79.71%
Epoch [5752/10000] Training Loss: 0.1852 Accuracy: 82.82% | L1: 85.37% | L2: 83.49% | L3: 79.60%
Validation Loss: 0.2020 
 Accuracy: 82.33% | L1: 85.65% | L2: 82.22% | L3: 79.13%
Epoch [5753/10000] Training Loss: 0.1850 Accuracy: 82.91% | L1: 85.51% | L2: 83.53% | L3: 79.68%
Epoch [5754/10000] Training Loss: 0.1846 Accuracy: 82.84% | L1: 85.27% | L2: 83.46% | L3: 79.79%
Validation Loss: 0.2036 
 Accuracy: 82.31% | L1: 85.90% | L2: 82.12% | L3: 78.91%
Epoch [5755/10000] Training Loss: 0.1850 Accuracy: 82.85% | L1: 85.36% | L2: 83.49% | L3: 79.70%
Epoch [5756/10000] Training Loss: 0.1854 Accuracy: 82.77% | L1: 85.22% | L2: 83.45% | L3: 79.65%
Validation Loss: 0.2023 
 Accuracy: 82.47% | L1: 85.98% | L2: 82.21% | L3: 79.21%
Epoch [5757/10000] Training Loss: 0.1846 Accuracy: 82.93% | L1: 85.49% | L2: 83.59% | L3: 79.70%
Epoch [5758/10000] Training Loss: 0.1846 Accuracy: 82.92% | L1: 85.41% | L2: 83.58% | L3: 79.76%
Validation Loss: 0.2040 
 Accuracy: 82.25% | L1: 85.95% | L2: 82.26% | L3: 78.54%
Epoch [5759/10000] Training Loss: 0.1843 Accuracy: 82.94% | L1: 85.44% | L2: 83.55% | L3: 79.83%
Epoch [5760/10000] Training Loss: 0.1853 Accuracy: 82.87% | L1: 85.39% | L2: 83.54% | L3: 79.69%
Validation Loss: 0.2044 
 Accuracy: 82.22% | L1: 85.99% | L2: 82.26% | L3: 78.42%
Epoch [5761/10000] Training Loss: 0.1850 Accuracy: 82.85% | L1: 85.40% | L2: 83.49% | L3: 79.66%
Epoch [5762/10000] Training Loss: 0.1844 Accuracy: 82.86% | L1: 85.28% | L2: 83.66% | L3: 79.63%
Validation Loss: 0.2075 
 Accuracy: 81.96% | L1: 85.95% | L2: 81.79% | L3: 78.15%
Epoch [5763/10000] Training Loss: 0.1847 Accuracy: 82.93% | L1: 85.45% | L2: 83.64% | L3: 79.71%
Epoch [5764/10000] Training Loss: 0.1837 Accuracy: 82.94% | L1: 85.40% | L2: 83.63% | L3: 79.81%
Validation Loss: 0.2035 
 Accuracy: 82.18% | L1: 85.78% | L2: 82.22% | L3: 78.53%
Epoch [5765/10000] Training Loss: 0.1833 Accuracy: 82.97% | L1: 85.32% | L2: 83.77% | L3: 79.83%
Epoch [5766/10000] Training Loss: 0.1838 Accuracy: 82.88% | L1: 85.16% | L2: 83.64% | L3: 79.84%
Validation Loss: 0.2046 
 Accuracy: 82.25% | L1: 85.99% | L2: 82.01% | L3: 78.76%
Epoch [5767/10000] Training Loss: 0.1841 Accuracy: 82.92% | L1: 85.32% | L2: 83.66% | L3: 79.79%
Epoch [5768/10000] Training Loss: 0.1836 Accuracy: 82.88% | L1: 85.19% | L2: 83.71% | L3: 79.75%
Validation Loss: 0.2032 
 Accuracy: 82.37% | L1: 85.83% | L2: 82.27% | L3: 79.00%
Epoch [5769/10000] Training Loss: 0.1832 Accuracy: 83.00% | L1: 85.42% | L2: 83.77% | L3: 79.81%
Epoch [5770/10000] Training Loss: 0.1840 Accuracy: 82.92% | L1: 85.45% | L2: 83.56% | L3: 79.75%
Validation Loss: 0.2037 
 Accuracy: 82.44% | L1: 86.29% | L2: 82.12% | L3: 78.90%
Epoch [5771/10000] Training Loss: 0.1837 Accuracy: 83.00% | L1: 85.46% | L2: 83.72% | L3: 79.82%
Epoch [5772/10000] Training Loss: 0.1841 Accuracy: 82.90% | L1: 85.25% | L2: 83.59% | L3: 79.86%
Validation Loss: 0.2040 
 Accuracy: 82.36% | L1: 86.01% | L2: 82.15% | L3: 78.91%
Epoch [5773/10000] Training Loss: 0.1830 Accuracy: 82.96% | L1: 85.37% | L2: 83.73% | L3: 79.78%
Epoch [5774/10000] Training Loss: 0.1841 Accuracy: 82.87% | L1: 85.16% | L2: 83.70% | L3: 79.74%
Validation Loss: 0.2049 
 Accuracy: 82.27% | L1: 85.99% | L2: 82.05% | L3: 78.78%
Epoch [5775/10000] Training Loss: 0.1836 Accuracy: 82.91% | L1: 85.24% | L2: 83.71% | L3: 79.79%
Epoch [5776/10000] Training Loss: 0.1835 Accuracy: 82.87% | L1: 85.32% | L2: 83.62% | L3: 79.68%
Validation Loss: 0.2051 
 Accuracy: 82.14% | L1: 85.75% | L2: 81.92% | L3: 78.75%
Epoch [5777/10000] Training Loss: 0.1833 Accuracy: 82.97% | L1: 85.29% | L2: 83.71% | L3: 79.90%
Epoch [5778/10000] Training Loss: 0.1825 Accuracy: 82.93% | L1: 85.32% | L2: 83.69% | L3: 79.79%
Validation Loss: 0.2034 
 Accuracy: 82.41% | L1: 85.63% | L2: 82.31% | L3: 79.30%
Epoch [5779/10000] Training Loss: 0.1828 Accuracy: 83.01% | L1: 85.39% | L2: 83.70% | L3: 79.92%
Epoch [5780/10000] Training Loss: 0.1831 Accuracy: 82.98% | L1: 85.23% | L2: 83.69% | L3: 80.02%
Validation Loss: 0.2050 
 Accuracy: 82.16% | L1: 85.75% | L2: 82.17% | L3: 78.57%
Epoch [5781/10000] Training Loss: 0.1829 Accuracy: 82.97% | L1: 85.32% | L2: 83.65% | L3: 79.92%
Epoch [5782/10000] Training Loss: 0.1828 Accuracy: 83.01% | L1: 85.28% | L2: 83.93% | L3: 79.83%
Validation Loss: 0.2063 
 Accuracy: 82.19% | L1: 86.00% | L2: 81.97% | L3: 78.59%
Epoch [5783/10000] Training Loss: 0.1833 Accuracy: 83.00% | L1: 85.43% | L2: 83.62% | L3: 79.93%
Epoch [5784/10000] Training Loss: 0.1820 Accuracy: 82.97% | L1: 85.16% | L2: 83.83% | L3: 79.91%
Validation Loss: 0.2057 
 Accuracy: 82.16% | L1: 85.70% | L2: 82.17% | L3: 78.63%
Epoch [5785/10000] Training Loss: 0.1827 Accuracy: 82.98% | L1: 85.39% | L2: 83.64% | L3: 79.93%
Epoch [5786/10000] Training Loss: 0.1827 Accuracy: 83.00% | L1: 85.34% | L2: 83.79% | L3: 79.88%
Validation Loss: 0.2055 
 Accuracy: 82.21% | L1: 85.86% | L2: 82.12% | L3: 78.65%
Epoch [5787/10000] Training Loss: 0.1826 Accuracy: 83.02% | L1: 85.33% | L2: 83.75% | L3: 79.97%
Epoch [5788/10000] Training Loss: 0.1824 Accuracy: 83.08% | L1: 85.38% | L2: 83.88% | L3: 79.97%
Validation Loss: 0.2050 
 Accuracy: 82.19% | L1: 85.64% | L2: 82.07% | L3: 78.86%
Epoch [5789/10000] Training Loss: 0.1826 Accuracy: 83.01% | L1: 85.32% | L2: 83.73% | L3: 79.97%
Epoch [5790/10000] Training Loss: 0.1821 Accuracy: 83.06% | L1: 85.37% | L2: 83.78% | L3: 80.03%
Validation Loss: 0.2093 
 Accuracy: 81.88% | L1: 85.62% | L2: 81.69% | L3: 78.34%
Epoch [5791/10000] Training Loss: 0.1820 Accuracy: 83.03% | L1: 85.39% | L2: 83.78% | L3: 79.91%
Epoch [5792/10000] Training Loss: 0.1818 Accuracy: 83.09% | L1: 85.33% | L2: 83.94% | L3: 80.01%
Validation Loss: 0.2083 
 Accuracy: 82.05% | L1: 85.85% | L2: 81.95% | L3: 78.36%
Loading checkpoint from best_vit_model.pth...
DEBUG: No improvement for several epochs. Consider early stopping or adjusting training.
Changing training datasets...
Train indices changed: True
Epoch [5793/10000] Training Loss: 0.1943 Accuracy: 82.29% | L1: 85.29% | L2: 82.76% | L3: 78.83%
Epoch [5794/10000] Training Loss: 0.1934 Accuracy: 82.35% | L1: 85.34% | L2: 82.75% | L3: 78.96%
Validation Loss: 0.2012 
 Accuracy: 82.34% | L1: 85.88% | L2: 82.35% | L3: 78.80%
Checkpoint saved at epoch 5794
Epoch [5795/10000] Training Loss: 0.1928 Accuracy: 82.37% | L1: 85.33% | L2: 82.79% | L3: 78.98%
Epoch [5796/10000] Training Loss: 0.1924 Accuracy: 82.46% | L1: 85.49% | L2: 82.81% | L3: 79.08%
Validation Loss: 0.1999 
 Accuracy: 82.30% | L1: 85.72% | L2: 82.31% | L3: 78.86%
Checkpoint saved at epoch 5796
Epoch [5797/10000] Training Loss: 0.1924 Accuracy: 82.42% | L1: 85.31% | L2: 82.88% | L3: 79.08%
Epoch [5798/10000] Training Loss: 0.1925 Accuracy: 82.37% | L1: 85.23% | L2: 82.89% | L3: 78.98%
Validation Loss: 0.2021 
 Accuracy: 82.24% | L1: 86.05% | L2: 82.18% | L3: 78.50%
Epoch [5799/10000] Training Loss: 0.1913 Accuracy: 82.40% | L1: 85.29% | L2: 82.89% | L3: 79.01%
Epoch [5800/10000] Training Loss: 0.1919 Accuracy: 82.42% | L1: 85.40% | L2: 82.74% | L3: 79.11%
Checkpoint 'best_vit_model_every_100_epoch' saved at epoch 5800
Validation Loss: 0.1981 
 Accuracy: 82.58% | L1: 85.98% | L2: 82.45% | L3: 79.31%
Checkpoint saved at epoch 5800
Epoch [5801/10000] Training Loss: 0.1921 Accuracy: 82.37% | L1: 85.07% | L2: 82.97% | L3: 79.05%
Epoch [5802/10000] Training Loss: 0.1911 Accuracy: 82.49% | L1: 85.41% | L2: 82.87% | L3: 79.18%
Validation Loss: 0.1996 
 Accuracy: 82.31% | L1: 85.64% | L2: 82.23% | L3: 79.06%
Epoch [5803/10000] Training Loss: 0.1909 Accuracy: 82.48% | L1: 85.27% | L2: 82.86% | L3: 79.29%
Epoch [5804/10000] Training Loss: 0.1905 Accuracy: 82.44% | L1: 85.09% | L2: 83.02% | L3: 79.21%
Validation Loss: 0.1994 
 Accuracy: 82.50% | L1: 85.84% | L2: 82.54% | L3: 79.11%
Epoch [5805/10000] Training Loss: 0.1903 Accuracy: 82.50% | L1: 85.21% | L2: 83.08% | L3: 79.22%
Epoch [5806/10000] Training Loss: 0.1898 Accuracy: 82.52% | L1: 85.26% | L2: 82.98% | L3: 79.31%
Validation Loss: 0.1990 
 Accuracy: 82.50% | L1: 85.67% | L2: 82.58% | L3: 79.25%
Epoch [5807/10000] Training Loss: 0.1900 Accuracy: 82.50% | L1: 85.28% | L2: 83.03% | L3: 79.19%
Epoch [5808/10000] Training Loss: 0.1903 Accuracy: 82.56% | L1: 85.31% | L2: 83.11% | L3: 79.25%
Validation Loss: 0.1998 
 Accuracy: 82.39% | L1: 86.07% | L2: 82.42% | L3: 78.66%
Epoch [5809/10000] Training Loss: 0.1901 Accuracy: 82.60% | L1: 85.29% | L2: 83.23% | L3: 79.27%
Epoch [5810/10000] Training Loss: 0.1906 Accuracy: 82.52% | L1: 85.23% | L2: 83.12% | L3: 79.22%
Validation Loss: 0.2005 
 Accuracy: 82.27% | L1: 85.85% | L2: 82.32% | L3: 78.65%
Epoch [5811/10000] Training Loss: 0.1895 Accuracy: 82.52% | L1: 85.22% | L2: 83.06% | L3: 79.29%
Epoch [5812/10000] Training Loss: 0.1897 Accuracy: 82.62% | L1: 85.43% | L2: 83.09% | L3: 79.35%
Validation Loss: 0.2021 
 Accuracy: 82.19% | L1: 85.93% | L2: 82.09% | L3: 78.54%
Epoch [5813/10000] Training Loss: 0.1899 Accuracy: 82.62% | L1: 85.42% | L2: 83.19% | L3: 79.26%
Epoch [5814/10000] Training Loss: 0.1893 Accuracy: 82.59% | L1: 85.31% | L2: 83.07% | L3: 79.40%
Validation Loss: 0.2017 
 Accuracy: 82.22% | L1: 85.48% | L2: 82.20% | L3: 78.99%
Epoch [5815/10000] Training Loss: 0.1893 Accuracy: 82.58% | L1: 85.25% | L2: 83.16% | L3: 79.34%
Epoch [5816/10000] Training Loss: 0.1900 Accuracy: 82.58% | L1: 85.29% | L2: 83.07% | L3: 79.37%
Validation Loss: 0.2023 
 Accuracy: 82.31% | L1: 86.01% | L2: 82.11% | L3: 78.82%
Epoch [5817/10000] Training Loss: 0.1892 Accuracy: 82.60% | L1: 85.21% | L2: 83.21% | L3: 79.38%
Epoch [5818/10000] Training Loss: 0.1887 Accuracy: 82.75% | L1: 85.57% | L2: 83.24% | L3: 79.44%
Validation Loss: 0.2005 
 Accuracy: 82.38% | L1: 85.77% | L2: 82.31% | L3: 79.05%
Epoch [5819/10000] Training Loss: 0.1887 Accuracy: 82.62% | L1: 85.34% | L2: 83.11% | L3: 79.41%
Epoch [5820/10000] Training Loss: 0.1889 Accuracy: 82.57% | L1: 85.17% | L2: 83.13% | L3: 79.42%
Validation Loss: 0.2012 
 Accuracy: 82.33% | L1: 85.90% | L2: 82.23% | L3: 78.87%
Epoch [5821/10000] Training Loss: 0.1883 Accuracy: 82.71% | L1: 85.32% | L2: 83.20% | L3: 79.61%
Epoch [5822/10000] Training Loss: 0.1891 Accuracy: 82.69% | L1: 85.37% | L2: 83.30% | L3: 79.41%
Validation Loss: 0.2030 
 Accuracy: 82.18% | L1: 86.04% | L2: 82.11% | L3: 78.39%
Epoch [5823/10000] Training Loss: 0.1882 Accuracy: 82.69% | L1: 85.33% | L2: 83.22% | L3: 79.53%
Epoch [5824/10000] Training Loss: 0.1886 Accuracy: 82.64% | L1: 85.25% | L2: 83.15% | L3: 79.51%
Validation Loss: 0.2004 
 Accuracy: 82.45% | L1: 85.76% | L2: 82.46% | L3: 79.11%
Epoch [5825/10000] Training Loss: 0.1886 Accuracy: 82.68% | L1: 85.43% | L2: 83.14% | L3: 79.48%
Epoch [5826/10000] Training Loss: 0.1883 Accuracy: 82.67% | L1: 85.30% | L2: 83.22% | L3: 79.49%
Validation Loss: 0.2010 
 Accuracy: 82.35% | L1: 85.90% | L2: 82.29% | L3: 78.86%
Epoch [5827/10000] Training Loss: 0.1881 Accuracy: 82.69% | L1: 85.28% | L2: 83.31% | L3: 79.47%
Epoch [5828/10000] Training Loss: 0.1880 Accuracy: 82.72% | L1: 85.41% | L2: 83.28% | L3: 79.48%
Validation Loss: 0.2016 
 Accuracy: 82.24% | L1: 85.76% | L2: 82.29% | L3: 78.68%
Epoch [5829/10000] Training Loss: 0.1881 Accuracy: 82.73% | L1: 85.46% | L2: 83.20% | L3: 79.52%
Epoch [5830/10000] Training Loss: 0.1881 Accuracy: 82.75% | L1: 85.47% | L2: 83.29% | L3: 79.49%
Validation Loss: 0.2013 
 Accuracy: 82.44% | L1: 86.02% | L2: 82.22% | L3: 79.09%
Epoch [5831/10000] Training Loss: 0.1882 Accuracy: 82.66% | L1: 85.31% | L2: 83.20% | L3: 79.45%
Epoch [5832/10000] Training Loss: 0.1880 Accuracy: 82.68% | L1: 85.40% | L2: 83.19% | L3: 79.47%
Validation Loss: 0.2017 
 Accuracy: 82.22% | L1: 85.80% | L2: 82.23% | L3: 78.64%
Epoch [5833/10000] Training Loss: 0.1882 Accuracy: 82.69% | L1: 85.25% | L2: 83.32% | L3: 79.51%
Epoch [5834/10000] Training Loss: 0.1875 Accuracy: 82.74% | L1: 85.25% | L2: 83.40% | L3: 79.57%
Validation Loss: 0.2016 
 Accuracy: 82.30% | L1: 85.57% | L2: 82.27% | L3: 79.06%
Epoch [5835/10000] Training Loss: 0.1872 Accuracy: 82.72% | L1: 85.13% | L2: 83.37% | L3: 79.65%
Epoch [5836/10000] Training Loss: 0.1869 Accuracy: 82.78% | L1: 85.29% | L2: 83.43% | L3: 79.62%
Validation Loss: 0.2010 
 Accuracy: 82.29% | L1: 85.76% | L2: 82.16% | L3: 78.95%
Epoch [5837/10000] Training Loss: 0.1873 Accuracy: 82.75% | L1: 85.35% | L2: 83.35% | L3: 79.55%
Epoch [5838/10000] Training Loss: 0.1867 Accuracy: 82.75% | L1: 85.30% | L2: 83.38% | L3: 79.56%
Validation Loss: 0.2043 
 Accuracy: 82.10% | L1: 85.89% | L2: 82.03% | L3: 78.38%
Epoch [5839/10000] Training Loss: 0.1869 Accuracy: 82.76% | L1: 85.21% | L2: 83.45% | L3: 79.62%
Epoch [5840/10000] Training Loss: 0.1868 Accuracy: 82.83% | L1: 85.51% | L2: 83.28% | L3: 79.70%
Validation Loss: 0.2018 
 Accuracy: 82.25% | L1: 85.83% | L2: 82.28% | L3: 78.65%
Epoch [5841/10000] Training Loss: 0.1872 Accuracy: 82.73% | L1: 85.15% | L2: 83.47% | L3: 79.58%
Epoch [5842/10000] Training Loss: 0.1863 Accuracy: 82.83% | L1: 85.24% | L2: 83.47% | L3: 79.77%
Validation Loss: 0.2011 
 Accuracy: 82.45% | L1: 85.98% | L2: 82.43% | L3: 78.95%
Epoch [5843/10000] Training Loss: 0.1868 Accuracy: 82.79% | L1: 85.40% | L2: 83.39% | L3: 79.57%
Epoch [5844/10000] Training Loss: 0.1864 Accuracy: 82.87% | L1: 85.50% | L2: 83.48% | L3: 79.61%
Validation Loss: 0.2033 
 Accuracy: 82.19% | L1: 85.94% | L2: 82.07% | L3: 78.57%
Epoch [5845/10000] Training Loss: 0.1867 Accuracy: 82.84% | L1: 85.43% | L2: 83.45% | L3: 79.65%
Epoch [5846/10000] Training Loss: 0.1867 Accuracy: 82.81% | L1: 85.40% | L2: 83.35% | L3: 79.68%
Validation Loss: 0.2047 
 Accuracy: 82.18% | L1: 85.93% | L2: 82.01% | L3: 78.61%
Epoch [5847/10000] Training Loss: 0.1870 Accuracy: 82.78% | L1: 85.25% | L2: 83.35% | L3: 79.73%
Epoch [5848/10000] Training Loss: 0.1861 Accuracy: 82.84% | L1: 85.26% | L2: 83.41% | L3: 79.85%
Validation Loss: 0.2041 
 Accuracy: 82.01% | L1: 85.35% | L2: 82.11% | L3: 78.57%
Epoch [5849/10000] Training Loss: 0.1857 Accuracy: 82.81% | L1: 85.10% | L2: 83.60% | L3: 79.74%
Epoch [5850/10000] Training Loss: 0.1863 Accuracy: 82.85% | L1: 85.37% | L2: 83.47% | L3: 79.71%
Validation Loss: 0.2009 
 Accuracy: 82.42% | L1: 85.95% | L2: 82.32% | L3: 79.01%
Epoch [5851/10000] Training Loss: 0.1848 Accuracy: 82.98% | L1: 85.48% | L2: 83.63% | L3: 79.84%
Epoch [5852/10000] Training Loss: 0.1853 Accuracy: 82.86% | L1: 85.22% | L2: 83.58% | L3: 79.78%
Validation Loss: 0.2027 
 Accuracy: 82.12% | L1: 85.70% | L2: 82.14% | L3: 78.51%
Epoch [5853/10000] Training Loss: 0.1851 Accuracy: 82.82% | L1: 85.11% | L2: 83.45% | L3: 79.90%
Epoch [5854/10000] Training Loss: 0.1862 Accuracy: 82.89% | L1: 85.47% | L2: 83.42% | L3: 79.76%
Validation Loss: 0.2022 
 Accuracy: 82.39% | L1: 86.08% | L2: 82.38% | L3: 78.69%
Epoch [5855/10000] Training Loss: 0.1864 Accuracy: 82.82% | L1: 85.29% | L2: 83.52% | L3: 79.67%
Epoch [5856/10000] Training Loss: 0.1856 Accuracy: 82.91% | L1: 85.45% | L2: 83.75% | L3: 79.54%
Validation Loss: 0.2044 
 Accuracy: 82.17% | L1: 86.00% | L2: 82.03% | L3: 78.48%
Epoch [5857/10000] Training Loss: 0.1853 Accuracy: 82.93% | L1: 85.36% | L2: 83.65% | L3: 79.78%
Epoch [5858/10000] Training Loss: 0.1847 Accuracy: 82.90% | L1: 85.10% | L2: 83.71% | L3: 79.89%
Validation Loss: 0.2018 
 Accuracy: 82.35% | L1: 85.96% | L2: 82.39% | L3: 78.70%
Epoch [5859/10000] Training Loss: 0.1855 Accuracy: 82.87% | L1: 85.34% | L2: 83.50% | L3: 79.77%
Epoch [5860/10000] Training Loss: 0.1854 Accuracy: 82.94% | L1: 85.45% | L2: 83.57% | L3: 79.81%
Validation Loss: 0.2043 
 Accuracy: 82.29% | L1: 85.80% | L2: 82.15% | L3: 78.90%
Epoch [5861/10000] Training Loss: 0.1857 Accuracy: 82.91% | L1: 85.35% | L2: 83.59% | L3: 79.80%
Epoch [5862/10000] Training Loss: 0.1853 Accuracy: 82.98% | L1: 85.39% | L2: 83.64% | L3: 79.90%
Validation Loss: 0.2037 
 Accuracy: 82.15% | L1: 85.82% | L2: 82.21% | L3: 78.41%
Epoch [5863/10000] Training Loss: 0.1856 Accuracy: 82.87% | L1: 85.34% | L2: 83.62% | L3: 79.64%
Epoch [5864/10000] Training Loss: 0.1850 Accuracy: 82.85% | L1: 85.20% | L2: 83.57% | L3: 79.78%
Validation Loss: 0.2052 
 Accuracy: 82.09% | L1: 86.00% | L2: 81.91% | L3: 78.37%
Epoch [5865/10000] Training Loss: 0.1856 Accuracy: 82.95% | L1: 85.50% | L2: 83.64% | L3: 79.70%
Epoch [5866/10000] Training Loss: 0.1847 Accuracy: 82.96% | L1: 85.40% | L2: 83.63% | L3: 79.85%
Validation Loss: 0.2039 
 Accuracy: 82.31% | L1: 85.99% | L2: 82.08% | L3: 78.86%
Epoch [5867/10000] Training Loss: 0.1855 Accuracy: 82.97% | L1: 85.54% | L2: 83.63% | L3: 79.76%
Epoch [5868/10000] Training Loss: 0.1855 Accuracy: 83.03% | L1: 85.67% | L2: 83.54% | L3: 79.89%
Validation Loss: 0.2047 
 Accuracy: 82.19% | L1: 85.68% | L2: 82.18% | L3: 78.72%
Epoch [5869/10000] Training Loss: 0.1844 Accuracy: 82.95% | L1: 85.28% | L2: 83.65% | L3: 79.91%
Epoch [5870/10000] Training Loss: 0.1850 Accuracy: 82.85% | L1: 85.15% | L2: 83.66% | L3: 79.74%
Validation Loss: 0.2070 
 Accuracy: 81.99% | L1: 85.86% | L2: 81.82% | L3: 78.29%
Epoch [5871/10000] Training Loss: 0.1843 Accuracy: 82.99% | L1: 85.41% | L2: 83.68% | L3: 79.87%
Epoch [5872/10000] Training Loss: 0.1841 Accuracy: 82.92% | L1: 85.24% | L2: 83.62% | L3: 79.89%
Validation Loss: 0.2029 
 Accuracy: 82.24% | L1: 85.69% | L2: 82.04% | L3: 79.00%
Epoch [5873/10000] Training Loss: 0.1839 Accuracy: 82.98% | L1: 85.32% | L2: 83.68% | L3: 79.94%
Epoch [5874/10000] Training Loss: 0.1838 Accuracy: 82.94% | L1: 85.18% | L2: 83.70% | L3: 79.96%
Validation Loss: 0.2037 
 Accuracy: 82.21% | L1: 85.80% | L2: 82.10% | L3: 78.72%
Epoch [5875/10000] Training Loss: 0.1841 Accuracy: 83.03% | L1: 85.37% | L2: 83.81% | L3: 79.90%
Epoch [5876/10000] Training Loss: 0.1852 Accuracy: 83.00% | L1: 85.55% | L2: 83.63% | L3: 79.82%
Validation Loss: 0.2038 
 Accuracy: 82.23% | L1: 85.51% | L2: 82.26% | L3: 78.91%
Epoch [5877/10000] Training Loss: 0.1838 Accuracy: 83.10% | L1: 85.58% | L2: 83.74% | L3: 79.99%
Epoch [5878/10000] Training Loss: 0.1844 Accuracy: 82.96% | L1: 85.27% | L2: 83.70% | L3: 79.92%
Validation Loss: 0.2026 
 Accuracy: 82.30% | L1: 85.78% | L2: 82.19% | L3: 78.93%
Epoch [5879/10000] Training Loss: 0.1843 Accuracy: 83.02% | L1: 85.42% | L2: 83.73% | L3: 79.93%
Epoch [5880/10000] Training Loss: 0.1835 Accuracy: 82.98% | L1: 85.36% | L2: 83.70% | L3: 79.89%
Validation Loss: 0.2032 
 Accuracy: 82.41% | L1: 85.90% | L2: 82.25% | L3: 79.09%
Epoch [5881/10000] Training Loss: 0.1830 Accuracy: 83.07% | L1: 85.43% | L2: 83.82% | L3: 79.95%
Epoch [5882/10000] Training Loss: 0.1836 Accuracy: 83.01% | L1: 85.32% | L2: 83.78% | L3: 79.94%
Validation Loss: 0.2038 
 Accuracy: 82.24% | L1: 85.95% | L2: 82.14% | L3: 78.64%
Epoch [5883/10000] Training Loss: 0.1835 Accuracy: 83.05% | L1: 85.36% | L2: 83.77% | L3: 80.02%
Epoch [5884/10000] Training Loss: 0.1836 Accuracy: 83.06% | L1: 85.37% | L2: 83.76% | L3: 80.05%
Validation Loss: 0.2074 
 Accuracy: 81.88% | L1: 85.55% | L2: 81.96% | L3: 78.13%
Epoch [5885/10000] Training Loss: 0.1831 Accuracy: 83.05% | L1: 85.29% | L2: 83.83% | L3: 80.03%
Epoch [5886/10000] Training Loss: 0.1833 Accuracy: 83.05% | L1: 85.33% | L2: 83.78% | L3: 80.03%
Validation Loss: 0.2069 
 Accuracy: 82.10% | L1: 85.88% | L2: 82.06% | L3: 78.35%
Epoch [5887/10000] Training Loss: 0.1828 Accuracy: 83.08% | L1: 85.40% | L2: 83.73% | L3: 80.10%
Epoch [5888/10000] Training Loss: 0.1834 Accuracy: 82.99% | L1: 85.23% | L2: 83.85% | L3: 79.90%
Validation Loss: 0.2046 
 Accuracy: 82.19% | L1: 85.89% | L2: 82.07% | L3: 78.59%
Epoch [5889/10000] Training Loss: 0.1829 Accuracy: 83.05% | L1: 85.31% | L2: 83.77% | L3: 80.06%
Epoch [5890/10000] Training Loss: 0.1829 Accuracy: 83.06% | L1: 85.33% | L2: 83.83% | L3: 80.03%
Validation Loss: 0.2068 
 Accuracy: 82.11% | L1: 85.75% | L2: 81.92% | L3: 78.66%
Epoch [5891/10000] Training Loss: 0.1830 Accuracy: 83.04% | L1: 85.25% | L2: 83.77% | L3: 80.11%
Epoch [5892/10000] Training Loss: 0.1823 Accuracy: 83.05% | L1: 85.18% | L2: 83.97% | L3: 80.00%
Validation Loss: 0.2064 
 Accuracy: 82.10% | L1: 85.89% | L2: 82.05% | L3: 78.35%
Epoch [5893/10000] Training Loss: 0.1827 Accuracy: 83.04% | L1: 85.36% | L2: 83.74% | L3: 80.01%
Epoch [5894/10000] Training Loss: 0.1816 Accuracy: 83.15% | L1: 85.42% | L2: 83.92% | L3: 80.12%
Validation Loss: 0.2042 
 Accuracy: 82.31% | L1: 85.93% | L2: 82.24% | L3: 78.76%
Epoch [5895/10000] Training Loss: 0.1825 Accuracy: 83.22% | L1: 85.57% | L2: 84.01% | L3: 80.06%
Epoch [5896/10000] Training Loss: 0.1821 Accuracy: 83.09% | L1: 85.23% | L2: 83.90% | L3: 80.13%
Validation Loss: 0.2069 
 Accuracy: 82.10% | L1: 85.85% | L2: 81.91% | L3: 78.52%
Epoch [5897/10000] Training Loss: 0.1823 Accuracy: 83.12% | L1: 85.43% | L2: 83.77% | L3: 80.16%
Epoch [5898/10000] Training Loss: 0.1823 Accuracy: 83.06% | L1: 85.19% | L2: 83.85% | L3: 80.14%
Validation Loss: 0.2051 
 Accuracy: 82.12% | L1: 85.84% | L2: 81.96% | L3: 78.57%
Epoch [5899/10000] Training Loss: 0.1824 Accuracy: 83.09% | L1: 85.32% | L2: 83.81% | L3: 80.13%
Epoch [5900/10000] Training Loss: 0.1825 Accuracy: 83.18% | L1: 85.57% | L2: 83.92% | L3: 80.05%
Checkpoint 'best_vit_model_every_100_epoch' saved at epoch 5900
Validation Loss: 0.2076 
 Accuracy: 82.10% | L1: 85.80% | L2: 82.01% | L3: 78.49%
Loading checkpoint from best_vit_model.pth...
DEBUG: No improvement for several epochs. Consider early stopping or adjusting training.
Changing training datasets...
Train indices changed: True
Changing validation datasets...
Validation indices changed: True
Epoch [5901/10000] Training Loss: 0.1926 Accuracy: 82.26% | L1: 85.17% | L2: 82.69% | L3: 78.92%
Epoch [5902/10000] Training Loss: 0.1928 Accuracy: 82.25% | L1: 85.19% | L2: 82.65% | L3: 78.90%
Validation Loss: 0.1998 
 Accuracy: 82.39% | L1: 86.01% | L2: 82.24% | L3: 78.91%
Checkpoint saved at epoch 5902
Epoch [5903/10000] Training Loss: 0.1918 Accuracy: 82.41% | L1: 85.29% | L2: 82.82% | L3: 79.11%
Epoch [5904/10000] Training Loss: 0.1922 Accuracy: 82.39% | L1: 85.35% | L2: 82.72% | L3: 79.10%
Validation Loss: 0.2009 
 Accuracy: 82.26% | L1: 85.86% | L2: 82.28% | L3: 78.63%
Epoch [5905/10000] Training Loss: 0.1925 Accuracy: 82.28% | L1: 85.23% | L2: 82.77% | L3: 78.83%
Epoch [5906/10000] Training Loss: 0.1909 Accuracy: 82.35% | L1: 85.20% | L2: 82.79% | L3: 79.06%
Validation Loss: 0.2028 
 Accuracy: 82.10% | L1: 86.01% | L2: 82.08% | L3: 78.21%
Epoch [5907/10000] Training Loss: 0.1915 Accuracy: 82.44% | L1: 85.26% | L2: 82.97% | L3: 79.09%
Epoch [5908/10000] Training Loss: 0.1908 Accuracy: 82.42% | L1: 85.08% | L2: 82.89% | L3: 79.27%
Validation Loss: 0.1995 
 Accuracy: 82.41% | L1: 85.94% | L2: 82.39% | L3: 78.91%
Checkpoint saved at epoch 5908
Epoch [5909/10000] Training Loss: 0.1907 Accuracy: 82.37% | L1: 85.05% | L2: 82.95% | L3: 79.10%
Epoch [5910/10000] Training Loss: 0.1910 Accuracy: 82.36% | L1: 85.10% | L2: 82.89% | L3: 79.08%
Validation Loss: 0.2011 
 Accuracy: 82.29% | L1: 85.82% | L2: 82.24% | L3: 78.82%
Epoch [5911/10000] Training Loss: 0.1903 Accuracy: 82.51% | L1: 85.39% | L2: 82.91% | L3: 79.23%
Epoch [5912/10000] Training Loss: 0.1908 Accuracy: 82.34% | L1: 84.97% | L2: 82.86% | L3: 79.19%
Validation Loss: 0.1989 
 Accuracy: 82.47% | L1: 85.87% | L2: 82.48% | L3: 79.06%
Checkpoint saved at epoch 5912
Epoch [5913/10000] Training Loss: 0.1902 Accuracy: 82.48% | L1: 85.23% | L2: 83.07% | L3: 79.13%
Epoch [5914/10000] Training Loss: 0.1901 Accuracy: 82.46% | L1: 85.12% | L2: 83.01% | L3: 79.24%
Validation Loss: 0.1992 
 Accuracy: 82.36% | L1: 85.83% | L2: 82.31% | L3: 78.96%
Epoch [5915/10000] Training Loss: 0.1897 Accuracy: 82.43% | L1: 85.01% | L2: 83.07% | L3: 79.20%
Epoch [5916/10000] Training Loss: 0.1901 Accuracy: 82.49% | L1: 85.20% | L2: 83.07% | L3: 79.21%
Validation Loss: 0.1995 
 Accuracy: 82.55% | L1: 86.14% | L2: 82.36% | L3: 79.15%
Epoch [5917/10000] Training Loss: 0.1892 Accuracy: 82.53% | L1: 85.14% | L2: 83.12% | L3: 79.34%
Epoch [5918/10000] Training Loss: 0.1896 Accuracy: 82.40% | L1: 84.94% | L2: 83.01% | L3: 79.24%
Validation Loss: 0.1998 
 Accuracy: 82.44% | L1: 85.75% | L2: 82.42% | L3: 79.15%
Epoch [5919/10000] Training Loss: 0.1903 Accuracy: 82.53% | L1: 85.45% | L2: 83.00% | L3: 79.14%
Epoch [5920/10000] Training Loss: 0.1892 Accuracy: 82.57% | L1: 85.34% | L2: 82.99% | L3: 79.37%
Validation Loss: 0.2005 
 Accuracy: 82.30% | L1: 85.79% | L2: 82.31% | L3: 78.81%
Epoch [5921/10000] Training Loss: 0.1895 Accuracy: 82.54% | L1: 85.21% | L2: 83.20% | L3: 79.21%
Epoch [5922/10000] Training Loss: 0.1880 Accuracy: 82.60% | L1: 85.15% | L2: 83.25% | L3: 79.41%
Validation Loss: 0.2014 
 Accuracy: 82.32% | L1: 85.94% | L2: 82.23% | L3: 78.81%
Epoch [5923/10000] Training Loss: 0.1890 Accuracy: 82.53% | L1: 85.05% | L2: 83.14% | L3: 79.40%
Epoch [5924/10000] Training Loss: 0.1889 Accuracy: 82.55% | L1: 85.26% | L2: 83.02% | L3: 79.38%
Validation Loss: 0.1999 
 Accuracy: 82.58% | L1: 85.91% | L2: 82.47% | L3: 79.35%
Epoch [5925/10000] Training Loss: 0.1892 Accuracy: 82.56% | L1: 85.26% | L2: 83.11% | L3: 79.33%
Epoch [5926/10000] Training Loss: 0.1888 Accuracy: 82.56% | L1: 85.15% | L2: 83.10% | L3: 79.41%
Validation Loss: 0.2003 
 Accuracy: 82.31% | L1: 85.93% | L2: 82.38% | L3: 78.62%
Epoch [5927/10000] Training Loss: 0.1887 Accuracy: 82.61% | L1: 85.28% | L2: 83.08% | L3: 79.47%
Epoch [5928/10000] Training Loss: 0.1881 Accuracy: 82.60% | L1: 85.06% | L2: 83.28% | L3: 79.46%
Validation Loss: 0.1999 
 Accuracy: 82.41% | L1: 85.76% | L2: 82.45% | L3: 79.01%
Epoch [5929/10000] Training Loss: 0.1877 Accuracy: 82.61% | L1: 85.19% | L2: 83.29% | L3: 79.35%
Epoch [5930/10000] Training Loss: 0.1876 Accuracy: 82.70% | L1: 85.29% | L2: 83.16% | L3: 79.65%
Validation Loss: 0.2017 
 Accuracy: 82.38% | L1: 86.06% | L2: 82.27% | L3: 78.82%
Epoch [5931/10000] Training Loss: 0.1883 Accuracy: 82.62% | L1: 85.21% | L2: 83.25% | L3: 79.41%
Epoch [5932/10000] Training Loss: 0.1874 Accuracy: 82.60% | L1: 85.08% | L2: 83.32% | L3: 79.38%
Validation Loss: 0.1987 
 Accuracy: 82.42% | L1: 85.85% | L2: 82.41% | L3: 78.99%
Checkpoint saved at epoch 5932
Epoch [5933/10000] Training Loss: 0.1888 Accuracy: 82.65% | L1: 85.31% | L2: 83.33% | L3: 79.31%
Epoch [5934/10000] Training Loss: 0.1880 Accuracy: 82.65% | L1: 85.22% | L2: 83.18% | L3: 79.54%
Validation Loss: 0.2034 
 Accuracy: 82.21% | L1: 85.96% | L2: 82.10% | L3: 78.56%
Epoch [5935/10000] Training Loss: 0.1879 Accuracy: 82.65% | L1: 85.20% | L2: 83.23% | L3: 79.54%
Epoch [5936/10000] Training Loss: 0.1873 Accuracy: 82.69% | L1: 85.26% | L2: 83.31% | L3: 79.49%
Validation Loss: 0.1994 
 Accuracy: 82.33% | L1: 85.74% | L2: 82.48% | L3: 78.78%
Epoch [5937/10000] Training Loss: 0.1879 Accuracy: 82.65% | L1: 85.21% | L2: 83.32% | L3: 79.41%
Epoch [5938/10000] Training Loss: 0.1879 Accuracy: 82.61% | L1: 85.17% | L2: 83.37% | L3: 79.30%
Validation Loss: 0.2049 
 Accuracy: 82.15% | L1: 85.62% | L2: 82.10% | L3: 78.74%
Epoch [5939/10000] Training Loss: 0.1868 Accuracy: 82.75% | L1: 85.27% | L2: 83.37% | L3: 79.60%
Epoch [5940/10000] Training Loss: 0.1879 Accuracy: 82.65% | L1: 85.26% | L2: 83.33% | L3: 79.36%
Validation Loss: 0.2031 
 Accuracy: 82.22% | L1: 85.79% | L2: 82.20% | L3: 78.68%
Epoch [5941/10000] Training Loss: 0.1872 Accuracy: 82.80% | L1: 85.53% | L2: 83.29% | L3: 79.60%
Epoch [5942/10000] Training Loss: 0.1871 Accuracy: 82.67% | L1: 85.16% | L2: 83.30% | L3: 79.54%
Validation Loss: 0.2022 
 Accuracy: 82.37% | L1: 85.93% | L2: 82.16% | L3: 79.02%
Epoch [5943/10000] Training Loss: 0.1874 Accuracy: 82.65% | L1: 85.22% | L2: 83.31% | L3: 79.44%
Epoch [5944/10000] Training Loss: 0.1876 Accuracy: 82.72% | L1: 85.38% | L2: 83.29% | L3: 79.48%
Validation Loss: 0.2024 
 Accuracy: 82.26% | L1: 85.81% | L2: 82.19% | L3: 78.79%
Epoch [5945/10000] Training Loss: 0.1877 Accuracy: 82.67% | L1: 85.19% | L2: 83.31% | L3: 79.52%
Epoch [5946/10000] Training Loss: 0.1870 Accuracy: 82.66% | L1: 85.12% | L2: 83.32% | L3: 79.54%
Validation Loss: 0.2017 
 Accuracy: 82.29% | L1: 85.79% | L2: 82.25% | L3: 78.82%
Epoch [5947/10000] Training Loss: 0.1861 Accuracy: 82.79% | L1: 85.29% | L2: 83.44% | L3: 79.62%
Epoch [5948/10000] Training Loss: 0.1869 Accuracy: 82.75% | L1: 85.32% | L2: 83.33% | L3: 79.59%
Validation Loss: 0.2019 
 Accuracy: 82.31% | L1: 85.77% | L2: 82.33% | L3: 78.83%
Epoch [5949/10000] Training Loss: 0.1862 Accuracy: 82.67% | L1: 85.12% | L2: 83.41% | L3: 79.47%
Epoch [5950/10000] Training Loss: 0.1861 Accuracy: 82.71% | L1: 85.14% | L2: 83.45% | L3: 79.53%
Validation Loss: 0.2041 
 Accuracy: 82.17% | L1: 85.67% | L2: 82.14% | L3: 78.70%
Epoch [5951/10000] Training Loss: 0.1864 Accuracy: 82.69% | L1: 85.05% | L2: 83.33% | L3: 79.70%
Epoch [5952/10000] Training Loss: 0.1852 Accuracy: 82.81% | L1: 85.20% | L2: 83.47% | L3: 79.74%
Validation Loss: 0.2030 
 Accuracy: 82.23% | L1: 85.82% | L2: 82.32% | L3: 78.55%
Epoch [5953/10000] Training Loss: 0.1855 Accuracy: 82.77% | L1: 85.18% | L2: 83.44% | L3: 79.68%
Epoch [5954/10000] Training Loss: 0.1857 Accuracy: 82.82% | L1: 85.25% | L2: 83.54% | L3: 79.67%
Validation Loss: 0.2028 
 Accuracy: 82.35% | L1: 86.11% | L2: 82.30% | L3: 78.66%
Epoch [5955/10000] Training Loss: 0.1854 Accuracy: 82.85% | L1: 85.23% | L2: 83.52% | L3: 79.80%
Epoch [5956/10000] Training Loss: 0.1857 Accuracy: 82.83% | L1: 85.33% | L2: 83.49% | L3: 79.66%
Validation Loss: 0.2036 
 Accuracy: 82.18% | L1: 85.57% | L2: 82.05% | L3: 78.91%
Epoch [5957/10000] Training Loss: 0.1858 Accuracy: 82.85% | L1: 85.38% | L2: 83.51% | L3: 79.65%
Epoch [5958/10000] Training Loss: 0.1861 Accuracy: 82.77% | L1: 85.10% | L2: 83.38% | L3: 79.82%
Validation Loss: 0.2020 
 Accuracy: 82.44% | L1: 86.01% | L2: 82.31% | L3: 78.99%
Epoch [5959/10000] Training Loss: 0.1851 Accuracy: 82.86% | L1: 85.27% | L2: 83.68% | L3: 79.63%
Epoch [5960/10000] Training Loss: 0.1859 Accuracy: 82.81% | L1: 85.27% | L2: 83.54% | L3: 79.63%
Validation Loss: 0.2015 
 Accuracy: 82.35% | L1: 85.73% | L2: 82.55% | L3: 78.77%
Epoch [5961/10000] Training Loss: 0.1850 Accuracy: 82.88% | L1: 85.29% | L2: 83.56% | L3: 79.80%
Epoch [5962/10000] Training Loss: 0.1856 Accuracy: 82.78% | L1: 85.18% | L2: 83.46% | L3: 79.71%
Validation Loss: 0.2032 
 Accuracy: 82.25% | L1: 85.87% | L2: 82.15% | L3: 78.73%
Epoch [5963/10000] Training Loss: 0.1861 Accuracy: 82.71% | L1: 85.21% | L2: 83.39% | L3: 79.53%
Epoch [5964/10000] Training Loss: 0.1851 Accuracy: 82.80% | L1: 85.10% | L2: 83.60% | L3: 79.71%
Validation Loss: 0.2020 
 Accuracy: 82.21% | L1: 85.49% | L2: 82.16% | L3: 78.96%
Epoch [5965/10000] Training Loss: 0.1853 Accuracy: 82.90% | L1: 85.38% | L2: 83.50% | L3: 79.81%
Epoch [5966/10000] Training Loss: 0.1848 Accuracy: 82.85% | L1: 85.30% | L2: 83.49% | L3: 79.77%
Validation Loss: 0.2026 
 Accuracy: 82.21% | L1: 85.69% | L2: 82.23% | L3: 78.71%
Epoch [5967/10000] Training Loss: 0.1851 Accuracy: 82.81% | L1: 85.15% | L2: 83.63% | L3: 79.67%
Epoch [5968/10000] Training Loss: 0.1852 Accuracy: 82.88% | L1: 85.26% | L2: 83.50% | L3: 79.88%
Validation Loss: 0.2017 
 Accuracy: 82.46% | L1: 85.75% | L2: 82.35% | L3: 79.27%
Epoch [5969/10000] Training Loss: 0.1850 Accuracy: 82.77% | L1: 85.06% | L2: 83.49% | L3: 79.76%
Epoch [5970/10000] Training Loss: 0.1842 Accuracy: 82.87% | L1: 85.16% | L2: 83.66% | L3: 79.78%
Validation Loss: 0.2052 
 Accuracy: 82.06% | L1: 85.65% | L2: 82.07% | L3: 78.47%
Epoch [5971/10000] Training Loss: 0.1848 Accuracy: 82.89% | L1: 85.37% | L2: 83.44% | L3: 79.86%
Epoch [5972/10000] Training Loss: 0.1845 Accuracy: 82.84% | L1: 85.19% | L2: 83.56% | L3: 79.79%
Validation Loss: 0.2050 
 Accuracy: 82.11% | L1: 85.47% | L2: 82.04% | L3: 78.83%
Epoch [5973/10000] Training Loss: 0.1846 Accuracy: 82.91% | L1: 85.41% | L2: 83.56% | L3: 79.78%
Epoch [5974/10000] Training Loss: 0.1844 Accuracy: 82.86% | L1: 85.23% | L2: 83.62% | L3: 79.72%
Validation Loss: 0.2043 
 Accuracy: 82.22% | L1: 85.72% | L2: 82.18% | L3: 78.75%
Epoch [5975/10000] Training Loss: 0.1841 Accuracy: 82.96% | L1: 85.29% | L2: 83.75% | L3: 79.84%
Epoch [5976/10000] Training Loss: 0.1835 Accuracy: 82.96% | L1: 85.29% | L2: 83.73% | L3: 79.84%
Validation Loss: 0.2042 
 Accuracy: 82.31% | L1: 85.88% | L2: 81.98% | L3: 79.07%
Epoch [5977/10000] Training Loss: 0.1837 Accuracy: 82.94% | L1: 85.18% | L2: 83.69% | L3: 79.94%
Epoch [5978/10000] Training Loss: 0.1837 Accuracy: 82.96% | L1: 85.34% | L2: 83.63% | L3: 79.93%
Validation Loss: 0.2029 
 Accuracy: 82.33% | L1: 86.03% | L2: 82.10% | L3: 78.86%
Epoch [5979/10000] Training Loss: 0.1849 Accuracy: 82.81% | L1: 85.11% | L2: 83.60% | L3: 79.71%
Epoch [5980/10000] Training Loss: 0.1839 Accuracy: 82.96% | L1: 85.29% | L2: 83.66% | L3: 79.94%
Validation Loss: 0.2041 
 Accuracy: 82.28% | L1: 85.76% | L2: 82.21% | L3: 78.86%
Epoch [5981/10000] Training Loss: 0.1840 Accuracy: 82.86% | L1: 85.01% | L2: 83.59% | L3: 79.99%
Epoch [5982/10000] Training Loss: 0.1843 Accuracy: 82.87% | L1: 85.09% | L2: 83.65% | L3: 79.87%
Validation Loss: 0.2039 
 Accuracy: 82.16% | L1: 85.46% | L2: 82.24% | L3: 78.77%
Epoch [5983/10000] Training Loss: 0.1832 Accuracy: 82.91% | L1: 85.09% | L2: 83.79% | L3: 79.84%
Epoch [5984/10000] Training Loss: 0.1827 Accuracy: 83.01% | L1: 85.30% | L2: 83.81% | L3: 79.94%
Validation Loss: 0.2046 
 Accuracy: 82.33% | L1: 85.97% | L2: 82.34% | L3: 78.68%
Epoch [5985/10000] Training Loss: 0.1836 Accuracy: 82.91% | L1: 85.23% | L2: 83.69% | L3: 79.80%
Epoch [5986/10000] Training Loss: 0.1835 Accuracy: 82.97% | L1: 85.36% | L2: 83.61% | L3: 79.95%
Validation Loss: 0.2070 
 Accuracy: 82.17% | L1: 85.74% | L2: 82.05% | L3: 78.72%
Epoch [5987/10000] Training Loss: 0.1848 Accuracy: 82.90% | L1: 85.21% | L2: 83.71% | L3: 79.79%
Epoch [5988/10000] Training Loss: 0.1834 Accuracy: 82.97% | L1: 85.27% | L2: 83.69% | L3: 79.94%
Validation Loss: 0.2032 
 Accuracy: 82.37% | L1: 85.85% | L2: 82.23% | L3: 79.03%
Epoch [5989/10000] Training Loss: 0.1840 Accuracy: 82.99% | L1: 85.26% | L2: 83.76% | L3: 79.95%
Epoch [5990/10000] Training Loss: 0.1829 Accuracy: 83.04% | L1: 85.33% | L2: 83.75% | L3: 80.05%
Validation Loss: 0.2046 
 Accuracy: 82.23% | L1: 85.89% | L2: 82.17% | L3: 78.63%
Epoch [5991/10000] Training Loss: 0.1831 Accuracy: 82.93% | L1: 85.21% | L2: 83.70% | L3: 79.88%
Epoch [5992/10000] Training Loss: 0.1831 Accuracy: 83.08% | L1: 85.41% | L2: 83.73% | L3: 80.11%
Validation Loss: 0.2046 
 Accuracy: 82.16% | L1: 85.47% | L2: 82.23% | L3: 78.78%
Epoch [5993/10000] Training Loss: 0.1820 Accuracy: 82.96% | L1: 85.03% | L2: 83.84% | L3: 80.01%
Epoch [5994/10000] Training Loss: 0.1832 Accuracy: 82.99% | L1: 85.30% | L2: 83.75% | L3: 79.91%
Validation Loss: 0.2041 
 Accuracy: 82.30% | L1: 85.90% | L2: 82.16% | L3: 78.85%
Epoch [5995/10000] Training Loss: 0.1833 Accuracy: 83.02% | L1: 85.39% | L2: 83.72% | L3: 79.96%
Epoch [5996/10000] Training Loss: 0.1835 Accuracy: 82.96% | L1: 85.17% | L2: 83.79% | L3: 79.91%
Validation Loss: 0.2058 
 Accuracy: 82.19% | L1: 85.98% | L2: 82.10% | L3: 78.49%
Epoch [5997/10000] Training Loss: 0.1830 Accuracy: 82.96% | L1: 85.21% | L2: 83.81% | L3: 79.86%
Epoch [5998/10000] Training Loss: 0.1816 Accuracy: 83.07% | L1: 85.28% | L2: 83.88% | L3: 80.06%
Validation Loss: 0.2086 
 Accuracy: 81.97% | L1: 85.68% | L2: 81.77% | L3: 78.45%
Epoch [5999/10000] Training Loss: 0.1828 Accuracy: 83.07% | L1: 85.39% | L2: 83.84% | L3: 79.97%
Epoch [6000/10000] Training Loss: 0.1829 Accuracy: 83.03% | L1: 85.31% | L2: 83.87% | L3: 79.89%
Checkpoint 'best_vit_model_every_100_epoch' saved at epoch 6000
Validation Loss: 0.2064 
 Accuracy: 82.08% | L1: 85.75% | L2: 81.84% | L3: 78.66%
Epoch [6001/10000] Training Loss: 0.1826 Accuracy: 83.03% | L1: 85.28% | L2: 83.80% | L3: 80.02%
Epoch [6002/10000] Training Loss: 0.1830 Accuracy: 83.07% | L1: 85.41% | L2: 83.72% | L3: 80.08%
Validation Loss: 0.2070 
 Accuracy: 82.08% | L1: 85.62% | L2: 82.09% | L3: 78.52%
Epoch [6003/10000] Training Loss: 0.1818 Accuracy: 83.02% | L1: 85.13% | L2: 83.82% | L3: 80.10%
Epoch [6004/10000] Training Loss: 0.1824 Accuracy: 82.98% | L1: 85.09% | L2: 83.78% | L3: 80.05%
Validation Loss: 0.2061 
 Accuracy: 82.22% | L1: 85.82% | L2: 82.16% | L3: 78.69%
Epoch [6005/10000] Training Loss: 0.1826 Accuracy: 83.02% | L1: 85.23% | L2: 83.83% | L3: 80.00%
Epoch [6006/10000] Training Loss: 0.1821 Accuracy: 83.19% | L1: 85.44% | L2: 83.97% | L3: 80.16%
Validation Loss: 0.2035 
 Accuracy: 82.32% | L1: 85.80% | L2: 82.24% | L3: 78.92%
Epoch [6007/10000] Training Loss: 0.1811 Accuracy: 83.09% | L1: 85.13% | L2: 83.98% | L3: 80.16%
Epoch [6008/10000] Training Loss: 0.1820 Accuracy: 83.08% | L1: 85.19% | L2: 83.92% | L3: 80.13%
Validation Loss: 0.2058 
 Accuracy: 82.27% | L1: 85.74% | L2: 82.14% | L3: 78.94%
Epoch [6009/10000] Training Loss: 0.1816 Accuracy: 83.06% | L1: 85.19% | L2: 83.86% | L3: 80.12%
Epoch [6010/10000] Training Loss: 0.1815 Accuracy: 83.10% | L1: 85.24% | L2: 84.01% | L3: 80.06%
Validation Loss: 0.2053 
 Accuracy: 82.10% | L1: 85.50% | L2: 82.06% | L3: 78.72%
Epoch [6011/10000] Training Loss: 0.1814 Accuracy: 83.02% | L1: 85.06% | L2: 83.87% | L3: 80.15%
Epoch [6012/10000] Training Loss: 0.1816 Accuracy: 83.06% | L1: 85.05% | L2: 84.02% | L3: 80.11%
Validation Loss: 0.2057 
 Accuracy: 82.08% | L1: 85.78% | L2: 82.00% | L3: 78.47%
Epoch [6013/10000] Training Loss: 0.1817 Accuracy: 83.13% | L1: 85.30% | L2: 83.90% | L3: 80.18%
Epoch [6014/10000] Training Loss: 0.1813 Accuracy: 83.09% | L1: 85.20% | L2: 83.94% | L3: 80.14%
Validation Loss: 0.2070 
 Accuracy: 82.06% | L1: 85.76% | L2: 81.94% | L3: 78.48%
Epoch [6015/10000] Training Loss: 0.1817 Accuracy: 83.09% | L1: 85.36% | L2: 83.75% | L3: 80.16%
Epoch [6016/10000] Training Loss: 0.1817 Accuracy: 83.10% | L1: 85.25% | L2: 83.81% | L3: 80.23%
Validation Loss: 0.2066 
 Accuracy: 82.06% | L1: 85.67% | L2: 82.00% | L3: 78.53%
Epoch [6017/10000] Training Loss: 0.1811 Accuracy: 83.10% | L1: 85.17% | L2: 84.00% | L3: 80.13%
Epoch [6018/10000] Training Loss: 0.1810 Accuracy: 83.12% | L1: 85.21% | L2: 84.06% | L3: 80.10%
Validation Loss: 0.2046 
 Accuracy: 82.35% | L1: 85.97% | L2: 82.13% | L3: 78.94%
Epoch [6019/10000] Training Loss: 0.1810 Accuracy: 83.10% | L1: 85.16% | L2: 83.97% | L3: 80.17%
Epoch [6020/10000] Training Loss: 0.1815 Accuracy: 83.08% | L1: 85.16% | L2: 84.04% | L3: 80.04%
Validation Loss: 0.2070 
 Accuracy: 82.06% | L1: 85.56% | L2: 82.17% | L3: 78.45%
Epoch [6021/10000] Training Loss: 0.1803 Accuracy: 83.15% | L1: 85.21% | L2: 84.11% | L3: 80.12%
Epoch [6022/10000] Training Loss: 0.1803 Accuracy: 83.08% | L1: 85.10% | L2: 83.93% | L3: 80.21%
Validation Loss: 0.2065 
 Accuracy: 82.20% | L1: 85.90% | L2: 82.05% | L3: 78.66%
Epoch [6023/10000] Training Loss: 0.1809 Accuracy: 83.15% | L1: 85.26% | L2: 83.94% | L3: 80.25%
Epoch [6024/10000] Training Loss: 0.1808 Accuracy: 83.15% | L1: 85.17% | L2: 84.04% | L3: 80.25%
Validation Loss: 0.2057 
 Accuracy: 82.27% | L1: 85.81% | L2: 82.11% | L3: 78.89%
Epoch [6025/10000] Training Loss: 0.1810 Accuracy: 83.08% | L1: 85.09% | L2: 83.97% | L3: 80.19%
Epoch [6026/10000] Training Loss: 0.1815 Accuracy: 83.08% | L1: 85.27% | L2: 83.81% | L3: 80.16%
Validation Loss: 0.2057 
 Accuracy: 82.17% | L1: 85.80% | L2: 82.09% | L3: 78.61%
Epoch [6027/10000] Training Loss: 0.1812 Accuracy: 83.07% | L1: 85.19% | L2: 83.88% | L3: 80.15%
Epoch [6028/10000] Training Loss: 0.1807 Accuracy: 83.12% | L1: 85.27% | L2: 83.96% | L3: 80.14%
Validation Loss: 0.2057 
 Accuracy: 82.12% | L1: 85.44% | L2: 82.24% | L3: 78.68%
Epoch [6029/10000] Training Loss: 0.1804 Accuracy: 83.21% | L1: 85.30% | L2: 84.05% | L3: 80.28%
Epoch [6030/10000] Training Loss: 0.1810 Accuracy: 83.16% | L1: 85.19% | L2: 84.14% | L3: 80.15%
Validation Loss: 0.2055 
 Accuracy: 82.28% | L1: 85.60% | L2: 82.29% | L3: 78.94%
Epoch [6031/10000] Training Loss: 0.1803 Accuracy: 83.19% | L1: 85.27% | L2: 84.05% | L3: 80.26%
Epoch [6032/10000] Training Loss: 0.1809 Accuracy: 83.16% | L1: 85.33% | L2: 83.93% | L3: 80.22%
Validation Loss: 0.2079 
 Accuracy: 82.10% | L1: 85.73% | L2: 81.96% | L3: 78.60%
Loading checkpoint from best_vit_model.pth...
DEBUG: No improvement for several epochs. Consider early stopping or adjusting training.
Changing training datasets...
Train indices changed: True
Epoch [6033/10000] Training Loss: 0.1936 Accuracy: 82.21% | L1: 85.31% | L2: 82.57% | L3: 78.76%
Epoch [6034/10000] Training Loss: 0.1937 Accuracy: 82.27% | L1: 85.40% | L2: 82.64% | L3: 78.76%
Validation Loss: 0.1994 
 Accuracy: 82.41% | L1: 85.90% | L2: 82.37% | L3: 78.96%
Checkpoint saved at epoch 6034
Epoch [6035/10000] Training Loss: 0.1939 Accuracy: 82.20% | L1: 85.26% | L2: 82.69% | L3: 78.65%
Epoch [6036/10000] Training Loss: 0.1931 Accuracy: 82.28% | L1: 85.11% | L2: 82.85% | L3: 78.89%
Validation Loss: 0.2020 
 Accuracy: 82.31% | L1: 85.98% | L2: 82.15% | L3: 78.78%
Epoch [6037/10000] Training Loss: 0.1928 Accuracy: 82.29% | L1: 85.11% | L2: 82.86% | L3: 78.89%
Epoch [6038/10000] Training Loss: 0.1924 Accuracy: 82.30% | L1: 85.09% | L2: 82.87% | L3: 78.93%
Validation Loss: 0.1989 
 Accuracy: 82.48% | L1: 85.90% | L2: 82.53% | L3: 79.02%
Checkpoint saved at epoch 6038
Epoch [6039/10000] Training Loss: 0.1916 Accuracy: 82.44% | L1: 85.41% | L2: 82.90% | L3: 78.99%
Epoch [6040/10000] Training Loss: 0.1915 Accuracy: 82.33% | L1: 85.09% | L2: 82.97% | L3: 78.93%
Validation Loss: 0.2009 
 Accuracy: 82.29% | L1: 85.87% | L2: 82.23% | L3: 78.77%
Epoch [6041/10000] Training Loss: 0.1910 Accuracy: 82.43% | L1: 85.29% | L2: 82.97% | L3: 79.03%
Epoch [6042/10000] Training Loss: 0.1912 Accuracy: 82.42% | L1: 85.23% | L2: 82.95% | L3: 79.08%
Validation Loss: 0.2013 
 Accuracy: 82.31% | L1: 85.90% | L2: 82.23% | L3: 78.80%
Epoch [6043/10000] Training Loss: 0.1916 Accuracy: 82.43% | L1: 85.35% | L2: 82.87% | L3: 79.08%
Epoch [6044/10000] Training Loss: 0.1908 Accuracy: 82.48% | L1: 85.32% | L2: 83.07% | L3: 79.05%
Validation Loss: 0.2003 
 Accuracy: 82.47% | L1: 85.96% | L2: 82.45% | L3: 79.01%
Epoch [6045/10000] Training Loss: 0.1900 Accuracy: 82.50% | L1: 85.22% | L2: 83.08% | L3: 79.21%
Epoch [6046/10000] Training Loss: 0.1912 Accuracy: 82.41% | L1: 85.17% | L2: 83.00% | L3: 79.06%
Validation Loss: 0.2003 
 Accuracy: 82.50% | L1: 85.97% | L2: 82.25% | L3: 79.28%
Epoch [6047/10000] Training Loss: 0.1898 Accuracy: 82.58% | L1: 85.42% | L2: 83.09% | L3: 79.24%
Epoch [6048/10000] Training Loss: 0.1900 Accuracy: 82.53% | L1: 85.27% | L2: 83.13% | L3: 79.17%
Validation Loss: 0.2016 
 Accuracy: 82.24% | L1: 85.90% | L2: 82.15% | L3: 78.67%
Epoch [6049/10000] Training Loss: 0.1897 Accuracy: 82.54% | L1: 85.38% | L2: 83.01% | L3: 79.24%
Epoch [6050/10000] Training Loss: 0.1896 Accuracy: 82.45% | L1: 85.18% | L2: 83.04% | L3: 79.12%
Validation Loss: 0.1991 
 Accuracy: 82.40% | L1: 85.83% | L2: 82.42% | L3: 78.95%
Epoch [6051/10000] Training Loss: 0.1896 Accuracy: 82.53% | L1: 85.32% | L2: 83.16% | L3: 79.11%
Epoch [6052/10000] Training Loss: 0.1903 Accuracy: 82.56% | L1: 85.42% | L2: 83.08% | L3: 79.18%
Validation Loss: 0.2031 
 Accuracy: 82.13% | L1: 85.98% | L2: 82.13% | L3: 78.29%
Epoch [6053/10000] Training Loss: 0.1897 Accuracy: 82.54% | L1: 85.39% | L2: 83.05% | L3: 79.18%
Epoch [6054/10000] Training Loss: 0.1895 Accuracy: 82.53% | L1: 85.19% | L2: 83.08% | L3: 79.33%
Validation Loss: 0.2013 
 Accuracy: 82.41% | L1: 85.76% | L2: 82.27% | L3: 79.20%
Epoch [6055/10000] Training Loss: 0.1896 Accuracy: 82.53% | L1: 85.24% | L2: 83.11% | L3: 79.25%
Epoch [6056/10000] Training Loss: 0.1892 Accuracy: 82.59% | L1: 85.39% | L2: 83.14% | L3: 79.23%
Validation Loss: 0.2020 
 Accuracy: 82.13% | L1: 85.58% | L2: 82.23% | L3: 78.59%
Epoch [6057/10000] Training Loss: 0.1887 Accuracy: 82.60% | L1: 85.26% | L2: 83.16% | L3: 79.38%
Epoch [6058/10000] Training Loss: 0.1882 Accuracy: 82.65% | L1: 85.35% | L2: 83.23% | L3: 79.39%
Validation Loss: 0.1991 
 Accuracy: 82.65% | L1: 86.07% | L2: 82.50% | L3: 79.39%
Epoch [6059/10000] Training Loss: 0.1886 Accuracy: 82.55% | L1: 85.12% | L2: 83.18% | L3: 79.36%
Epoch [6060/10000] Training Loss: 0.1881 Accuracy: 82.63% | L1: 85.30% | L2: 83.21% | L3: 79.38%
Validation Loss: 0.2012 
 Accuracy: 82.43% | L1: 85.98% | L2: 82.30% | L3: 79.00%
Epoch [6061/10000] Training Loss: 0.1886 Accuracy: 82.59% | L1: 85.29% | L2: 83.13% | L3: 79.35%
Epoch [6062/10000] Training Loss: 0.1880 Accuracy: 82.62% | L1: 85.23% | L2: 83.25% | L3: 79.38%
Validation Loss: 0.2000 
 Accuracy: 82.44% | L1: 85.87% | L2: 82.45% | L3: 79.01%
Epoch [6063/10000] Training Loss: 0.1878 Accuracy: 82.75% | L1: 85.42% | L2: 83.38% | L3: 79.47%
Epoch [6064/10000] Training Loss: 0.1887 Accuracy: 82.59% | L1: 85.24% | L2: 83.14% | L3: 79.39%
Validation Loss: 0.1998 
 Accuracy: 82.51% | L1: 86.01% | L2: 82.42% | L3: 79.09%
Epoch [6065/10000] Training Loss: 0.1890 Accuracy: 82.65% | L1: 85.37% | L2: 83.17% | L3: 79.41%
Epoch [6066/10000] Training Loss: 0.1884 Accuracy: 82.58% | L1: 85.26% | L2: 83.14% | L3: 79.34%
Validation Loss: 0.2020 
 Accuracy: 82.26% | L1: 85.78% | L2: 82.18% | L3: 78.83%
Epoch [6067/10000] Training Loss: 0.1890 Accuracy: 82.65% | L1: 85.50% | L2: 83.10% | L3: 79.36%
Epoch [6068/10000] Training Loss: 0.1877 Accuracy: 82.67% | L1: 85.38% | L2: 83.23% | L3: 79.40%
Validation Loss: 0.2013 
 Accuracy: 82.38% | L1: 85.70% | L2: 82.26% | L3: 79.18%
Epoch [6069/10000] Training Loss: 0.1880 Accuracy: 82.70% | L1: 85.37% | L2: 83.33% | L3: 79.41%
Epoch [6070/10000] Training Loss: 0.1882 Accuracy: 82.63% | L1: 85.25% | L2: 83.34% | L3: 79.30%
Validation Loss: 0.2020 
 Accuracy: 82.41% | L1: 86.00% | L2: 82.17% | L3: 79.06%
Epoch [6071/10000] Training Loss: 0.1877 Accuracy: 82.62% | L1: 85.09% | L2: 83.34% | L3: 79.44%
Epoch [6072/10000] Training Loss: 0.1873 Accuracy: 82.69% | L1: 85.27% | L2: 83.34% | L3: 79.46%
Validation Loss: 0.2005 
 Accuracy: 82.44% | L1: 85.76% | L2: 82.44% | L3: 79.12%
Epoch [6073/10000] Training Loss: 0.1873 Accuracy: 82.80% | L1: 85.49% | L2: 83.44% | L3: 79.46%
Epoch [6074/10000] Training Loss: 0.1863 Accuracy: 82.79% | L1: 85.39% | L2: 83.52% | L3: 79.44%
Validation Loss: 0.2012 
 Accuracy: 82.57% | L1: 86.05% | L2: 82.36% | L3: 79.31%
Epoch [6075/10000] Training Loss: 0.1870 Accuracy: 82.70% | L1: 85.17% | L2: 83.38% | L3: 79.56%
Epoch [6076/10000] Training Loss: 0.1864 Accuracy: 82.77% | L1: 85.32% | L2: 83.44% | L3: 79.55%
Validation Loss: 0.2018 
 Accuracy: 82.44% | L1: 86.03% | L2: 82.41% | L3: 78.90%
Epoch [6077/10000] Training Loss: 0.1871 Accuracy: 82.70% | L1: 85.19% | L2: 83.41% | L3: 79.50%
Epoch [6078/10000] Training Loss: 0.1872 Accuracy: 82.74% | L1: 85.43% | L2: 83.40% | L3: 79.39%
Validation Loss: 0.2010 
 Accuracy: 82.39% | L1: 85.68% | L2: 82.34% | L3: 79.14%
Epoch [6079/10000] Training Loss: 0.1876 Accuracy: 82.73% | L1: 85.36% | L2: 83.30% | L3: 79.54%
Epoch [6080/10000] Training Loss: 0.1868 Accuracy: 82.74% | L1: 85.28% | L2: 83.39% | L3: 79.54%
Validation Loss: 0.2029 
 Accuracy: 82.28% | L1: 85.98% | L2: 82.19% | L3: 78.66%
Epoch [6081/10000] Training Loss: 0.1869 Accuracy: 82.76% | L1: 85.35% | L2: 83.35% | L3: 79.59%
Epoch [6082/10000] Training Loss: 0.1869 Accuracy: 82.77% | L1: 85.29% | L2: 83.47% | L3: 79.55%
Validation Loss: 0.2044 
 Accuracy: 82.19% | L1: 86.08% | L2: 81.81% | L3: 78.68%
Epoch [6083/10000] Training Loss: 0.1860 Accuracy: 82.69% | L1: 85.05% | L2: 83.45% | L3: 79.58%
Epoch [6084/10000] Training Loss: 0.1865 Accuracy: 82.79% | L1: 85.42% | L2: 83.43% | L3: 79.51%
Validation Loss: 0.2016 
 Accuracy: 82.46% | L1: 86.18% | L2: 82.32% | L3: 78.87%
Epoch [6085/10000] Training Loss: 0.1866 Accuracy: 82.81% | L1: 85.47% | L2: 83.43% | L3: 79.54%
Epoch [6086/10000] Training Loss: 0.1863 Accuracy: 82.77% | L1: 85.27% | L2: 83.55% | L3: 79.48%
Validation Loss: 0.2043 
 Accuracy: 82.22% | L1: 85.96% | L2: 82.00% | L3: 78.69%
Epoch [6087/10000] Training Loss: 0.1857 Accuracy: 82.77% | L1: 85.22% | L2: 83.54% | L3: 79.53%
Epoch [6088/10000] Training Loss: 0.1859 Accuracy: 82.87% | L1: 85.48% | L2: 83.46% | L3: 79.68%
Validation Loss: 0.2016 
 Accuracy: 82.31% | L1: 85.71% | L2: 82.37% | L3: 78.84%
Epoch [6089/10000] Training Loss: 0.1860 Accuracy: 82.86% | L1: 85.36% | L2: 83.49% | L3: 79.73%
Epoch [6090/10000] Training Loss: 0.1851 Accuracy: 82.82% | L1: 85.28% | L2: 83.48% | L3: 79.71%
Validation Loss: 0.2048 
 Accuracy: 82.15% | L1: 85.60% | L2: 81.97% | L3: 78.87%
Epoch [6091/10000] Training Loss: 0.1855 Accuracy: 82.84% | L1: 85.34% | L2: 83.54% | L3: 79.62%
Epoch [6092/10000] Training Loss: 0.1856 Accuracy: 82.82% | L1: 85.27% | L2: 83.54% | L3: 79.64%
Validation Loss: 0.2046 
 Accuracy: 82.13% | L1: 85.75% | L2: 82.14% | L3: 78.50%
Epoch [6093/10000] Training Loss: 0.1853 Accuracy: 82.81% | L1: 85.23% | L2: 83.51% | L3: 79.68%
Epoch [6094/10000] Training Loss: 0.1851 Accuracy: 82.93% | L1: 85.47% | L2: 83.63% | L3: 79.68%
Validation Loss: 0.2050 
 Accuracy: 82.24% | L1: 85.94% | L2: 82.26% | L3: 78.51%
Epoch [6095/10000] Training Loss: 0.1856 Accuracy: 82.84% | L1: 85.34% | L2: 83.54% | L3: 79.64%
Epoch [6096/10000] Training Loss: 0.1849 Accuracy: 82.84% | L1: 85.25% | L2: 83.57% | L3: 79.70%
Validation Loss: 0.2056 
 Accuracy: 82.15% | L1: 85.98% | L2: 81.92% | L3: 78.55%
Epoch [6097/10000] Training Loss: 0.1853 Accuracy: 82.90% | L1: 85.34% | L2: 83.59% | L3: 79.76%
Epoch [6098/10000] Training Loss: 0.1854 Accuracy: 82.82% | L1: 85.22% | L2: 83.49% | L3: 79.75%
Validation Loss: 0.2053 
 Accuracy: 82.30% | L1: 86.19% | L2: 82.20% | L3: 78.51%
Epoch [6099/10000] Training Loss: 0.1851 Accuracy: 82.86% | L1: 85.19% | L2: 83.68% | L3: 79.72%
Epoch [6100/10000] Training Loss: 0.1845 Accuracy: 82.88% | L1: 85.18% | L2: 83.59% | L3: 79.87%
Checkpoint 'best_vit_model_every_100_epoch' saved at epoch 6100
Validation Loss: 0.2043 
 Accuracy: 82.34% | L1: 86.16% | L2: 82.13% | L3: 78.74%
Epoch [6101/10000] Training Loss: 0.1858 Accuracy: 82.78% | L1: 85.25% | L2: 83.52% | L3: 79.58%
Epoch [6102/10000] Training Loss: 0.1848 Accuracy: 82.84% | L1: 85.19% | L2: 83.65% | L3: 79.67%
Validation Loss: 0.2017 
 Accuracy: 82.35% | L1: 85.69% | L2: 82.29% | L3: 79.06%
Epoch [6103/10000] Training Loss: 0.1847 Accuracy: 82.90% | L1: 85.22% | L2: 83.72% | L3: 79.75%
Epoch [6104/10000] Training Loss: 0.1844 Accuracy: 82.99% | L1: 85.43% | L2: 83.70% | L3: 79.85%
Validation Loss: 0.2051 
 Accuracy: 82.26% | L1: 85.77% | L2: 82.09% | L3: 78.91%
Epoch [6105/10000] Training Loss: 0.1843 Accuracy: 82.95% | L1: 85.40% | L2: 83.80% | L3: 79.66%
Epoch [6106/10000] Training Loss: 0.1842 Accuracy: 82.93% | L1: 85.36% | L2: 83.68% | L3: 79.77%
Validation Loss: 0.2017 
 Accuracy: 82.42% | L1: 85.92% | L2: 82.31% | L3: 79.02%
Epoch [6107/10000] Training Loss: 0.1840 Accuracy: 83.02% | L1: 85.54% | L2: 83.69% | L3: 79.82%
Epoch [6108/10000] Training Loss: 0.1849 Accuracy: 82.88% | L1: 85.35% | L2: 83.63% | L3: 79.65%
Validation Loss: 0.2038 
 Accuracy: 82.31% | L1: 85.86% | L2: 82.18% | L3: 78.90%
Epoch [6109/10000] Training Loss: 0.1845 Accuracy: 82.93% | L1: 85.49% | L2: 83.66% | L3: 79.63%
Epoch [6110/10000] Training Loss: 0.1844 Accuracy: 82.85% | L1: 85.13% | L2: 83.68% | L3: 79.74%
Validation Loss: 0.2054 
 Accuracy: 82.34% | L1: 85.85% | L2: 82.22% | L3: 78.94%
Epoch [6111/10000] Training Loss: 0.1842 Accuracy: 83.04% | L1: 85.53% | L2: 83.76% | L3: 79.85%
Epoch [6112/10000] Training Loss: 0.1842 Accuracy: 82.95% | L1: 85.37% | L2: 83.68% | L3: 79.80%
Validation Loss: 0.2034 
 Accuracy: 82.25% | L1: 85.67% | L2: 82.23% | L3: 78.84%
Epoch [6113/10000] Training Loss: 0.1839 Accuracy: 82.96% | L1: 85.32% | L2: 83.65% | L3: 79.92%
Epoch [6114/10000] Training Loss: 0.1833 Accuracy: 82.95% | L1: 85.33% | L2: 83.63% | L3: 79.89%
Validation Loss: 0.2041 
 Accuracy: 82.21% | L1: 85.59% | L2: 82.10% | L3: 78.94%
Epoch [6115/10000] Training Loss: 0.1835 Accuracy: 82.93% | L1: 85.10% | L2: 83.79% | L3: 79.90%
Epoch [6116/10000] Training Loss: 0.1843 Accuracy: 82.97% | L1: 85.35% | L2: 83.76% | L3: 79.80%
Validation Loss: 0.2028 
 Accuracy: 82.44% | L1: 85.61% | L2: 82.39% | L3: 79.30%
Epoch [6117/10000] Training Loss: 0.1837 Accuracy: 82.90% | L1: 85.25% | L2: 83.73% | L3: 79.71%
Epoch [6118/10000] Training Loss: 0.1835 Accuracy: 82.96% | L1: 85.34% | L2: 83.69% | L3: 79.83%
Validation Loss: 0.2059 
 Accuracy: 82.17% | L1: 85.80% | L2: 82.08% | L3: 78.64%
Epoch [6119/10000] Training Loss: 0.1841 Accuracy: 82.96% | L1: 85.37% | L2: 83.71% | L3: 79.79%
Epoch [6120/10000] Training Loss: 0.1838 Accuracy: 83.00% | L1: 85.46% | L2: 83.63% | L3: 79.92%
Validation Loss: 0.2037 
 Accuracy: 82.31% | L1: 85.74% | L2: 82.17% | L3: 79.03%
Epoch [6121/10000] Training Loss: 0.1832 Accuracy: 82.96% | L1: 85.26% | L2: 83.86% | L3: 79.76%
Epoch [6122/10000] Training Loss: 0.1834 Accuracy: 82.97% | L1: 85.29% | L2: 83.76% | L3: 79.87%
Validation Loss: 0.2083 
 Accuracy: 82.10% | L1: 85.98% | L2: 81.73% | L3: 78.59%
Epoch [6123/10000] Training Loss: 0.1834 Accuracy: 82.97% | L1: 85.31% | L2: 83.63% | L3: 79.97%
Epoch [6124/10000] Training Loss: 0.1833 Accuracy: 82.98% | L1: 85.26% | L2: 83.86% | L3: 79.82%
Validation Loss: 0.2037 
 Accuracy: 82.33% | L1: 85.60% | L2: 82.32% | L3: 79.06%
Epoch [6125/10000] Training Loss: 0.1830 Accuracy: 83.05% | L1: 85.34% | L2: 83.89% | L3: 79.92%
Epoch [6126/10000] Training Loss: 0.1830 Accuracy: 83.06% | L1: 85.39% | L2: 83.86% | L3: 79.94%
Validation Loss: 0.2041 
 Accuracy: 82.34% | L1: 85.97% | L2: 82.15% | L3: 78.89%
Epoch [6127/10000] Training Loss: 0.1832 Accuracy: 82.93% | L1: 85.17% | L2: 83.68% | L3: 79.94%
Epoch [6128/10000] Training Loss: 0.1835 Accuracy: 82.97% | L1: 85.22% | L2: 83.76% | L3: 79.94%
Validation Loss: 0.2045 
 Accuracy: 82.26% | L1: 86.00% | L2: 82.14% | L3: 78.62%
Epoch [6129/10000] Training Loss: 0.1831 Accuracy: 82.99% | L1: 85.25% | L2: 83.69% | L3: 80.02%
Epoch [6130/10000] Training Loss: 0.1836 Accuracy: 82.98% | L1: 85.27% | L2: 83.77% | L3: 79.88%
Validation Loss: 0.2061 
 Accuracy: 82.16% | L1: 85.75% | L2: 82.00% | L3: 78.73%
Epoch [6131/10000] Training Loss: 0.1830 Accuracy: 83.01% | L1: 85.21% | L2: 83.79% | L3: 80.03%
Epoch [6132/10000] Training Loss: 0.1823 Accuracy: 83.11% | L1: 85.44% | L2: 83.91% | L3: 79.98%
Validation Loss: 0.2059 
 Accuracy: 82.15% | L1: 85.70% | L2: 82.20% | L3: 78.54%
Epoch [6133/10000] Training Loss: 0.1826 Accuracy: 83.03% | L1: 85.17% | L2: 83.89% | L3: 80.03%
Epoch [6134/10000] Training Loss: 0.1822 Accuracy: 82.99% | L1: 85.12% | L2: 83.90% | L3: 79.97%
Validation Loss: 0.2061 
 Accuracy: 82.26% | L1: 85.57% | L2: 82.11% | L3: 79.10%
Epoch [6135/10000] Training Loss: 0.1824 Accuracy: 83.09% | L1: 85.38% | L2: 83.83% | L3: 80.05%
Epoch [6136/10000] Training Loss: 0.1825 Accuracy: 83.05% | L1: 85.33% | L2: 83.74% | L3: 80.08%
Validation Loss: 0.2043 
 Accuracy: 82.31% | L1: 85.88% | L2: 82.24% | L3: 78.79%
Epoch [6137/10000] Training Loss: 0.1823 Accuracy: 83.09% | L1: 85.33% | L2: 83.87% | L3: 80.07%
Epoch [6138/10000] Training Loss: 0.1828 Accuracy: 83.05% | L1: 85.40% | L2: 83.93% | L3: 79.82%
Validation Loss: 0.2048 
 Accuracy: 82.24% | L1: 85.71% | L2: 82.23% | L3: 78.77%
Loading checkpoint from best_vit_model.pth...
DEBUG: No improvement for several epochs. Consider early stopping or adjusting training.
Changing training datasets...
Train indices changed: True
Epoch [6139/10000] Training Loss: 0.1935 Accuracy: 82.32% | L1: 85.35% | L2: 82.72% | L3: 78.89%
Epoch [6140/10000] Training Loss: 0.1923 Accuracy: 82.33% | L1: 85.40% | L2: 82.62% | L3: 78.98%
Validation Loss: 0.1984 
 Accuracy: 82.51% | L1: 85.96% | L2: 82.48% | L3: 79.07%
Checkpoint saved at epoch 6140
Epoch [6141/10000] Training Loss: 0.1925 Accuracy: 82.30% | L1: 85.40% | L2: 82.72% | L3: 78.79%
Epoch [6142/10000] Training Loss: 0.1926 Accuracy: 82.42% | L1: 85.47% | L2: 82.76% | L3: 79.03%
Validation Loss: 0.2000 
 Accuracy: 82.35% | L1: 85.91% | L2: 82.36% | L3: 78.77%
Epoch [6143/10000] Training Loss: 0.1920 Accuracy: 82.38% | L1: 85.31% | L2: 82.83% | L3: 78.99%
Epoch [6144/10000] Training Loss: 0.1908 Accuracy: 82.47% | L1: 85.39% | L2: 82.86% | L3: 79.16%
Validation Loss: 0.1983 
 Accuracy: 82.65% | L1: 85.98% | L2: 82.52% | L3: 79.46%
Checkpoint saved at epoch 6144
Epoch [6145/10000] Training Loss: 0.1921 Accuracy: 82.38% | L1: 85.27% | L2: 82.89% | L3: 78.98%
Epoch [6146/10000] Training Loss: 0.1913 Accuracy: 82.43% | L1: 85.38% | L2: 82.84% | L3: 79.08%
Validation Loss: 0.1995 
 Accuracy: 82.32% | L1: 85.96% | L2: 82.39% | L3: 78.62%
Epoch [6147/10000] Training Loss: 0.1921 Accuracy: 82.31% | L1: 85.17% | L2: 82.81% | L3: 78.96%
Epoch [6148/10000] Training Loss: 0.1907 Accuracy: 82.44% | L1: 85.29% | L2: 82.97% | L3: 79.07%
Validation Loss: 0.2020 
 Accuracy: 82.19% | L1: 86.00% | L2: 82.12% | L3: 78.46%
Epoch [6149/10000] Training Loss: 0.1904 Accuracy: 82.56% | L1: 85.49% | L2: 83.04% | L3: 79.16%
Epoch [6150/10000] Training Loss: 0.1911 Accuracy: 82.42% | L1: 85.29% | L2: 82.89% | L3: 79.08%
Validation Loss: 0.1985 
 Accuracy: 82.65% | L1: 85.98% | L2: 82.53% | L3: 79.45%
Epoch [6151/10000] Training Loss: 0.1894 Accuracy: 82.45% | L1: 85.19% | L2: 82.93% | L3: 79.22%
Epoch [6152/10000] Training Loss: 0.1905 Accuracy: 82.58% | L1: 85.59% | L2: 83.05% | L3: 79.10%
Validation Loss: 0.2006 
 Accuracy: 82.40% | L1: 85.82% | L2: 82.30% | L3: 79.06%
Epoch [6153/10000] Training Loss: 0.1903 Accuracy: 82.54% | L1: 85.40% | L2: 83.05% | L3: 79.17%
Epoch [6154/10000] Training Loss: 0.1899 Accuracy: 82.54% | L1: 85.34% | L2: 83.16% | L3: 79.13%
Validation Loss: 0.1987 
 Accuracy: 82.55% | L1: 85.79% | L2: 82.58% | L3: 79.26%
Epoch [6155/10000] Training Loss: 0.1894 Accuracy: 82.52% | L1: 85.34% | L2: 83.07% | L3: 79.14%
Epoch [6156/10000] Training Loss: 0.1903 Accuracy: 82.57% | L1: 85.44% | L2: 83.12% | L3: 79.14%
Validation Loss: 0.2002 
 Accuracy: 82.42% | L1: 85.86% | L2: 82.45% | L3: 78.93%
Epoch [6157/10000] Training Loss: 0.1899 Accuracy: 82.46% | L1: 85.20% | L2: 82.94% | L3: 79.23%
Epoch [6158/10000] Training Loss: 0.1900 Accuracy: 82.57% | L1: 85.40% | L2: 83.12% | L3: 79.19%
Validation Loss: 0.2004 
 Accuracy: 82.39% | L1: 86.10% | L2: 82.23% | L3: 78.84%
Epoch [6159/10000] Training Loss: 0.1883 Accuracy: 82.59% | L1: 85.28% | L2: 83.21% | L3: 79.29%
Epoch [6160/10000] Training Loss: 0.1895 Accuracy: 82.56% | L1: 85.40% | L2: 83.16% | L3: 79.12%
Validation Loss: 0.2010 
 Accuracy: 82.23% | L1: 85.77% | L2: 82.17% | L3: 78.74%
Epoch [6161/10000] Training Loss: 0.1894 Accuracy: 82.66% | L1: 85.50% | L2: 83.19% | L3: 79.29%
Epoch [6162/10000] Training Loss: 0.1894 Accuracy: 82.65% | L1: 85.52% | L2: 83.19% | L3: 79.24%
Validation Loss: 0.1987 
 Accuracy: 82.52% | L1: 85.95% | L2: 82.48% | L3: 79.12%
Epoch [6163/10000] Training Loss: 0.1893 Accuracy: 82.65% | L1: 85.52% | L2: 83.11% | L3: 79.31%
Epoch [6164/10000] Training Loss: 0.1887 Accuracy: 82.69% | L1: 85.45% | L2: 83.24% | L3: 79.38%
Validation Loss: 0.2000 
 Accuracy: 82.54% | L1: 86.02% | L2: 82.47% | L3: 79.12%
Epoch [6165/10000] Training Loss: 0.1888 Accuracy: 82.64% | L1: 85.43% | L2: 83.23% | L3: 79.27%
Epoch [6166/10000] Training Loss: 0.1885 Accuracy: 82.63% | L1: 85.28% | L2: 83.22% | L3: 79.39%
Validation Loss: 0.2001 
 Accuracy: 82.49% | L1: 86.05% | L2: 82.41% | L3: 78.99%
Epoch [6167/10000] Training Loss: 0.1885 Accuracy: 82.66% | L1: 85.46% | L2: 83.28% | L3: 79.24%
Epoch [6168/10000] Training Loss: 0.1877 Accuracy: 82.71% | L1: 85.45% | L2: 83.25% | L3: 79.42%
Validation Loss: 0.2004 
 Accuracy: 82.55% | L1: 86.19% | L2: 82.35% | L3: 79.11%
Epoch [6169/10000] Training Loss: 0.1881 Accuracy: 82.67% | L1: 85.38% | L2: 83.20% | L3: 79.44%
Epoch [6170/10000] Training Loss: 0.1888 Accuracy: 82.65% | L1: 85.48% | L2: 83.21% | L3: 79.25%
Validation Loss: 0.2010 
 Accuracy: 82.33% | L1: 85.85% | L2: 82.35% | L3: 78.78%
Epoch [6171/10000] Training Loss: 0.1888 Accuracy: 82.60% | L1: 85.32% | L2: 83.16% | L3: 79.32%
Epoch [6172/10000] Training Loss: 0.1883 Accuracy: 82.73% | L1: 85.50% | L2: 83.41% | L3: 79.29%
Validation Loss: 0.2010 
 Accuracy: 82.40% | L1: 85.68% | L2: 82.30% | L3: 79.21%
Epoch [6173/10000] Training Loss: 0.1875 Accuracy: 82.71% | L1: 85.38% | L2: 83.31% | L3: 79.46%
Epoch [6174/10000] Training Loss: 0.1878 Accuracy: 82.61% | L1: 85.25% | L2: 83.28% | L3: 79.30%
Validation Loss: 0.2009 
 Accuracy: 82.23% | L1: 85.49% | L2: 82.31% | L3: 78.90%
Epoch [6175/10000] Training Loss: 0.1882 Accuracy: 82.68% | L1: 85.37% | L2: 83.25% | L3: 79.42%
Epoch [6176/10000] Training Loss: 0.1879 Accuracy: 82.71% | L1: 85.39% | L2: 83.29% | L3: 79.45%
Validation Loss: 0.2012 
 Accuracy: 82.51% | L1: 85.93% | L2: 82.55% | L3: 79.06%
Epoch [6177/10000] Training Loss: 0.1874 Accuracy: 82.63% | L1: 85.27% | L2: 83.28% | L3: 79.35%
Epoch [6178/10000] Training Loss: 0.1877 Accuracy: 82.67% | L1: 85.27% | L2: 83.26% | L3: 79.47%
Validation Loss: 0.2032 
 Accuracy: 82.17% | L1: 86.02% | L2: 82.00% | L3: 78.50%
Epoch [6179/10000] Training Loss: 0.1877 Accuracy: 82.72% | L1: 85.53% | L2: 83.23% | L3: 79.40%
Epoch [6180/10000] Training Loss: 0.1874 Accuracy: 82.68% | L1: 85.28% | L2: 83.31% | L3: 79.44%
Validation Loss: 0.2006 
 Accuracy: 82.50% | L1: 85.96% | L2: 82.44% | L3: 79.12%
Epoch [6181/10000] Training Loss: 0.1862 Accuracy: 82.77% | L1: 85.30% | L2: 83.53% | L3: 79.48%
Epoch [6182/10000] Training Loss: 0.1871 Accuracy: 82.72% | L1: 85.38% | L2: 83.39% | L3: 79.39%
Validation Loss: 0.2005 
 Accuracy: 82.38% | L1: 85.70% | L2: 82.32% | L3: 79.14%
Epoch [6183/10000] Training Loss: 0.1862 Accuracy: 82.80% | L1: 85.34% | L2: 83.44% | L3: 79.60%
Epoch [6184/10000] Training Loss: 0.1869 Accuracy: 82.79% | L1: 85.49% | L2: 83.37% | L3: 79.50%
Validation Loss: 0.2017 
 Accuracy: 82.24% | L1: 85.81% | L2: 82.23% | L3: 78.69%
Epoch [6185/10000] Training Loss: 0.1866 Accuracy: 82.81% | L1: 85.45% | L2: 83.43% | L3: 79.55%
Epoch [6186/10000] Training Loss: 0.1862 Accuracy: 82.85% | L1: 85.57% | L2: 83.52% | L3: 79.46%
Validation Loss: 0.2015 
 Accuracy: 82.47% | L1: 85.96% | L2: 82.40% | L3: 79.07%
Epoch [6187/10000] Training Loss: 0.1876 Accuracy: 82.69% | L1: 85.30% | L2: 83.34% | L3: 79.44%
Epoch [6188/10000] Training Loss: 0.1867 Accuracy: 82.73% | L1: 85.31% | L2: 83.45% | L3: 79.44%
Validation Loss: 0.2011 
 Accuracy: 82.47% | L1: 86.06% | L2: 82.37% | L3: 78.98%
Epoch [6189/10000] Training Loss: 0.1861 Accuracy: 82.82% | L1: 85.41% | L2: 83.48% | L3: 79.56%
Epoch [6190/10000] Training Loss: 0.1866 Accuracy: 82.82% | L1: 85.56% | L2: 83.37% | L3: 79.54%
Validation Loss: 0.2013 
 Accuracy: 82.31% | L1: 85.72% | L2: 82.33% | L3: 78.87%
Epoch [6191/10000] Training Loss: 0.1859 Accuracy: 82.83% | L1: 85.46% | L2: 83.45% | L3: 79.57%
Epoch [6192/10000] Training Loss: 0.1863 Accuracy: 82.80% | L1: 85.30% | L2: 83.54% | L3: 79.55%
Validation Loss: 0.2042 
 Accuracy: 82.18% | L1: 85.95% | L2: 82.15% | L3: 78.44%
Epoch [6193/10000] Training Loss: 0.1864 Accuracy: 82.79% | L1: 85.49% | L2: 83.34% | L3: 79.54%
Epoch [6194/10000] Training Loss: 0.1861 Accuracy: 82.70% | L1: 85.28% | L2: 83.34% | L3: 79.48%
Validation Loss: 0.2010 
 Accuracy: 82.38% | L1: 85.49% | L2: 82.41% | L3: 79.25%
Epoch [6195/10000] Training Loss: 0.1860 Accuracy: 82.77% | L1: 85.37% | L2: 83.48% | L3: 79.47%
Epoch [6196/10000] Training Loss: 0.1862 Accuracy: 82.84% | L1: 85.49% | L2: 83.47% | L3: 79.54%
Validation Loss: 0.2019 
 Accuracy: 82.31% | L1: 85.81% | L2: 82.27% | L3: 78.85%
Epoch [6197/10000] Training Loss: 0.1851 Accuracy: 82.90% | L1: 85.38% | L2: 83.57% | L3: 79.73%
Epoch [6198/10000] Training Loss: 0.1852 Accuracy: 82.77% | L1: 85.09% | L2: 83.57% | L3: 79.63%
Validation Loss: 0.2038 
 Accuracy: 82.18% | L1: 85.76% | L2: 82.19% | L3: 78.58%
Epoch [6199/10000] Training Loss: 0.1858 Accuracy: 82.77% | L1: 85.23% | L2: 83.43% | L3: 79.65%
Epoch [6200/10000] Training Loss: 0.1856 Accuracy: 82.87% | L1: 85.45% | L2: 83.50% | L3: 79.65%
Checkpoint 'best_vit_model_every_100_epoch' saved at epoch 6200
Validation Loss: 0.2038 
 Accuracy: 82.30% | L1: 85.64% | L2: 82.24% | L3: 79.00%
Epoch [6201/10000] Training Loss: 0.1852 Accuracy: 82.86% | L1: 85.35% | L2: 83.59% | L3: 79.62%
Epoch [6202/10000] Training Loss: 0.1846 Accuracy: 82.88% | L1: 85.28% | L2: 83.59% | L3: 79.75%
Validation Loss: 0.2041 
 Accuracy: 82.10% | L1: 85.59% | L2: 82.32% | L3: 78.38%
Epoch [6203/10000] Training Loss: 0.1857 Accuracy: 82.84% | L1: 85.35% | L2: 83.48% | L3: 79.69%
Epoch [6204/10000] Training Loss: 0.1848 Accuracy: 82.87% | L1: 85.32% | L2: 83.60% | L3: 79.68%
Validation Loss: 0.2028 
 Accuracy: 82.36% | L1: 85.84% | L2: 82.32% | L3: 78.93%
Epoch [6205/10000] Training Loss: 0.1849 Accuracy: 82.86% | L1: 85.20% | L2: 83.67% | L3: 79.71%
Epoch [6206/10000] Training Loss: 0.1848 Accuracy: 82.88% | L1: 85.47% | L2: 83.60% | L3: 79.57%
Validation Loss: 0.2028 
 Accuracy: 82.41% | L1: 85.63% | L2: 82.42% | L3: 79.17%
Epoch [6207/10000] Training Loss: 0.1853 Accuracy: 82.82% | L1: 85.20% | L2: 83.55% | L3: 79.70%
Epoch [6208/10000] Training Loss: 0.1848 Accuracy: 82.99% | L1: 85.48% | L2: 83.70% | L3: 79.77%
Validation Loss: 0.2022 
 Accuracy: 82.38% | L1: 85.96% | L2: 82.29% | L3: 78.89%
Epoch [6209/10000] Training Loss: 0.1851 Accuracy: 82.89% | L1: 85.39% | L2: 83.63% | L3: 79.64%
Epoch [6210/10000] Training Loss: 0.1850 Accuracy: 82.89% | L1: 85.32% | L2: 83.62% | L3: 79.73%
Validation Loss: 0.2005 
 Accuracy: 82.60% | L1: 86.08% | L2: 82.45% | L3: 79.28%
Epoch [6211/10000] Training Loss: 0.1846 Accuracy: 82.92% | L1: 85.31% | L2: 83.60% | L3: 79.83%
Epoch [6212/10000] Training Loss: 0.1849 Accuracy: 82.93% | L1: 85.48% | L2: 83.57% | L3: 79.74%
Validation Loss: 0.2036 
 Accuracy: 82.35% | L1: 85.87% | L2: 82.26% | L3: 78.92%
Epoch [6213/10000] Training Loss: 0.1850 Accuracy: 82.88% | L1: 85.45% | L2: 83.48% | L3: 79.71%
Epoch [6214/10000] Training Loss: 0.1845 Accuracy: 83.02% | L1: 85.61% | L2: 83.61% | L3: 79.82%
Validation Loss: 0.2050 
 Accuracy: 82.25% | L1: 86.09% | L2: 82.17% | L3: 78.47%
Epoch [6215/10000] Training Loss: 0.1837 Accuracy: 82.98% | L1: 85.42% | L2: 83.68% | L3: 79.83%
Epoch [6216/10000] Training Loss: 0.1839 Accuracy: 82.93% | L1: 85.30% | L2: 83.73% | L3: 79.76%
Validation Loss: 0.2006 
 Accuracy: 82.56% | L1: 85.98% | L2: 82.53% | L3: 79.19%
Epoch [6217/10000] Training Loss: 0.1841 Accuracy: 82.89% | L1: 85.26% | L2: 83.66% | L3: 79.76%
Epoch [6218/10000] Training Loss: 0.1842 Accuracy: 82.98% | L1: 85.39% | L2: 83.65% | L3: 79.89%
Validation Loss: 0.2041 
 Accuracy: 82.29% | L1: 85.87% | L2: 82.14% | L3: 78.87%
Epoch [6219/10000] Training Loss: 0.1830 Accuracy: 82.98% | L1: 85.29% | L2: 83.72% | L3: 79.93%
Epoch [6220/10000] Training Loss: 0.1836 Accuracy: 83.03% | L1: 85.50% | L2: 83.62% | L3: 79.98%
Validation Loss: 0.2042 
 Accuracy: 82.30% | L1: 85.90% | L2: 82.10% | L3: 78.92%
Epoch [6221/10000] Training Loss: 0.1839 Accuracy: 83.00% | L1: 85.53% | L2: 83.63% | L3: 79.84%
Epoch [6222/10000] Training Loss: 0.1837 Accuracy: 83.00% | L1: 85.40% | L2: 83.73% | L3: 79.86%
Validation Loss: 0.2039 
 Accuracy: 82.26% | L1: 85.83% | L2: 82.13% | L3: 78.83%
Epoch [6223/10000] Training Loss: 0.1840 Accuracy: 82.94% | L1: 85.38% | L2: 83.64% | L3: 79.81%
Epoch [6224/10000] Training Loss: 0.1829 Accuracy: 83.01% | L1: 85.31% | L2: 83.80% | L3: 79.93%
Validation Loss: 0.2046 
 Accuracy: 82.22% | L1: 85.79% | L2: 82.04% | L3: 78.82%
Epoch [6225/10000] Training Loss: 0.1838 Accuracy: 82.99% | L1: 85.46% | L2: 83.67% | L3: 79.85%
Epoch [6226/10000] Training Loss: 0.1834 Accuracy: 82.96% | L1: 85.27% | L2: 83.76% | L3: 79.85%
Validation Loss: 0.2035 
 Accuracy: 82.42% | L1: 85.91% | L2: 82.42% | L3: 78.92%
Epoch [6227/10000] Training Loss: 0.1834 Accuracy: 83.03% | L1: 85.46% | L2: 83.71% | L3: 79.93%
Epoch [6228/10000] Training Loss: 0.1833 Accuracy: 82.93% | L1: 85.25% | L2: 83.67% | L3: 79.87%
Validation Loss: 0.2065 
 Accuracy: 82.01% | L1: 85.51% | L2: 82.07% | L3: 78.44%
Epoch [6229/10000] Training Loss: 0.1830 Accuracy: 83.01% | L1: 85.28% | L2: 83.80% | L3: 79.95%
Epoch [6230/10000] Training Loss: 0.1823 Accuracy: 83.10% | L1: 85.44% | L2: 83.84% | L3: 80.02%
Validation Loss: 0.2071 
 Accuracy: 82.07% | L1: 85.75% | L2: 82.09% | L3: 78.36%
Epoch [6231/10000] Training Loss: 0.1834 Accuracy: 82.99% | L1: 85.38% | L2: 83.68% | L3: 79.91%
Epoch [6232/10000] Training Loss: 0.1829 Accuracy: 83.00% | L1: 85.29% | L2: 83.79% | L3: 79.91%
Validation Loss: 0.2036 
 Accuracy: 82.26% | L1: 85.62% | L2: 82.29% | L3: 78.86%
Epoch [6233/10000] Training Loss: 0.1828 Accuracy: 83.02% | L1: 85.27% | L2: 83.82% | L3: 79.95%
Epoch [6234/10000] Training Loss: 0.1831 Accuracy: 82.95% | L1: 85.26% | L2: 83.67% | L3: 79.90%
Validation Loss: 0.2055 
 Accuracy: 82.24% | L1: 85.96% | L2: 82.10% | L3: 78.66%
Epoch [6235/10000] Training Loss: 0.1826 Accuracy: 83.06% | L1: 85.37% | L2: 83.70% | L3: 80.11%
Epoch [6236/10000] Training Loss: 0.1826 Accuracy: 83.12% | L1: 85.56% | L2: 83.78% | L3: 80.03%
Validation Loss: 0.2063 
 Accuracy: 82.25% | L1: 85.97% | L2: 82.18% | L3: 78.61%
Epoch [6237/10000] Training Loss: 0.1831 Accuracy: 83.05% | L1: 85.47% | L2: 83.79% | L3: 79.89%
Epoch [6238/10000] Training Loss: 0.1823 Accuracy: 83.05% | L1: 85.55% | L2: 83.72% | L3: 79.90%
Validation Loss: 0.2046 
 Accuracy: 82.33% | L1: 86.07% | L2: 82.10% | L3: 78.81%
Epoch [6239/10000] Training Loss: 0.1820 Accuracy: 83.04% | L1: 85.22% | L2: 83.86% | L3: 80.04%
Epoch [6240/10000] Training Loss: 0.1824 Accuracy: 83.10% | L1: 85.36% | L2: 83.85% | L3: 80.09%
Validation Loss: 0.2039 
 Accuracy: 82.26% | L1: 85.80% | L2: 82.27% | L3: 78.72%
Epoch [6241/10000] Training Loss: 0.1821 Accuracy: 83.14% | L1: 85.60% | L2: 83.77% | L3: 80.04%
Epoch [6242/10000] Training Loss: 0.1824 Accuracy: 83.05% | L1: 85.33% | L2: 83.81% | L3: 80.01%
Validation Loss: 0.2043 
 Accuracy: 82.39% | L1: 86.14% | L2: 82.29% | L3: 78.74%
Epoch [6243/10000] Training Loss: 0.1814 Accuracy: 83.16% | L1: 85.44% | L2: 84.02% | L3: 80.02%
Epoch [6244/10000] Training Loss: 0.1819 Accuracy: 83.19% | L1: 85.50% | L2: 83.82% | L3: 80.25%
Validation Loss: 0.2063 
 Accuracy: 82.23% | L1: 85.90% | L2: 82.06% | L3: 78.74%
Loading checkpoint from best_vit_model.pth...
DEBUG: No improvement for several epochs. Consider early stopping or adjusting training.
Changing training datasets...
Train indices changed: True
Epoch [6245/10000] Training Loss: 0.1928 Accuracy: 82.30% | L1: 85.23% | L2: 82.74% | L3: 78.93%
Epoch [6246/10000] Training Loss: 0.1919 Accuracy: 82.45% | L1: 85.49% | L2: 82.79% | L3: 79.08%
Validation Loss: 0.1989 
 Accuracy: 82.40% | L1: 85.79% | L2: 82.52% | L3: 78.89%
Checkpoint saved at epoch 6246
Epoch [6247/10000] Training Loss: 0.1900 Accuracy: 82.45% | L1: 85.17% | L2: 83.07% | L3: 79.10%
Epoch [6248/10000] Training Loss: 0.1909 Accuracy: 82.38% | L1: 85.19% | L2: 82.78% | L3: 79.17%
Validation Loss: 0.1990 
 Accuracy: 82.47% | L1: 85.86% | L2: 82.48% | L3: 79.09%
Epoch [6249/10000] Training Loss: 0.1906 Accuracy: 82.46% | L1: 85.29% | L2: 82.95% | L3: 79.14%
Epoch [6250/10000] Training Loss: 0.1896 Accuracy: 82.47% | L1: 85.21% | L2: 82.97% | L3: 79.23%
Validation Loss: 0.1991 
 Accuracy: 82.41% | L1: 85.77% | L2: 82.38% | L3: 79.08%
Epoch [6251/10000] Training Loss: 0.1900 Accuracy: 82.48% | L1: 85.30% | L2: 82.90% | L3: 79.24%
Epoch [6252/10000] Training Loss: 0.1904 Accuracy: 82.41% | L1: 85.18% | L2: 83.00% | L3: 79.06%
Validation Loss: 0.1993 
 Accuracy: 82.40% | L1: 85.66% | L2: 82.40% | L3: 79.16%
Epoch [6253/10000] Training Loss: 0.1896 Accuracy: 82.43% | L1: 85.16% | L2: 82.93% | L3: 79.20%
Epoch [6254/10000] Training Loss: 0.1890 Accuracy: 82.54% | L1: 85.28% | L2: 82.99% | L3: 79.35%
Validation Loss: 0.1987 
 Accuracy: 82.48% | L1: 85.87% | L2: 82.40% | L3: 79.16%
Checkpoint saved at epoch 6254
Epoch [6255/10000] Training Loss: 0.1893 Accuracy: 82.53% | L1: 85.25% | L2: 82.96% | L3: 79.39%
Epoch [6256/10000] Training Loss: 0.1892 Accuracy: 82.57% | L1: 85.31% | L2: 83.00% | L3: 79.42%
Validation Loss: 0.1990 
 Accuracy: 82.54% | L1: 85.79% | L2: 82.64% | L3: 79.18%
Epoch [6257/10000] Training Loss: 0.1896 Accuracy: 82.54% | L1: 85.33% | L2: 83.07% | L3: 79.22%
Epoch [6258/10000] Training Loss: 0.1895 Accuracy: 82.52% | L1: 85.26% | L2: 82.99% | L3: 79.32%
Validation Loss: 0.1976 
 Accuracy: 82.60% | L1: 85.86% | L2: 82.63% | L3: 79.32%
Checkpoint saved at epoch 6258
Epoch [6259/10000] Training Loss: 0.1896 Accuracy: 82.52% | L1: 85.30% | L2: 83.03% | L3: 79.24%
Epoch [6260/10000] Training Loss: 0.1883 Accuracy: 82.60% | L1: 85.41% | L2: 83.06% | L3: 79.33%
Validation Loss: 0.2001 
 Accuracy: 82.36% | L1: 85.78% | L2: 82.45% | L3: 78.86%
Epoch [6261/10000] Training Loss: 0.1883 Accuracy: 82.54% | L1: 85.28% | L2: 83.05% | L3: 79.30%
Epoch [6262/10000] Training Loss: 0.1881 Accuracy: 82.59% | L1: 85.26% | L2: 83.11% | L3: 79.41%
Validation Loss: 0.1991 
 Accuracy: 82.47% | L1: 85.76% | L2: 82.47% | L3: 79.19%
Epoch [6263/10000] Training Loss: 0.1879 Accuracy: 82.56% | L1: 85.13% | L2: 83.10% | L3: 79.44%
Epoch [6264/10000] Training Loss: 0.1877 Accuracy: 82.58% | L1: 85.22% | L2: 83.11% | L3: 79.42%
Validation Loss: 0.1998 
 Accuracy: 82.35% | L1: 85.66% | L2: 82.40% | L3: 78.99%
Epoch [6265/10000] Training Loss: 0.1879 Accuracy: 82.66% | L1: 85.37% | L2: 83.15% | L3: 79.45%
Epoch [6266/10000] Training Loss: 0.1879 Accuracy: 82.65% | L1: 85.31% | L2: 83.13% | L3: 79.51%
Validation Loss: 0.1999 
 Accuracy: 82.55% | L1: 85.99% | L2: 82.49% | L3: 79.16%
Epoch [6267/10000] Training Loss: 0.1874 Accuracy: 82.60% | L1: 85.15% | L2: 83.18% | L3: 79.49%
Epoch [6268/10000] Training Loss: 0.1880 Accuracy: 82.59% | L1: 85.16% | L2: 83.24% | L3: 79.36%
Validation Loss: 0.2015 
 Accuracy: 82.33% | L1: 86.16% | L2: 82.23% | L3: 78.60%
Epoch [6269/10000] Training Loss: 0.1876 Accuracy: 82.64% | L1: 85.26% | L2: 83.10% | L3: 79.55%
Epoch [6270/10000] Training Loss: 0.1880 Accuracy: 82.61% | L1: 85.29% | L2: 83.15% | L3: 79.38%
Validation Loss: 0.2007 
 Accuracy: 82.27% | L1: 85.98% | L2: 82.30% | L3: 78.55%
Epoch [6271/10000] Training Loss: 0.1881 Accuracy: 82.61% | L1: 85.27% | L2: 83.11% | L3: 79.44%
Epoch [6272/10000] Training Loss: 0.1871 Accuracy: 82.60% | L1: 85.21% | L2: 83.13% | L3: 79.47%
Validation Loss: 0.2016 
 Accuracy: 82.23% | L1: 85.70% | L2: 82.27% | L3: 78.73%
Epoch [6273/10000] Training Loss: 0.1875 Accuracy: 82.67% | L1: 85.30% | L2: 83.20% | L3: 79.52%
Epoch [6274/10000] Training Loss: 0.1870 Accuracy: 82.68% | L1: 85.25% | L2: 83.26% | L3: 79.53%
Validation Loss: 0.1998 
 Accuracy: 82.48% | L1: 85.97% | L2: 82.39% | L3: 79.08%
Epoch [6275/10000] Training Loss: 0.1873 Accuracy: 82.67% | L1: 85.36% | L2: 83.27% | L3: 79.39%
Epoch [6276/10000] Training Loss: 0.1871 Accuracy: 82.69% | L1: 85.32% | L2: 83.34% | L3: 79.41%
Validation Loss: 0.2000 
 Accuracy: 82.33% | L1: 85.73% | L2: 82.32% | L3: 78.94%
Epoch [6277/10000] Training Loss: 0.1863 Accuracy: 82.70% | L1: 85.28% | L2: 83.22% | L3: 79.60%
Epoch [6278/10000] Training Loss: 0.1858 Accuracy: 82.78% | L1: 85.34% | L2: 83.37% | L3: 79.63%
Validation Loss: 0.2005 
 Accuracy: 82.40% | L1: 85.77% | L2: 82.37% | L3: 79.06%
Epoch [6279/10000] Training Loss: 0.1860 Accuracy: 82.76% | L1: 85.34% | L2: 83.38% | L3: 79.55%
Epoch [6280/10000] Training Loss: 0.1866 Accuracy: 82.73% | L1: 85.24% | L2: 83.37% | L3: 79.59%
Validation Loss: 0.1996 
 Accuracy: 82.42% | L1: 85.75% | L2: 82.43% | L3: 79.06%
Epoch [6281/10000] Training Loss: 0.1867 Accuracy: 82.71% | L1: 85.31% | L2: 83.21% | L3: 79.62%
Epoch [6282/10000] Training Loss: 0.1873 Accuracy: 82.75% | L1: 85.36% | L2: 83.25% | L3: 79.62%
Validation Loss: 0.2006 
 Accuracy: 82.35% | L1: 85.63% | L2: 82.31% | L3: 79.11%
Epoch [6283/10000] Training Loss: 0.1856 Accuracy: 82.74% | L1: 85.21% | L2: 83.39% | L3: 79.62%
Epoch [6284/10000] Training Loss: 0.1866 Accuracy: 82.78% | L1: 85.44% | L2: 83.39% | L3: 79.51%
Validation Loss: 0.2025 
 Accuracy: 82.24% | L1: 85.94% | L2: 82.13% | L3: 78.65%
Epoch [6285/10000] Training Loss: 0.1863 Accuracy: 82.73% | L1: 85.37% | L2: 83.22% | L3: 79.60%
Epoch [6286/10000] Training Loss: 0.1862 Accuracy: 82.77% | L1: 85.32% | L2: 83.36% | L3: 79.62%
Validation Loss: 0.2009 
 Accuracy: 82.40% | L1: 86.06% | L2: 82.32% | L3: 78.81%
Epoch [6287/10000] Training Loss: 0.1856 Accuracy: 82.75% | L1: 85.20% | L2: 83.35% | L3: 79.69%
Epoch [6288/10000] Training Loss: 0.1859 Accuracy: 82.70% | L1: 85.14% | L2: 83.37% | L3: 79.60%
Validation Loss: 0.2005 
 Accuracy: 82.30% | L1: 85.97% | L2: 82.37% | L3: 78.56%
Epoch [6289/10000] Training Loss: 0.1859 Accuracy: 82.75% | L1: 85.20% | L2: 83.45% | L3: 79.61%
Epoch [6290/10000] Training Loss: 0.1859 Accuracy: 82.88% | L1: 85.60% | L2: 83.46% | L3: 79.59%
Validation Loss: 0.2013 
 Accuracy: 82.37% | L1: 85.87% | L2: 82.40% | L3: 78.85%
Epoch [6291/10000] Training Loss: 0.1866 Accuracy: 82.79% | L1: 85.43% | L2: 83.42% | L3: 79.51%
Epoch [6292/10000] Training Loss: 0.1855 Accuracy: 82.82% | L1: 85.27% | L2: 83.46% | L3: 79.72%
Validation Loss: 0.2022 
 Accuracy: 82.35% | L1: 85.92% | L2: 82.40% | L3: 78.71%
Epoch [6293/10000] Training Loss: 0.1853 Accuracy: 82.80% | L1: 85.35% | L2: 83.34% | L3: 79.72%
Epoch [6294/10000] Training Loss: 0.1860 Accuracy: 82.76% | L1: 85.33% | L2: 83.33% | L3: 79.61%
Validation Loss: 0.1998 
 Accuracy: 82.45% | L1: 86.02% | L2: 82.47% | L3: 78.85%
Epoch [6295/10000] Training Loss: 0.1855 Accuracy: 82.78% | L1: 85.27% | L2: 83.50% | L3: 79.58%
Epoch [6296/10000] Training Loss: 0.1858 Accuracy: 82.76% | L1: 85.30% | L2: 83.38% | L3: 79.60%
Validation Loss: 0.2002 
 Accuracy: 82.42% | L1: 85.87% | L2: 82.42% | L3: 78.96%
Epoch [6297/10000] Training Loss: 0.1849 Accuracy: 82.83% | L1: 85.30% | L2: 83.47% | L3: 79.72%
Epoch [6298/10000] Training Loss: 0.1847 Accuracy: 82.83% | L1: 85.41% | L2: 83.34% | L3: 79.75%
Validation Loss: 0.2004 
 Accuracy: 82.35% | L1: 85.73% | L2: 82.34% | L3: 79.00%
Epoch [6299/10000] Training Loss: 0.1849 Accuracy: 82.84% | L1: 85.18% | L2: 83.61% | L3: 79.73%
Epoch [6300/10000] Training Loss: 0.1852 Accuracy: 82.72% | L1: 85.14% | L2: 83.30% | L3: 79.72%
Checkpoint 'best_vit_model_every_100_epoch' saved at epoch 6300
Validation Loss: 0.2040 
 Accuracy: 82.25% | L1: 85.82% | L2: 82.13% | L3: 78.81%
Epoch [6301/10000] Training Loss: 0.1855 Accuracy: 82.84% | L1: 85.35% | L2: 83.43% | L3: 79.75%
Epoch [6302/10000] Training Loss: 0.1854 Accuracy: 82.84% | L1: 85.28% | L2: 83.43% | L3: 79.79%
Validation Loss: 0.2010 
 Accuracy: 82.41% | L1: 85.75% | L2: 82.28% | L3: 79.20%
Epoch [6303/10000] Training Loss: 0.1843 Accuracy: 82.93% | L1: 85.39% | L2: 83.43% | L3: 79.96%
Epoch [6304/10000] Training Loss: 0.1843 Accuracy: 82.88% | L1: 85.27% | L2: 83.53% | L3: 79.85%
Validation Loss: 0.2015 
 Accuracy: 82.47% | L1: 85.96% | L2: 82.46% | L3: 78.99%
Epoch [6305/10000] Training Loss: 0.1848 Accuracy: 82.86% | L1: 85.42% | L2: 83.52% | L3: 79.62%
Epoch [6306/10000] Training Loss: 0.1838 Accuracy: 82.87% | L1: 85.25% | L2: 83.55% | L3: 79.81%
Validation Loss: 0.2034 
 Accuracy: 82.17% | L1: 85.90% | L2: 82.19% | L3: 78.42%
Epoch [6307/10000] Training Loss: 0.1843 Accuracy: 82.90% | L1: 85.30% | L2: 83.56% | L3: 79.85%
Epoch [6308/10000] Training Loss: 0.1839 Accuracy: 82.94% | L1: 85.38% | L2: 83.62% | L3: 79.82%
Validation Loss: 0.2009 
 Accuracy: 82.36% | L1: 85.75% | L2: 82.51% | L3: 78.82%
Epoch [6309/10000] Training Loss: 0.1846 Accuracy: 82.88% | L1: 85.27% | L2: 83.66% | L3: 79.72%
Epoch [6310/10000] Training Loss: 0.1837 Accuracy: 82.87% | L1: 85.26% | L2: 83.58% | L3: 79.75%
Validation Loss: 0.2041 
 Accuracy: 82.20% | L1: 85.80% | L2: 82.13% | L3: 78.68%
Epoch [6311/10000] Training Loss: 0.1837 Accuracy: 82.92% | L1: 85.29% | L2: 83.54% | L3: 79.92%
Epoch [6312/10000] Training Loss: 0.1834 Accuracy: 82.92% | L1: 85.30% | L2: 83.61% | L3: 79.86%
Validation Loss: 0.2021 
 Accuracy: 82.30% | L1: 85.79% | L2: 82.28% | L3: 78.82%
Epoch [6313/10000] Training Loss: 0.1844 Accuracy: 82.91% | L1: 85.31% | L2: 83.56% | L3: 79.85%
Epoch [6314/10000] Training Loss: 0.1843 Accuracy: 82.86% | L1: 85.20% | L2: 83.60% | L3: 79.78%
Validation Loss: 0.2039 
 Accuracy: 82.09% | L1: 85.72% | L2: 82.12% | L3: 78.44%
Epoch [6315/10000] Training Loss: 0.1838 Accuracy: 82.89% | L1: 85.17% | L2: 83.65% | L3: 79.85%
Epoch [6316/10000] Training Loss: 0.1843 Accuracy: 82.85% | L1: 85.17% | L2: 83.45% | L3: 79.92%
Validation Loss: 0.2035 
 Accuracy: 82.27% | L1: 85.79% | L2: 82.14% | L3: 78.88%
Epoch [6317/10000] Training Loss: 0.1830 Accuracy: 83.01% | L1: 85.36% | L2: 83.64% | L3: 80.03%
Epoch [6318/10000] Training Loss: 0.1840 Accuracy: 82.96% | L1: 85.29% | L2: 83.62% | L3: 79.96%
Validation Loss: 0.2024 
 Accuracy: 82.26% | L1: 85.72% | L2: 82.33% | L3: 78.71%
Epoch [6319/10000] Training Loss: 0.1837 Accuracy: 82.92% | L1: 85.23% | L2: 83.56% | L3: 79.96%
Epoch [6320/10000] Training Loss: 0.1834 Accuracy: 82.93% | L1: 85.26% | L2: 83.60% | L3: 79.94%
Validation Loss: 0.2038 
 Accuracy: 82.34% | L1: 86.11% | L2: 82.15% | L3: 78.77%
Epoch [6321/10000] Training Loss: 0.1829 Accuracy: 82.96% | L1: 85.16% | L2: 83.71% | L3: 80.02%
Epoch [6322/10000] Training Loss: 0.1832 Accuracy: 83.02% | L1: 85.48% | L2: 83.61% | L3: 79.96%
Validation Loss: 0.2022 
 Accuracy: 82.40% | L1: 86.03% | L2: 82.25% | L3: 78.93%
Epoch [6323/10000] Training Loss: 0.1834 Accuracy: 82.96% | L1: 85.32% | L2: 83.49% | L3: 80.06%
Epoch [6324/10000] Training Loss: 0.1828 Accuracy: 82.91% | L1: 85.14% | L2: 83.58% | L3: 80.01%
Validation Loss: 0.2024 
 Accuracy: 82.35% | L1: 85.77% | L2: 82.19% | L3: 79.09%
Epoch [6325/10000] Training Loss: 0.1824 Accuracy: 83.06% | L1: 85.45% | L2: 83.59% | L3: 80.13%
Epoch [6326/10000] Training Loss: 0.1824 Accuracy: 82.98% | L1: 85.30% | L2: 83.70% | L3: 79.96%
Validation Loss: 0.2046 
 Accuracy: 82.19% | L1: 85.91% | L2: 82.04% | L3: 78.62%
Epoch [6327/10000] Training Loss: 0.1829 Accuracy: 82.93% | L1: 85.25% | L2: 83.67% | L3: 79.87%
Epoch [6328/10000] Training Loss: 0.1822 Accuracy: 83.09% | L1: 85.47% | L2: 83.80% | L3: 80.00%
Validation Loss: 0.2031 
 Accuracy: 82.33% | L1: 85.72% | L2: 82.29% | L3: 78.98%
Epoch [6329/10000] Training Loss: 0.1832 Accuracy: 83.04% | L1: 85.44% | L2: 83.68% | L3: 80.00%
Epoch [6330/10000] Training Loss: 0.1829 Accuracy: 82.96% | L1: 85.34% | L2: 83.63% | L3: 79.91%
Validation Loss: 0.2037 
 Accuracy: 82.34% | L1: 85.72% | L2: 82.27% | L3: 79.04%
Epoch [6331/10000] Training Loss: 0.1822 Accuracy: 82.92% | L1: 85.14% | L2: 83.68% | L3: 79.94%
Epoch [6332/10000] Training Loss: 0.1830 Accuracy: 82.98% | L1: 85.16% | L2: 83.74% | L3: 80.03%
Validation Loss: 0.2056 
 Accuracy: 82.13% | L1: 85.71% | L2: 82.07% | L3: 78.63%
Epoch [6333/10000] Training Loss: 0.1824 Accuracy: 83.00% | L1: 85.33% | L2: 83.65% | L3: 80.02%
Epoch [6334/10000] Training Loss: 0.1830 Accuracy: 82.95% | L1: 85.32% | L2: 83.63% | L3: 79.89%
Validation Loss: 0.2061 
 Accuracy: 82.20% | L1: 85.82% | L2: 82.13% | L3: 78.65%
Epoch [6335/10000] Training Loss: 0.1821 Accuracy: 83.03% | L1: 85.30% | L2: 83.70% | L3: 80.07%
Epoch [6336/10000] Training Loss: 0.1821 Accuracy: 83.09% | L1: 85.44% | L2: 83.83% | L3: 79.98%
Validation Loss: 0.2050 
 Accuracy: 82.20% | L1: 85.58% | L2: 82.10% | L3: 78.91%
Epoch [6337/10000] Training Loss: 0.1821 Accuracy: 83.01% | L1: 85.18% | L2: 83.72% | L3: 80.13%
Epoch [6338/10000] Training Loss: 0.1827 Accuracy: 83.06% | L1: 85.39% | L2: 83.84% | L3: 79.94%
Validation Loss: 0.2035 
 Accuracy: 82.34% | L1: 85.93% | L2: 82.21% | L3: 78.89%
Epoch [6339/10000] Training Loss: 0.1816 Accuracy: 83.09% | L1: 85.37% | L2: 83.90% | L3: 80.00%
Epoch [6340/10000] Training Loss: 0.1819 Accuracy: 83.05% | L1: 85.36% | L2: 83.69% | L3: 80.09%
Validation Loss: 0.2035 
 Accuracy: 82.34% | L1: 86.00% | L2: 82.16% | L3: 78.86%
Epoch [6341/10000] Training Loss: 0.1825 Accuracy: 83.04% | L1: 85.38% | L2: 83.72% | L3: 80.03%
Epoch [6342/10000] Training Loss: 0.1813 Accuracy: 83.06% | L1: 85.22% | L2: 83.83% | L3: 80.13%
Validation Loss: 0.2047 
 Accuracy: 82.26% | L1: 85.64% | L2: 82.22% | L3: 78.92%
Epoch [6343/10000] Training Loss: 0.1817 Accuracy: 83.14% | L1: 85.52% | L2: 83.78% | L3: 80.11%
Epoch [6344/10000] Training Loss: 0.1812 Accuracy: 83.06% | L1: 85.26% | L2: 83.78% | L3: 80.14%
Validation Loss: 0.2061 
 Accuracy: 82.10% | L1: 85.70% | L2: 82.00% | L3: 78.61%
Epoch [6345/10000] Training Loss: 0.1818 Accuracy: 83.11% | L1: 85.36% | L2: 83.79% | L3: 80.17%
Epoch [6346/10000] Training Loss: 0.1817 Accuracy: 83.10% | L1: 85.43% | L2: 83.80% | L3: 80.06%
Validation Loss: 0.2055 
 Accuracy: 82.24% | L1: 85.94% | L2: 82.06% | L3: 78.72%
Epoch [6347/10000] Training Loss: 0.1821 Accuracy: 83.04% | L1: 85.24% | L2: 83.86% | L3: 80.03%
Epoch [6348/10000] Training Loss: 0.1816 Accuracy: 83.00% | L1: 85.24% | L2: 83.76% | L3: 79.99%
Validation Loss: 0.2058 
 Accuracy: 82.15% | L1: 85.57% | L2: 82.25% | L3: 78.64%
Epoch [6349/10000] Training Loss: 0.1816 Accuracy: 83.10% | L1: 85.47% | L2: 83.79% | L3: 80.04%
Epoch [6350/10000] Training Loss: 0.1806 Accuracy: 83.24% | L1: 85.61% | L2: 83.88% | L3: 80.22%
Validation Loss: 0.2072 
 Accuracy: 82.15% | L1: 85.69% | L2: 82.12% | L3: 78.65%
Epoch [6351/10000] Training Loss: 0.1806 Accuracy: 83.17% | L1: 85.41% | L2: 83.90% | L3: 80.21%
Epoch [6352/10000] Training Loss: 0.1811 Accuracy: 83.07% | L1: 85.18% | L2: 83.86% | L3: 80.18%
Validation Loss: 0.2084 
 Accuracy: 82.05% | L1: 85.65% | L2: 82.01% | L3: 78.48%
Epoch [6353/10000] Training Loss: 0.1801 Accuracy: 83.13% | L1: 85.18% | L2: 83.97% | L3: 80.24%
Epoch [6354/10000] Training Loss: 0.1803 Accuracy: 83.16% | L1: 85.45% | L2: 83.88% | L3: 80.14%
Validation Loss: 0.2064 
 Accuracy: 82.07% | L1: 85.68% | L2: 82.04% | L3: 78.49%
Epoch [6355/10000] Training Loss: 0.1805 Accuracy: 83.12% | L1: 85.37% | L2: 83.78% | L3: 80.21%
Epoch [6356/10000] Training Loss: 0.1814 Accuracy: 83.06% | L1: 85.26% | L2: 83.80% | L3: 80.12%
Validation Loss: 0.2075 
 Accuracy: 82.01% | L1: 85.68% | L2: 81.86% | L3: 78.50%
Epoch [6357/10000] Training Loss: 0.1816 Accuracy: 83.11% | L1: 85.40% | L2: 83.85% | L3: 80.07%
Epoch [6358/10000] Training Loss: 0.1797 Accuracy: 83.10% | L1: 85.13% | L2: 83.92% | L3: 80.26%
Validation Loss: 0.2055 
 Accuracy: 82.29% | L1: 85.79% | L2: 82.11% | L3: 78.98%
Loading checkpoint from best_vit_model.pth...
DEBUG: No improvement for several epochs. Consider early stopping or adjusting training.
Changing training datasets...
Train indices changed: True
Epoch [6359/10000] Training Loss: 0.1940 Accuracy: 82.22% | L1: 85.17% | L2: 82.62% | L3: 78.87%
Epoch [6360/10000] Training Loss: 0.1928 Accuracy: 82.21% | L1: 85.10% | L2: 82.55% | L3: 78.98%
Validation Loss: 0.1988 
 Accuracy: 82.43% | L1: 85.81% | L2: 82.47% | L3: 79.01%
Checkpoint saved at epoch 6360
Epoch [6361/10000] Training Loss: 0.1922 Accuracy: 82.35% | L1: 85.20% | L2: 82.87% | L3: 78.98%
Epoch [6362/10000] Training Loss: 0.1920 Accuracy: 82.33% | L1: 85.16% | L2: 82.84% | L3: 78.99%
Validation Loss: 0.1996 
 Accuracy: 82.42% | L1: 85.88% | L2: 82.50% | L3: 78.87%
Epoch [6363/10000] Training Loss: 0.1915 Accuracy: 82.44% | L1: 85.37% | L2: 82.75% | L3: 79.19%
Epoch [6364/10000] Training Loss: 0.1912 Accuracy: 82.39% | L1: 85.30% | L2: 82.72% | L3: 79.14%
Validation Loss: 0.2006 
 Accuracy: 82.28% | L1: 85.84% | L2: 82.34% | L3: 78.66%
Epoch [6365/10000] Training Loss: 0.1918 Accuracy: 82.35% | L1: 85.25% | L2: 82.66% | L3: 79.15%
Epoch [6366/10000] Training Loss: 0.1915 Accuracy: 82.41% | L1: 85.29% | L2: 82.77% | L3: 79.18%
Validation Loss: 0.1999 
 Accuracy: 82.35% | L1: 85.73% | L2: 82.44% | L3: 78.89%
Epoch [6367/10000] Training Loss: 0.1914 Accuracy: 82.40% | L1: 85.20% | L2: 82.79% | L3: 79.20%
Epoch [6368/10000] Training Loss: 0.1910 Accuracy: 82.42% | L1: 85.22% | L2: 82.95% | L3: 79.08%
Validation Loss: 0.1989 
 Accuracy: 82.37% | L1: 85.60% | L2: 82.50% | L3: 79.00%
Epoch [6369/10000] Training Loss: 0.1915 Accuracy: 82.39% | L1: 85.24% | L2: 82.81% | L3: 79.12%
Epoch [6370/10000] Training Loss: 0.1902 Accuracy: 82.45% | L1: 85.19% | L2: 82.98% | L3: 79.18%
Validation Loss: 0.1999 
 Accuracy: 82.21% | L1: 85.66% | L2: 82.20% | L3: 78.77%
Epoch [6371/10000] Training Loss: 0.1910 Accuracy: 82.45% | L1: 85.18% | L2: 82.89% | L3: 79.27%
Epoch [6372/10000] Training Loss: 0.1903 Accuracy: 82.47% | L1: 85.19% | L2: 82.87% | L3: 79.34%
Validation Loss: 0.1993 
 Accuracy: 82.57% | L1: 85.86% | L2: 82.41% | L3: 79.43%
Epoch [6373/10000] Training Loss: 0.1907 Accuracy: 82.47% | L1: 85.28% | L2: 82.77% | L3: 79.36%
Epoch [6374/10000] Training Loss: 0.1907 Accuracy: 82.46% | L1: 85.30% | L2: 82.85% | L3: 79.22%
Validation Loss: 0.1998 
 Accuracy: 82.38% | L1: 85.80% | L2: 82.35% | L3: 78.98%
Epoch [6375/10000] Training Loss: 0.1899 Accuracy: 82.54% | L1: 85.39% | L2: 82.98% | L3: 79.25%
Epoch [6376/10000] Training Loss: 0.1895 Accuracy: 82.58% | L1: 85.40% | L2: 82.99% | L3: 79.34%
Validation Loss: 0.2008 
 Accuracy: 82.33% | L1: 85.75% | L2: 82.31% | L3: 78.93%
Epoch [6377/10000] Training Loss: 0.1895 Accuracy: 82.60% | L1: 85.37% | L2: 83.12% | L3: 79.32%
Epoch [6378/10000] Training Loss: 0.1903 Accuracy: 82.56% | L1: 85.38% | L2: 82.96% | L3: 79.33%
Validation Loss: 0.2002 
 Accuracy: 82.49% | L1: 86.07% | L2: 82.32% | L3: 79.06%
Epoch [6379/10000] Training Loss: 0.1890 Accuracy: 82.57% | L1: 85.45% | L2: 82.99% | L3: 79.26%
Epoch [6380/10000] Training Loss: 0.1902 Accuracy: 82.56% | L1: 85.37% | L2: 82.98% | L3: 79.32%
Validation Loss: 0.1999 
 Accuracy: 82.31% | L1: 85.86% | L2: 82.36% | L3: 78.71%
Epoch [6381/10000] Training Loss: 0.1893 Accuracy: 82.53% | L1: 85.21% | L2: 83.04% | L3: 79.33%
Epoch [6382/10000] Training Loss: 0.1889 Accuracy: 82.55% | L1: 85.15% | L2: 83.12% | L3: 79.36%
Validation Loss: 0.1991 
 Accuracy: 82.50% | L1: 85.99% | L2: 82.47% | L3: 79.02%
Epoch [6383/10000] Training Loss: 0.1889 Accuracy: 82.53% | L1: 85.22% | L2: 83.01% | L3: 79.35%
Epoch [6384/10000] Training Loss: 0.1891 Accuracy: 82.52% | L1: 85.23% | L2: 82.93% | L3: 79.39%
Validation Loss: 0.1996 
 Accuracy: 82.31% | L1: 85.63% | L2: 82.33% | L3: 78.96%
Epoch [6385/10000] Training Loss: 0.1887 Accuracy: 82.57% | L1: 85.24% | L2: 83.08% | L3: 79.38%
Epoch [6386/10000] Training Loss: 0.1887 Accuracy: 82.66% | L1: 85.37% | L2: 83.12% | L3: 79.49%
Validation Loss: 0.2026 
 Accuracy: 82.20% | L1: 85.79% | L2: 82.14% | L3: 78.66%
Epoch [6387/10000] Training Loss: 0.1885 Accuracy: 82.56% | L1: 85.14% | L2: 83.09% | L3: 79.46%
Epoch [6388/10000] Training Loss: 0.1886 Accuracy: 82.61% | L1: 85.23% | L2: 83.22% | L3: 79.38%
Validation Loss: 0.2039 
 Accuracy: 82.16% | L1: 85.87% | L2: 82.04% | L3: 78.56%
Epoch [6389/10000] Training Loss: 0.1884 Accuracy: 82.58% | L1: 85.23% | L2: 83.07% | L3: 79.44%
Epoch [6390/10000] Training Loss: 0.1893 Accuracy: 82.55% | L1: 85.25% | L2: 83.07% | L3: 79.33%
Validation Loss: 0.1993 
 Accuracy: 82.48% | L1: 85.81% | L2: 82.49% | L3: 79.15%
Epoch [6391/10000] Training Loss: 0.1883 Accuracy: 82.61% | L1: 85.20% | L2: 83.11% | L3: 79.51%
Epoch [6392/10000] Training Loss: 0.1878 Accuracy: 82.61% | L1: 85.19% | L2: 83.17% | L3: 79.47%
Validation Loss: 0.1991 
 Accuracy: 82.53% | L1: 85.94% | L2: 82.51% | L3: 79.13%
Epoch [6393/10000] Training Loss: 0.1879 Accuracy: 82.69% | L1: 85.42% | L2: 83.17% | L3: 79.49%
Epoch [6394/10000] Training Loss: 0.1874 Accuracy: 82.69% | L1: 85.36% | L2: 83.20% | L3: 79.53%
Validation Loss: 0.2005 
 Accuracy: 82.52% | L1: 86.15% | L2: 82.33% | L3: 79.07%
Epoch [6395/10000] Training Loss: 0.1879 Accuracy: 82.60% | L1: 85.25% | L2: 83.07% | L3: 79.49%
Epoch [6396/10000] Training Loss: 0.1873 Accuracy: 82.66% | L1: 85.25% | L2: 83.23% | L3: 79.52%
Validation Loss: 0.2000 
 Accuracy: 82.47% | L1: 85.82% | L2: 82.38% | L3: 79.20%
Epoch [6397/10000] Training Loss: 0.1872 Accuracy: 82.75% | L1: 85.40% | L2: 83.21% | L3: 79.64%
Epoch [6398/10000] Training Loss: 0.1869 Accuracy: 82.65% | L1: 85.17% | L2: 83.20% | L3: 79.57%
Validation Loss: 0.2007 
 Accuracy: 82.28% | L1: 85.55% | L2: 82.29% | L3: 79.00%
Epoch [6399/10000] Training Loss: 0.1873 Accuracy: 82.69% | L1: 85.31% | L2: 83.31% | L3: 79.47%
Epoch [6400/10000] Training Loss: 0.1871 Accuracy: 82.74% | L1: 85.42% | L2: 83.22% | L3: 79.59%
Checkpoint 'best_vit_model_every_100_epoch' saved at epoch 6400
Validation Loss: 0.2011 
 Accuracy: 82.31% | L1: 85.85% | L2: 82.36% | L3: 78.72%
Epoch [6401/10000] Training Loss: 0.1868 Accuracy: 82.70% | L1: 85.25% | L2: 83.25% | L3: 79.59%
Epoch [6402/10000] Training Loss: 0.1879 Accuracy: 82.59% | L1: 85.10% | L2: 83.22% | L3: 79.44%
Validation Loss: 0.2006 
 Accuracy: 82.43% | L1: 85.82% | L2: 82.46% | L3: 79.01%
Epoch [6403/10000] Training Loss: 0.1875 Accuracy: 82.69% | L1: 85.36% | L2: 83.15% | L3: 79.56%
Epoch [6404/10000] Training Loss: 0.1875 Accuracy: 82.70% | L1: 85.42% | L2: 83.13% | L3: 79.56%
Validation Loss: 0.2022 
 Accuracy: 82.29% | L1: 85.97% | L2: 82.28% | L3: 78.63%
Epoch [6405/10000] Training Loss: 0.1874 Accuracy: 82.71% | L1: 85.33% | L2: 83.22% | L3: 79.59%
Epoch [6406/10000] Training Loss: 0.1869 Accuracy: 82.66% | L1: 85.17% | L2: 83.22% | L3: 79.59%
Validation Loss: 0.2018 
 Accuracy: 82.43% | L1: 86.11% | L2: 82.28% | L3: 78.92%
Epoch [6407/10000] Training Loss: 0.1867 Accuracy: 82.68% | L1: 85.04% | L2: 83.37% | L3: 79.64%
Epoch [6408/10000] Training Loss: 0.1860 Accuracy: 82.81% | L1: 85.34% | L2: 83.40% | L3: 79.67%
Validation Loss: 0.2010 
 Accuracy: 82.37% | L1: 85.69% | L2: 82.34% | L3: 79.06%
Epoch [6409/10000] Training Loss: 0.1858 Accuracy: 82.81% | L1: 85.24% | L2: 83.43% | L3: 79.76%
Epoch [6410/10000] Training Loss: 0.1863 Accuracy: 82.82% | L1: 85.47% | L2: 83.27% | L3: 79.73%
Validation Loss: 0.1998 
 Accuracy: 82.60% | L1: 86.05% | L2: 82.46% | L3: 79.29%
Epoch [6411/10000] Training Loss: 0.1866 Accuracy: 82.77% | L1: 85.25% | L2: 83.42% | L3: 79.65%
Epoch [6412/10000] Training Loss: 0.1861 Accuracy: 82.76% | L1: 85.25% | L2: 83.37% | L3: 79.66%
Validation Loss: 0.2020 
 Accuracy: 82.27% | L1: 85.63% | L2: 82.42% | L3: 78.76%
Epoch [6413/10000] Training Loss: 0.1864 Accuracy: 82.81% | L1: 85.33% | L2: 83.45% | L3: 79.67%
Epoch [6414/10000] Training Loss: 0.1861 Accuracy: 82.75% | L1: 85.15% | L2: 83.44% | L3: 79.67%
Validation Loss: 0.2036 
 Accuracy: 82.34% | L1: 85.82% | L2: 82.25% | L3: 78.95%
Epoch [6415/10000] Training Loss: 0.1856 Accuracy: 82.81% | L1: 85.30% | L2: 83.59% | L3: 79.55%
Epoch [6416/10000] Training Loss: 0.1862 Accuracy: 82.76% | L1: 85.39% | L2: 83.41% | L3: 79.49%
Validation Loss: 0.2009 
 Accuracy: 82.58% | L1: 85.96% | L2: 82.53% | L3: 79.24%
Epoch [6417/10000] Training Loss: 0.1852 Accuracy: 82.81% | L1: 85.21% | L2: 83.49% | L3: 79.72%
Epoch [6418/10000] Training Loss: 0.1859 Accuracy: 82.78% | L1: 85.20% | L2: 83.47% | L3: 79.68%
Validation Loss: 0.2012 
 Accuracy: 82.39% | L1: 85.60% | L2: 82.44% | L3: 79.13%
Epoch [6419/10000] Training Loss: 0.1851 Accuracy: 82.77% | L1: 85.08% | L2: 83.46% | L3: 79.77%
Epoch [6420/10000] Training Loss: 0.1857 Accuracy: 82.82% | L1: 85.26% | L2: 83.41% | L3: 79.79%
Validation Loss: 0.2047 
 Accuracy: 82.18% | L1: 85.78% | L2: 82.12% | L3: 78.65%
Epoch [6421/10000] Training Loss: 0.1848 Accuracy: 82.88% | L1: 85.41% | L2: 83.49% | L3: 79.75%
Epoch [6422/10000] Training Loss: 0.1853 Accuracy: 82.87% | L1: 85.45% | L2: 83.38% | L3: 79.77%
Validation Loss: 0.2025 
 Accuracy: 82.33% | L1: 85.84% | L2: 82.33% | L3: 78.83%
Epoch [6423/10000] Training Loss: 0.1854 Accuracy: 82.83% | L1: 85.21% | L2: 83.49% | L3: 79.80%
Epoch [6424/10000] Training Loss: 0.1852 Accuracy: 82.85% | L1: 85.43% | L2: 83.44% | L3: 79.68%
Validation Loss: 0.2030 
 Accuracy: 82.34% | L1: 85.87% | L2: 82.06% | L3: 79.08%
Epoch [6425/10000] Training Loss: 0.1853 Accuracy: 82.80% | L1: 85.32% | L2: 83.29% | L3: 79.80%
Epoch [6426/10000] Training Loss: 0.1850 Accuracy: 82.85% | L1: 85.23% | L2: 83.49% | L3: 79.83%
Validation Loss: 0.2062 
 Accuracy: 82.25% | L1: 86.04% | L2: 82.23% | L3: 78.49%
Epoch [6427/10000] Training Loss: 0.1842 Accuracy: 82.88% | L1: 85.18% | L2: 83.58% | L3: 79.88%
Epoch [6428/10000] Training Loss: 0.1851 Accuracy: 82.91% | L1: 85.44% | L2: 83.40% | L3: 79.90%
Validation Loss: 0.2023 
 Accuracy: 82.34% | L1: 86.03% | L2: 82.20% | L3: 78.78%
Epoch [6429/10000] Training Loss: 0.1843 Accuracy: 82.89% | L1: 85.24% | L2: 83.58% | L3: 79.86%
Epoch [6430/10000] Training Loss: 0.1850 Accuracy: 82.83% | L1: 85.18% | L2: 83.52% | L3: 79.78%
Validation Loss: 0.2008 
 Accuracy: 82.47% | L1: 85.89% | L2: 82.33% | L3: 79.21%
Epoch [6431/10000] Training Loss: 0.1842 Accuracy: 82.89% | L1: 85.24% | L2: 83.54% | L3: 79.88%
Epoch [6432/10000] Training Loss: 0.1851 Accuracy: 82.82% | L1: 85.23% | L2: 83.53% | L3: 79.70%
Validation Loss: 0.2046 
 Accuracy: 82.04% | L1: 85.65% | L2: 82.02% | L3: 78.44%
Epoch [6433/10000] Training Loss: 0.1843 Accuracy: 82.92% | L1: 85.34% | L2: 83.59% | L3: 79.82%
Epoch [6434/10000] Training Loss: 0.1839 Accuracy: 82.84% | L1: 85.03% | L2: 83.54% | L3: 79.93%
Validation Loss: 0.2017 
 Accuracy: 82.50% | L1: 85.89% | L2: 82.33% | L3: 79.29%
Epoch [6435/10000] Training Loss: 0.1845 Accuracy: 82.84% | L1: 85.20% | L2: 83.42% | L3: 79.91%
Epoch [6436/10000] Training Loss: 0.1844 Accuracy: 82.89% | L1: 85.26% | L2: 83.42% | L3: 80.01%
Validation Loss: 0.2032 
 Accuracy: 82.30% | L1: 85.78% | L2: 82.30% | L3: 78.81%
Epoch [6437/10000] Training Loss: 0.1844 Accuracy: 82.89% | L1: 85.21% | L2: 83.62% | L3: 79.83%
Epoch [6438/10000] Training Loss: 0.1837 Accuracy: 82.94% | L1: 85.25% | L2: 83.57% | L3: 80.01%
Validation Loss: 0.2025 
 Accuracy: 82.40% | L1: 85.78% | L2: 82.33% | L3: 79.08%
Epoch [6439/10000] Training Loss: 0.1836 Accuracy: 82.99% | L1: 85.41% | L2: 83.62% | L3: 79.93%
Epoch [6440/10000] Training Loss: 0.1843 Accuracy: 82.85% | L1: 85.17% | L2: 83.58% | L3: 79.81%
Validation Loss: 0.2024 
 Accuracy: 82.41% | L1: 86.09% | L2: 82.31% | L3: 78.84%
Epoch [6441/10000] Training Loss: 0.1837 Accuracy: 82.93% | L1: 85.28% | L2: 83.65% | L3: 79.86%
Epoch [6442/10000] Training Loss: 0.1837 Accuracy: 82.87% | L1: 85.11% | L2: 83.54% | L3: 79.96%
Validation Loss: 0.2057 
 Accuracy: 82.18% | L1: 85.91% | L2: 82.01% | L3: 78.61%
Epoch [6443/10000] Training Loss: 0.1843 Accuracy: 82.94% | L1: 85.31% | L2: 83.66% | L3: 79.85%
Epoch [6444/10000] Training Loss: 0.1836 Accuracy: 82.99% | L1: 85.29% | L2: 83.65% | L3: 80.02%
Validation Loss: 0.2041 
 Accuracy: 82.25% | L1: 85.88% | L2: 82.20% | L3: 78.66%
Epoch [6445/10000] Training Loss: 0.1832 Accuracy: 82.98% | L1: 85.34% | L2: 83.66% | L3: 79.92%
Epoch [6446/10000] Training Loss: 0.1841 Accuracy: 82.91% | L1: 85.28% | L2: 83.59% | L3: 79.88%
Validation Loss: 0.2029 
 Accuracy: 82.22% | L1: 85.63% | L2: 82.23% | L3: 78.81%
Epoch [6447/10000] Training Loss: 0.1840 Accuracy: 82.89% | L1: 85.25% | L2: 83.50% | L3: 79.92%
Epoch [6448/10000] Training Loss: 0.1832 Accuracy: 82.95% | L1: 85.19% | L2: 83.61% | L3: 80.05%
Validation Loss: 0.2053 
 Accuracy: 82.21% | L1: 85.68% | L2: 82.05% | L3: 78.91%
Epoch [6449/10000] Training Loss: 0.1839 Accuracy: 82.97% | L1: 85.34% | L2: 83.65% | L3: 79.91%
Epoch [6450/10000] Training Loss: 0.1835 Accuracy: 82.99% | L1: 85.36% | L2: 83.66% | L3: 79.96%
Validation Loss: 0.2034 
 Accuracy: 82.37% | L1: 85.77% | L2: 82.19% | L3: 79.13%
Epoch [6451/10000] Training Loss: 0.1837 Accuracy: 82.92% | L1: 85.28% | L2: 83.60% | L3: 79.89%
Epoch [6452/10000] Training Loss: 0.1825 Accuracy: 83.01% | L1: 85.24% | L2: 83.73% | L3: 80.07%
Validation Loss: 0.2039 
 Accuracy: 82.26% | L1: 85.76% | L2: 82.25% | L3: 78.77%
Epoch [6453/10000] Training Loss: 0.1831 Accuracy: 83.04% | L1: 85.38% | L2: 83.73% | L3: 80.02%
Epoch [6454/10000] Training Loss: 0.1833 Accuracy: 83.01% | L1: 85.34% | L2: 83.62% | L3: 80.08%
Validation Loss: 0.2032 
 Accuracy: 82.33% | L1: 86.14% | L2: 82.13% | L3: 78.74%
Epoch [6455/10000] Training Loss: 0.1833 Accuracy: 83.04% | L1: 85.41% | L2: 83.68% | L3: 80.02%
Epoch [6456/10000] Training Loss: 0.1829 Accuracy: 83.00% | L1: 85.28% | L2: 83.69% | L3: 80.04%
Validation Loss: 0.2077 
 Accuracy: 82.06% | L1: 85.99% | L2: 81.93% | L3: 78.25%
Epoch [6457/10000] Training Loss: 0.1817 Accuracy: 83.10% | L1: 85.42% | L2: 83.77% | L3: 80.10%
Epoch [6458/10000] Training Loss: 0.1828 Accuracy: 83.04% | L1: 85.36% | L2: 83.76% | L3: 79.99%
Validation Loss: 0.2057 
 Accuracy: 82.24% | L1: 85.86% | L2: 82.09% | L3: 78.76%
Epoch [6459/10000] Training Loss: 0.1825 Accuracy: 83.02% | L1: 85.40% | L2: 83.67% | L3: 79.97%
Epoch [6460/10000] Training Loss: 0.1838 Accuracy: 82.90% | L1: 85.18% | L2: 83.68% | L3: 79.84%
Validation Loss: 0.2048 
 Accuracy: 82.27% | L1: 85.77% | L2: 82.14% | L3: 78.90%
Loading checkpoint from best_vit_model.pth...
DEBUG: No improvement for several epochs. Consider early stopping or adjusting training.
Changing training datasets...
Train indices changed: True
Changing validation datasets...
Validation indices changed: True
Epoch [6461/10000] Training Loss: 0.1952 Accuracy: 82.23% | L1: 85.39% | L2: 82.66% | L3: 78.64%
Epoch [6462/10000] Training Loss: 0.1944 Accuracy: 82.33% | L1: 85.45% | L2: 82.76% | L3: 78.76%
Validation Loss: 0.1996 
 Accuracy: 82.33% | L1: 85.61% | L2: 82.37% | L3: 79.02%
Checkpoint saved at epoch 6462
Epoch [6463/10000] Training Loss: 0.1933 Accuracy: 82.38% | L1: 85.51% | L2: 82.69% | L3: 78.93%
Epoch [6464/10000] Training Loss: 0.1935 Accuracy: 82.39% | L1: 85.54% | L2: 82.83% | L3: 78.81%
Validation Loss: 0.2019 
 Accuracy: 82.24% | L1: 85.81% | L2: 82.27% | L3: 78.63%
Epoch [6465/10000] Training Loss: 0.1929 Accuracy: 82.43% | L1: 85.40% | L2: 82.85% | L3: 79.05%
Epoch [6466/10000] Training Loss: 0.1935 Accuracy: 82.37% | L1: 85.43% | L2: 82.83% | L3: 78.86%
Validation Loss: 0.1988 
 Accuracy: 82.36% | L1: 85.48% | L2: 82.59% | L3: 79.00%
Checkpoint saved at epoch 6466
Epoch [6467/10000] Training Loss: 0.1922 Accuracy: 82.46% | L1: 85.44% | L2: 82.91% | L3: 79.05%
Epoch [6468/10000] Training Loss: 0.1923 Accuracy: 82.44% | L1: 85.48% | L2: 82.87% | L3: 78.97%
Validation Loss: 0.1996 
 Accuracy: 82.33% | L1: 86.01% | L2: 82.23% | L3: 78.76%
Epoch [6469/10000] Training Loss: 0.1928 Accuracy: 82.51% | L1: 85.62% | L2: 82.90% | L3: 78.99%
Epoch [6470/10000] Training Loss: 0.1911 Accuracy: 82.47% | L1: 85.30% | L2: 82.99% | L3: 79.11%
Validation Loss: 0.2001 
 Accuracy: 82.25% | L1: 85.60% | L2: 82.46% | L3: 78.68%
Epoch [6471/10000] Training Loss: 0.1917 Accuracy: 82.46% | L1: 85.43% | L2: 82.91% | L3: 79.04%
Epoch [6472/10000] Training Loss: 0.1905 Accuracy: 82.51% | L1: 85.35% | L2: 83.14% | L3: 79.05%
Validation Loss: 0.1995 
 Accuracy: 82.40% | L1: 85.84% | L2: 82.42% | L3: 78.93%
Epoch [6473/10000] Training Loss: 0.1912 Accuracy: 82.58% | L1: 85.56% | L2: 82.96% | L3: 79.23%
Epoch [6474/10000] Training Loss: 0.1899 Accuracy: 82.51% | L1: 85.28% | L2: 83.03% | L3: 79.22%
Validation Loss: 0.2008 
 Accuracy: 82.41% | L1: 85.94% | L2: 82.32% | L3: 78.97%
Epoch [6475/10000] Training Loss: 0.1907 Accuracy: 82.51% | L1: 85.42% | L2: 82.97% | L3: 79.15%
Epoch [6476/10000] Training Loss: 0.1911 Accuracy: 82.57% | L1: 85.52% | L2: 82.95% | L3: 79.24%
Validation Loss: 0.1997 
 Accuracy: 82.35% | L1: 85.95% | L2: 82.24% | L3: 78.85%
Epoch [6477/10000] Training Loss: 0.1900 Accuracy: 82.62% | L1: 85.57% | L2: 83.04% | L3: 79.26%
Epoch [6478/10000] Training Loss: 0.1899 Accuracy: 82.64% | L1: 85.58% | L2: 83.15% | L3: 79.21%
Validation Loss: 0.1994 
 Accuracy: 82.35% | L1: 85.70% | L2: 82.40% | L3: 78.95%
Epoch [6479/10000] Training Loss: 0.1900 Accuracy: 82.56% | L1: 85.41% | L2: 83.06% | L3: 79.20%
Epoch [6480/10000] Training Loss: 0.1913 Accuracy: 82.56% | L1: 85.51% | L2: 83.04% | L3: 79.14%
Validation Loss: 0.2014 
 Accuracy: 82.35% | L1: 85.72% | L2: 82.32% | L3: 79.02%
Epoch [6481/10000] Training Loss: 0.1896 Accuracy: 82.62% | L1: 85.45% | L2: 83.12% | L3: 79.28%
Epoch [6482/10000] Training Loss: 0.1906 Accuracy: 82.61% | L1: 85.39% | L2: 83.08% | L3: 79.35%
Validation Loss: 0.2015 
 Accuracy: 82.19% | L1: 85.56% | L2: 82.19% | L3: 78.81%
Epoch [6483/10000] Training Loss: 0.1907 Accuracy: 82.51% | L1: 85.36% | L2: 83.02% | L3: 79.16%
Epoch [6484/10000] Training Loss: 0.1899 Accuracy: 82.60% | L1: 85.29% | L2: 83.20% | L3: 79.32%
Validation Loss: 0.1993 
 Accuracy: 82.49% | L1: 85.73% | L2: 82.50% | L3: 79.24%
Epoch [6485/10000] Training Loss: 0.1902 Accuracy: 82.62% | L1: 85.52% | L2: 83.10% | L3: 79.25%
Epoch [6486/10000] Training Loss: 0.1894 Accuracy: 82.68% | L1: 85.42% | L2: 83.29% | L3: 79.32%
Validation Loss: 0.2019 
 Accuracy: 82.30% | L1: 85.76% | L2: 82.18% | L3: 78.95%
Epoch [6487/10000] Training Loss: 0.1898 Accuracy: 82.61% | L1: 85.44% | L2: 83.07% | L3: 79.33%
Epoch [6488/10000] Training Loss: 0.1894 Accuracy: 82.60% | L1: 85.40% | L2: 83.11% | L3: 79.28%
Validation Loss: 0.2015 
 Accuracy: 82.28% | L1: 85.77% | L2: 82.20% | L3: 78.88%
Epoch [6489/10000] Training Loss: 0.1896 Accuracy: 82.64% | L1: 85.39% | L2: 83.15% | L3: 79.37%
Epoch [6490/10000] Training Loss: 0.1890 Accuracy: 82.64% | L1: 85.38% | L2: 83.17% | L3: 79.38%
Validation Loss: 0.2007 
 Accuracy: 82.46% | L1: 85.61% | L2: 82.34% | L3: 79.44%
Epoch [6491/10000] Training Loss: 0.1894 Accuracy: 82.69% | L1: 85.57% | L2: 83.17% | L3: 79.33%
Epoch [6492/10000] Training Loss: 0.1878 Accuracy: 82.74% | L1: 85.29% | L2: 83.45% | L3: 79.47%
Validation Loss: 0.2041 
 Accuracy: 82.32% | L1: 85.85% | L2: 82.19% | L3: 78.90%
Epoch [6493/10000] Training Loss: 0.1881 Accuracy: 82.71% | L1: 85.38% | L2: 83.30% | L3: 79.46%
Epoch [6494/10000] Training Loss: 0.1891 Accuracy: 82.70% | L1: 85.47% | L2: 83.26% | L3: 79.37%
Validation Loss: 0.2002 
 Accuracy: 82.64% | L1: 86.09% | L2: 82.49% | L3: 79.35%
Epoch [6495/10000] Training Loss: 0.1886 Accuracy: 82.66% | L1: 85.33% | L2: 83.22% | L3: 79.43%
Epoch [6496/10000] Training Loss: 0.1888 Accuracy: 82.70% | L1: 85.41% | L2: 83.25% | L3: 79.45%
Validation Loss: 0.2007 
 Accuracy: 82.56% | L1: 86.08% | L2: 82.43% | L3: 79.18%
Epoch [6497/10000] Training Loss: 0.1875 Accuracy: 82.74% | L1: 85.43% | L2: 83.33% | L3: 79.46%
Epoch [6498/10000] Training Loss: 0.1879 Accuracy: 82.76% | L1: 85.42% | L2: 83.40% | L3: 79.46%
Validation Loss: 0.2013 
 Accuracy: 82.30% | L1: 85.74% | L2: 82.36% | L3: 78.80%
Epoch [6499/10000] Training Loss: 0.1879 Accuracy: 82.77% | L1: 85.52% | L2: 83.32% | L3: 79.48%
Epoch [6500/10000] Training Loss: 0.1877 Accuracy: 82.79% | L1: 85.45% | L2: 83.52% | L3: 79.39%
Checkpoint 'best_vit_model_every_100_epoch' saved at epoch 6500
Validation Loss: 0.2015 
 Accuracy: 82.53% | L1: 86.07% | L2: 82.32% | L3: 79.20%
Epoch [6501/10000] Training Loss: 0.1885 Accuracy: 82.83% | L1: 85.76% | L2: 83.33% | L3: 79.38%
Epoch [6502/10000] Training Loss: 0.1876 Accuracy: 82.76% | L1: 85.42% | L2: 83.38% | L3: 79.46%
Validation Loss: 0.2029 
 Accuracy: 82.33% | L1: 85.88% | L2: 82.34% | L3: 78.77%
Epoch [6503/10000] Training Loss: 0.1885 Accuracy: 82.77% | L1: 85.59% | L2: 83.17% | L3: 79.55%
Epoch [6504/10000] Training Loss: 0.1876 Accuracy: 82.82% | L1: 85.63% | L2: 83.21% | L3: 79.62%
Validation Loss: 0.1999 
 Accuracy: 82.54% | L1: 86.04% | L2: 82.52% | L3: 79.07%
Epoch [6505/10000] Training Loss: 0.1882 Accuracy: 82.81% | L1: 85.49% | L2: 83.36% | L3: 79.58%
Epoch [6506/10000] Training Loss: 0.1878 Accuracy: 82.81% | L1: 85.60% | L2: 83.38% | L3: 79.45%
Validation Loss: 0.2021 
 Accuracy: 82.41% | L1: 85.82% | L2: 82.34% | L3: 79.08%
Epoch [6507/10000] Training Loss: 0.1878 Accuracy: 82.78% | L1: 85.57% | L2: 83.34% | L3: 79.43%
Epoch [6508/10000] Training Loss: 0.1874 Accuracy: 82.82% | L1: 85.49% | L2: 83.39% | L3: 79.57%
Validation Loss: 0.2013 
 Accuracy: 82.40% | L1: 86.02% | L2: 82.28% | L3: 78.90%
Epoch [6509/10000] Training Loss: 0.1876 Accuracy: 82.85% | L1: 85.59% | L2: 83.44% | L3: 79.53%
Epoch [6510/10000] Training Loss: 0.1873 Accuracy: 82.81% | L1: 85.58% | L2: 83.34% | L3: 79.53%
Validation Loss: 0.2013 
 Accuracy: 82.30% | L1: 85.74% | L2: 82.34% | L3: 78.82%
Epoch [6511/10000] Training Loss: 0.1869 Accuracy: 82.81% | L1: 85.43% | L2: 83.35% | L3: 79.66%
Epoch [6512/10000] Training Loss: 0.1873 Accuracy: 82.75% | L1: 85.34% | L2: 83.39% | L3: 79.52%
Validation Loss: 0.2014 
 Accuracy: 82.36% | L1: 85.50% | L2: 82.39% | L3: 79.19%
Epoch [6513/10000] Training Loss: 0.1869 Accuracy: 82.92% | L1: 85.63% | L2: 83.54% | L3: 79.60%
Epoch [6514/10000] Training Loss: 0.1876 Accuracy: 82.81% | L1: 85.53% | L2: 83.33% | L3: 79.57%
Validation Loss: 0.2028 
 Accuracy: 82.35% | L1: 85.79% | L2: 82.23% | L3: 79.03%
Epoch [6515/10000] Training Loss: 0.1868 Accuracy: 82.85% | L1: 85.42% | L2: 83.50% | L3: 79.63%
Epoch [6516/10000] Training Loss: 0.1871 Accuracy: 82.84% | L1: 85.51% | L2: 83.32% | L3: 79.70%
Validation Loss: 0.2026 
 Accuracy: 82.30% | L1: 85.61% | L2: 82.20% | L3: 79.11%
Epoch [6517/10000] Training Loss: 0.1869 Accuracy: 82.84% | L1: 85.47% | L2: 83.55% | L3: 79.51%
Epoch [6518/10000] Training Loss: 0.1874 Accuracy: 82.80% | L1: 85.44% | L2: 83.44% | L3: 79.51%
Validation Loss: 0.2011 
 Accuracy: 82.42% | L1: 85.73% | L2: 82.42% | L3: 79.11%
Epoch [6519/10000] Training Loss: 0.1865 Accuracy: 82.87% | L1: 85.52% | L2: 83.48% | L3: 79.62%
Epoch [6520/10000] Training Loss: 0.1868 Accuracy: 82.87% | L1: 85.46% | L2: 83.57% | L3: 79.58%
Validation Loss: 0.2013 
 Accuracy: 82.41% | L1: 85.83% | L2: 82.44% | L3: 78.96%
Epoch [6521/10000] Training Loss: 0.1866 Accuracy: 82.89% | L1: 85.45% | L2: 83.58% | L3: 79.66%
Epoch [6522/10000] Training Loss: 0.1861 Accuracy: 82.88% | L1: 85.51% | L2: 83.47% | L3: 79.67%
Validation Loss: 0.2014 
 Accuracy: 82.50% | L1: 86.03% | L2: 82.39% | L3: 79.09%
Epoch [6523/10000] Training Loss: 0.1865 Accuracy: 82.92% | L1: 85.53% | L2: 83.59% | L3: 79.63%
Epoch [6524/10000] Training Loss: 0.1860 Accuracy: 82.80% | L1: 85.30% | L2: 83.51% | L3: 79.61%
Validation Loss: 0.2030 
 Accuracy: 82.27% | L1: 85.71% | L2: 82.20% | L3: 78.90%
Epoch [6525/10000] Training Loss: 0.1861 Accuracy: 82.88% | L1: 85.33% | L2: 83.59% | L3: 79.72%
Epoch [6526/10000] Training Loss: 0.1869 Accuracy: 82.99% | L1: 85.85% | L2: 83.47% | L3: 79.64%
Validation Loss: 0.2045 
 Accuracy: 82.28% | L1: 85.87% | L2: 82.16% | L3: 78.81%
Epoch [6527/10000] Training Loss: 0.1856 Accuracy: 82.95% | L1: 85.55% | L2: 83.53% | L3: 79.79%
Epoch [6528/10000] Training Loss: 0.1853 Accuracy: 82.90% | L1: 85.39% | L2: 83.61% | L3: 79.69%
Validation Loss: 0.2036 
 Accuracy: 82.47% | L1: 85.96% | L2: 82.24% | L3: 79.19%
Epoch [6529/10000] Training Loss: 0.1856 Accuracy: 82.93% | L1: 85.47% | L2: 83.61% | L3: 79.70%
Epoch [6530/10000] Training Loss: 0.1860 Accuracy: 82.88% | L1: 85.42% | L2: 83.44% | L3: 79.79%
Validation Loss: 0.2043 
 Accuracy: 82.40% | L1: 85.82% | L2: 82.28% | L3: 79.09%
Epoch [6531/10000] Training Loss: 0.1851 Accuracy: 82.94% | L1: 85.46% | L2: 83.68% | L3: 79.68%
Epoch [6532/10000] Training Loss: 0.1856 Accuracy: 82.96% | L1: 85.54% | L2: 83.64% | L3: 79.70%
Validation Loss: 0.2071 
 Accuracy: 81.98% | L1: 85.74% | L2: 81.89% | L3: 78.32%
Epoch [6533/10000] Training Loss: 0.1847 Accuracy: 82.94% | L1: 85.35% | L2: 83.61% | L3: 79.85%
Epoch [6534/10000] Training Loss: 0.1852 Accuracy: 82.96% | L1: 85.45% | L2: 83.64% | L3: 79.78%
Validation Loss: 0.2047 
 Accuracy: 82.16% | L1: 85.68% | L2: 82.06% | L3: 78.74%
Epoch [6535/10000] Training Loss: 0.1851 Accuracy: 82.95% | L1: 85.47% | L2: 83.58% | L3: 79.80%
Epoch [6536/10000] Training Loss: 0.1850 Accuracy: 82.91% | L1: 85.39% | L2: 83.60% | L3: 79.74%
Validation Loss: 0.2026 
 Accuracy: 82.37% | L1: 85.68% | L2: 82.40% | L3: 79.01%
Epoch [6537/10000] Training Loss: 0.1844 Accuracy: 83.03% | L1: 85.59% | L2: 83.72% | L3: 79.77%
Epoch [6538/10000] Training Loss: 0.1845 Accuracy: 83.03% | L1: 85.53% | L2: 83.64% | L3: 79.93%
Validation Loss: 0.2075 
 Accuracy: 82.05% | L1: 85.83% | L2: 81.99% | L3: 78.34%
Epoch [6539/10000] Training Loss: 0.1843 Accuracy: 82.95% | L1: 85.26% | L2: 83.68% | L3: 79.93%
Epoch [6540/10000] Training Loss: 0.1850 Accuracy: 82.93% | L1: 85.34% | L2: 83.71% | L3: 79.73%
Validation Loss: 0.2033 
 Accuracy: 82.48% | L1: 86.18% | L2: 82.23% | L3: 79.04%
Epoch [6541/10000] Training Loss: 0.1851 Accuracy: 82.92% | L1: 85.35% | L2: 83.58% | L3: 79.82%
Epoch [6542/10000] Training Loss: 0.1845 Accuracy: 82.97% | L1: 85.44% | L2: 83.67% | L3: 79.81%
Validation Loss: 0.2048 
 Accuracy: 82.19% | L1: 85.76% | L2: 82.16% | L3: 78.64%
Epoch [6543/10000] Training Loss: 0.1835 Accuracy: 83.02% | L1: 85.32% | L2: 83.88% | L3: 79.87%
Epoch [6544/10000] Training Loss: 0.1843 Accuracy: 83.08% | L1: 85.63% | L2: 83.74% | L3: 79.86%
Validation Loss: 0.2030 
 Accuracy: 82.32% | L1: 85.79% | L2: 82.21% | L3: 78.96%
Epoch [6545/10000] Training Loss: 0.1845 Accuracy: 83.08% | L1: 85.60% | L2: 83.72% | L3: 79.92%
Epoch [6546/10000] Training Loss: 0.1849 Accuracy: 83.07% | L1: 85.74% | L2: 83.68% | L3: 79.80%
Validation Loss: 0.2039 
 Accuracy: 82.27% | L1: 85.85% | L2: 82.22% | L3: 78.75%
Epoch [6547/10000] Training Loss: 0.1840 Accuracy: 83.02% | L1: 85.47% | L2: 83.76% | L3: 79.82%
Epoch [6548/10000] Training Loss: 0.1845 Accuracy: 83.09% | L1: 85.59% | L2: 83.76% | L3: 79.91%
Validation Loss: 0.2054 
 Accuracy: 82.12% | L1: 85.69% | L2: 82.05% | L3: 78.62%
Epoch [6549/10000] Training Loss: 0.1838 Accuracy: 83.11% | L1: 85.61% | L2: 83.86% | L3: 79.87%
Epoch [6550/10000] Training Loss: 0.1850 Accuracy: 83.09% | L1: 85.61% | L2: 83.79% | L3: 79.86%
Validation Loss: 0.2025 
 Accuracy: 82.49% | L1: 86.00% | L2: 82.43% | L3: 79.05%
Epoch [6551/10000] Training Loss: 0.1846 Accuracy: 83.06% | L1: 85.51% | L2: 83.76% | L3: 79.92%
Epoch [6552/10000] Training Loss: 0.1835 Accuracy: 83.11% | L1: 85.58% | L2: 83.76% | L3: 80.00%
Validation Loss: 0.2049 
 Accuracy: 82.06% | L1: 85.33% | L2: 82.16% | L3: 78.68%
Epoch [6553/10000] Training Loss: 0.1843 Accuracy: 83.03% | L1: 85.47% | L2: 83.81% | L3: 79.81%
Epoch [6554/10000] Training Loss: 0.1831 Accuracy: 83.16% | L1: 85.61% | L2: 83.93% | L3: 79.94%
Validation Loss: 0.2051 
 Accuracy: 82.36% | L1: 85.60% | L2: 82.26% | L3: 79.22%
Epoch [6555/10000] Training Loss: 0.1842 Accuracy: 83.02% | L1: 85.39% | L2: 83.76% | L3: 79.92%
Epoch [6556/10000] Training Loss: 0.1834 Accuracy: 83.06% | L1: 85.39% | L2: 83.78% | L3: 80.01%
Validation Loss: 0.2056 
 Accuracy: 82.30% | L1: 85.64% | L2: 82.13% | L3: 79.13%
Epoch [6557/10000] Training Loss: 0.1837 Accuracy: 83.10% | L1: 85.54% | L2: 83.91% | L3: 79.86%
Epoch [6558/10000] Training Loss: 0.1843 Accuracy: 83.06% | L1: 85.53% | L2: 83.73% | L3: 79.92%
Validation Loss: 0.2069 
 Accuracy: 82.21% | L1: 85.78% | L2: 82.02% | L3: 78.83%
Epoch [6559/10000] Training Loss: 0.1821 Accuracy: 83.14% | L1: 85.49% | L2: 83.94% | L3: 79.99%
Epoch [6560/10000] Training Loss: 0.1837 Accuracy: 83.08% | L1: 85.58% | L2: 83.80% | L3: 79.87%
Validation Loss: 0.2054 
 Accuracy: 82.13% | L1: 85.62% | L2: 82.12% | L3: 78.66%
Epoch [6561/10000] Training Loss: 0.1833 Accuracy: 83.12% | L1: 85.57% | L2: 83.83% | L3: 79.95%
Epoch [6562/10000] Training Loss: 0.1830 Accuracy: 83.12% | L1: 85.40% | L2: 83.93% | L3: 80.02%
Validation Loss: 0.2066 
 Accuracy: 82.25% | L1: 85.94% | L2: 82.09% | L3: 78.71%
Epoch [6563/10000] Training Loss: 0.1830 Accuracy: 83.09% | L1: 85.50% | L2: 83.85% | L3: 79.92%
Epoch [6564/10000] Training Loss: 0.1828 Accuracy: 83.14% | L1: 85.57% | L2: 83.85% | L3: 80.00%
Validation Loss: 0.2051 
 Accuracy: 82.29% | L1: 85.69% | L2: 82.23% | L3: 78.96%
Epoch [6565/10000] Training Loss: 0.1830 Accuracy: 83.18% | L1: 85.64% | L2: 83.81% | L3: 80.09%
Epoch [6566/10000] Training Loss: 0.1827 Accuracy: 83.06% | L1: 85.43% | L2: 83.81% | L3: 79.95%
Validation Loss: 0.2061 
 Accuracy: 82.18% | L1: 85.83% | L2: 81.99% | L3: 78.73%
Loading checkpoint from best_vit_model.pth...
DEBUG: No improvement for several epochs. Consider early stopping or adjusting training.
Changing training datasets...
Train indices changed: True
Epoch [6567/10000] Training Loss: 0.1930 Accuracy: 82.36% | L1: 85.42% | L2: 82.82% | L3: 78.84%
Epoch [6568/10000] Training Loss: 0.1926 Accuracy: 82.35% | L1: 85.38% | L2: 82.73% | L3: 78.95%
Validation Loss: 0.1991 
 Accuracy: 82.35% | L1: 85.77% | L2: 82.55% | L3: 78.74%
Checkpoint saved at epoch 6568
Epoch [6569/10000] Training Loss: 0.1924 Accuracy: 82.37% | L1: 85.31% | L2: 82.75% | L3: 79.04%
Epoch [6570/10000] Training Loss: 0.1921 Accuracy: 82.38% | L1: 85.28% | L2: 82.73% | L3: 79.14%
Validation Loss: 0.1996 
 Accuracy: 82.34% | L1: 85.89% | L2: 82.41% | L3: 78.70%
Epoch [6571/10000] Training Loss: 0.1914 Accuracy: 82.38% | L1: 85.29% | L2: 82.83% | L3: 79.02%
Epoch [6572/10000] Training Loss: 0.1908 Accuracy: 82.43% | L1: 85.34% | L2: 82.82% | L3: 79.13%
Validation Loss: 0.1988 
 Accuracy: 82.31% | L1: 85.75% | L2: 82.39% | L3: 78.80%
Checkpoint saved at epoch 6572
Epoch [6573/10000] Training Loss: 0.1916 Accuracy: 82.38% | L1: 85.31% | L2: 82.79% | L3: 79.05%
Epoch [6574/10000] Training Loss: 0.1915 Accuracy: 82.42% | L1: 85.27% | L2: 82.89% | L3: 79.12%
Validation Loss: 0.1986 
 Accuracy: 82.49% | L1: 85.79% | L2: 82.49% | L3: 79.18%
Checkpoint saved at epoch 6574
Epoch [6575/10000] Training Loss: 0.1900 Accuracy: 82.45% | L1: 85.27% | L2: 82.89% | L3: 79.20%
Epoch [6576/10000] Training Loss: 0.1906 Accuracy: 82.51% | L1: 85.36% | L2: 82.92% | L3: 79.24%
Validation Loss: 0.1981 
 Accuracy: 82.44% | L1: 85.72% | L2: 82.45% | L3: 79.17%
Checkpoint saved at epoch 6576
Epoch [6577/10000] Training Loss: 0.1911 Accuracy: 82.48% | L1: 85.39% | L2: 82.91% | L3: 79.15%
Epoch [6578/10000] Training Loss: 0.1895 Accuracy: 82.54% | L1: 85.26% | L2: 83.09% | L3: 79.26%
Validation Loss: 0.1994 
 Accuracy: 82.50% | L1: 85.89% | L2: 82.61% | L3: 78.99%
Epoch [6579/10000] Training Loss: 0.1898 Accuracy: 82.60% | L1: 85.53% | L2: 83.02% | L3: 79.26%
Epoch [6580/10000] Training Loss: 0.1899 Accuracy: 82.52% | L1: 85.36% | L2: 82.97% | L3: 79.22%
Validation Loss: 0.1996 
 Accuracy: 82.28% | L1: 85.40% | L2: 82.47% | L3: 78.97%
Epoch [6581/10000] Training Loss: 0.1898 Accuracy: 82.51% | L1: 85.32% | L2: 82.95% | L3: 79.28%
Epoch [6582/10000] Training Loss: 0.1896 Accuracy: 82.63% | L1: 85.54% | L2: 83.05% | L3: 79.31%
Validation Loss: 0.2005 
 Accuracy: 82.43% | L1: 86.07% | L2: 82.26% | L3: 78.95%
Epoch [6583/10000] Training Loss: 0.1891 Accuracy: 82.57% | L1: 85.37% | L2: 83.02% | L3: 79.33%
Epoch [6584/10000] Training Loss: 0.1884 Accuracy: 82.67% | L1: 85.52% | L2: 83.10% | L3: 79.39%
Validation Loss: 0.2010 
 Accuracy: 82.31% | L1: 85.81% | L2: 82.30% | L3: 78.83%
Epoch [6585/10000] Training Loss: 0.1898 Accuracy: 82.57% | L1: 85.35% | L2: 82.95% | L3: 79.40%
Epoch [6586/10000] Training Loss: 0.1888 Accuracy: 82.62% | L1: 85.49% | L2: 83.06% | L3: 79.29%
Validation Loss: 0.1998 
 Accuracy: 82.39% | L1: 85.83% | L2: 82.39% | L3: 78.97%
Epoch [6587/10000] Training Loss: 0.1889 Accuracy: 82.64% | L1: 85.42% | L2: 83.10% | L3: 79.40%
Epoch [6588/10000] Training Loss: 0.1884 Accuracy: 82.64% | L1: 85.40% | L2: 83.12% | L3: 79.39%
Validation Loss: 0.2013 
 Accuracy: 82.33% | L1: 86.11% | L2: 82.18% | L3: 78.69%
Epoch [6589/10000] Training Loss: 0.1892 Accuracy: 82.60% | L1: 85.39% | L2: 82.91% | L3: 79.48%
Epoch [6590/10000] Training Loss: 0.1887 Accuracy: 82.64% | L1: 85.47% | L2: 83.08% | L3: 79.38%
Validation Loss: 0.2007 
 Accuracy: 82.33% | L1: 85.82% | L2: 82.28% | L3: 78.90%
Epoch [6591/10000] Training Loss: 0.1885 Accuracy: 82.66% | L1: 85.44% | L2: 83.13% | L3: 79.42%
Epoch [6592/10000] Training Loss: 0.1887 Accuracy: 82.61% | L1: 85.35% | L2: 83.09% | L3: 79.39%
Validation Loss: 0.1988 
 Accuracy: 82.44% | L1: 85.64% | L2: 82.45% | L3: 79.22%
Epoch [6593/10000] Training Loss: 0.1886 Accuracy: 82.67% | L1: 85.39% | L2: 83.24% | L3: 79.39%
Epoch [6594/10000] Training Loss: 0.1882 Accuracy: 82.66% | L1: 85.38% | L2: 83.20% | L3: 79.39%
Validation Loss: 0.2011 
 Accuracy: 82.32% | L1: 85.65% | L2: 82.47% | L3: 78.85%
Epoch [6595/10000] Training Loss: 0.1888 Accuracy: 82.72% | L1: 85.54% | L2: 83.28% | L3: 79.35%
Epoch [6596/10000] Training Loss: 0.1884 Accuracy: 82.71% | L1: 85.49% | L2: 83.13% | L3: 79.51%
Validation Loss: 0.1991 
 Accuracy: 82.49% | L1: 85.75% | L2: 82.35% | L3: 79.39%
Epoch [6597/10000] Training Loss: 0.1874 Accuracy: 82.78% | L1: 85.57% | L2: 83.22% | L3: 79.55%
Epoch [6598/10000] Training Loss: 0.1869 Accuracy: 82.75% | L1: 85.33% | L2: 83.39% | L3: 79.52%
Validation Loss: 0.2016 
 Accuracy: 82.31% | L1: 85.82% | L2: 82.46% | L3: 78.65%
Epoch [6599/10000] Training Loss: 0.1874 Accuracy: 82.77% | L1: 85.58% | L2: 83.16% | L3: 79.57%
Epoch [6600/10000] Training Loss: 0.1876 Accuracy: 82.77% | L1: 85.47% | L2: 83.31% | L3: 79.52%
Checkpoint 'best_vit_model_every_100_epoch' saved at epoch 6600
Validation Loss: 0.2008 
 Accuracy: 82.37% | L1: 86.05% | L2: 82.20% | L3: 78.87%
Epoch [6601/10000] Training Loss: 0.1872 Accuracy: 82.73% | L1: 85.38% | L2: 83.37% | L3: 79.45%
Epoch [6602/10000] Training Loss: 0.1881 Accuracy: 82.77% | L1: 85.59% | L2: 83.26% | L3: 79.44%
Validation Loss: 0.2013 
 Accuracy: 82.34% | L1: 85.69% | L2: 82.42% | L3: 78.92%
Epoch [6603/10000] Training Loss: 0.1870 Accuracy: 82.79% | L1: 85.47% | L2: 83.36% | L3: 79.53%
Epoch [6604/10000] Training Loss: 0.1867 Accuracy: 82.73% | L1: 85.28% | L2: 83.32% | L3: 79.58%
Validation Loss: 0.2018 
 Accuracy: 82.36% | L1: 85.64% | L2: 82.19% | L3: 79.23%
Epoch [6605/10000] Training Loss: 0.1870 Accuracy: 82.76% | L1: 85.40% | L2: 83.28% | L3: 79.58%
Epoch [6606/10000] Training Loss: 0.1860 Accuracy: 82.75% | L1: 85.31% | L2: 83.25% | L3: 79.68%
Validation Loss: 0.2033 
 Accuracy: 82.29% | L1: 85.86% | L2: 82.32% | L3: 78.69%
Epoch [6607/10000] Training Loss: 0.1866 Accuracy: 82.74% | L1: 85.30% | L2: 83.28% | L3: 79.66%
Epoch [6608/10000] Training Loss: 0.1857 Accuracy: 82.92% | L1: 85.56% | L2: 83.51% | L3: 79.69%
Validation Loss: 0.2019 
 Accuracy: 82.41% | L1: 85.99% | L2: 82.35% | L3: 78.88%
Epoch [6609/10000] Training Loss: 0.1868 Accuracy: 82.74% | L1: 85.29% | L2: 83.34% | L3: 79.60%
Epoch [6610/10000] Training Loss: 0.1873 Accuracy: 82.76% | L1: 85.28% | L2: 83.39% | L3: 79.62%
Validation Loss: 0.2022 
 Accuracy: 82.30% | L1: 85.79% | L2: 82.18% | L3: 78.93%
Epoch [6611/10000] Training Loss: 0.1870 Accuracy: 82.78% | L1: 85.44% | L2: 83.33% | L3: 79.56%
Epoch [6612/10000] Training Loss: 0.1859 Accuracy: 82.85% | L1: 85.42% | L2: 83.48% | L3: 79.65%
Validation Loss: 0.2013 
 Accuracy: 82.46% | L1: 85.96% | L2: 82.31% | L3: 79.10%
Epoch [6613/10000] Training Loss: 0.1864 Accuracy: 82.81% | L1: 85.37% | L2: 83.44% | L3: 79.63%
Epoch [6614/10000] Training Loss: 0.1862 Accuracy: 82.78% | L1: 85.30% | L2: 83.45% | L3: 79.60%
Validation Loss: 0.2008 
 Accuracy: 82.42% | L1: 85.72% | L2: 82.34% | L3: 79.20%
Epoch [6615/10000] Training Loss: 0.1867 Accuracy: 82.81% | L1: 85.45% | L2: 83.28% | L3: 79.71%
Epoch [6616/10000] Training Loss: 0.1859 Accuracy: 82.87% | L1: 85.53% | L2: 83.33% | L3: 79.75%
Validation Loss: 0.2016 
 Accuracy: 82.34% | L1: 85.99% | L2: 82.40% | L3: 78.63%
Epoch [6617/10000] Training Loss: 0.1857 Accuracy: 82.73% | L1: 85.20% | L2: 83.38% | L3: 79.61%
Epoch [6618/10000] Training Loss: 0.1853 Accuracy: 82.82% | L1: 85.23% | L2: 83.53% | L3: 79.70%
Validation Loss: 0.2007 
 Accuracy: 82.35% | L1: 85.87% | L2: 82.47% | L3: 78.71%
Epoch [6619/10000] Training Loss: 0.1859 Accuracy: 82.88% | L1: 85.42% | L2: 83.44% | L3: 79.78%
Epoch [6620/10000] Training Loss: 0.1854 Accuracy: 82.89% | L1: 85.50% | L2: 83.35% | L3: 79.81%
Validation Loss: 0.2013 
 Accuracy: 82.35% | L1: 85.78% | L2: 82.38% | L3: 78.88%
Epoch [6621/10000] Training Loss: 0.1849 Accuracy: 82.96% | L1: 85.61% | L2: 83.44% | L3: 79.84%
Epoch [6622/10000] Training Loss: 0.1854 Accuracy: 82.86% | L1: 85.34% | L2: 83.50% | L3: 79.74%
Validation Loss: 0.2024 
 Accuracy: 82.29% | L1: 85.62% | L2: 82.38% | L3: 78.87%
Epoch [6623/10000] Training Loss: 0.1853 Accuracy: 82.98% | L1: 85.61% | L2: 83.44% | L3: 79.89%
Epoch [6624/10000] Training Loss: 0.1856 Accuracy: 82.84% | L1: 85.44% | L2: 83.32% | L3: 79.76%
Validation Loss: 0.2028 
 Accuracy: 82.39% | L1: 85.81% | L2: 82.33% | L3: 79.04%
Epoch [6625/10000] Training Loss: 0.1847 Accuracy: 82.96% | L1: 85.47% | L2: 83.54% | L3: 79.88%
Epoch [6626/10000] Training Loss: 0.1847 Accuracy: 82.88% | L1: 85.33% | L2: 83.52% | L3: 79.78%
Validation Loss: 0.2017 
 Accuracy: 82.57% | L1: 85.97% | L2: 82.50% | L3: 79.24%
Epoch [6627/10000] Training Loss: 0.1846 Accuracy: 82.99% | L1: 85.64% | L2: 83.51% | L3: 79.82%
Epoch [6628/10000] Training Loss: 0.1856 Accuracy: 82.88% | L1: 85.41% | L2: 83.40% | L3: 79.82%
Validation Loss: 0.2021 
 Accuracy: 82.31% | L1: 85.76% | L2: 82.29% | L3: 78.86%
Epoch [6629/10000] Training Loss: 0.1849 Accuracy: 82.88% | L1: 85.33% | L2: 83.51% | L3: 79.81%
Epoch [6630/10000] Training Loss: 0.1842 Accuracy: 82.98% | L1: 85.49% | L2: 83.60% | L3: 79.87%
Validation Loss: 0.2020 
 Accuracy: 82.33% | L1: 85.64% | L2: 82.32% | L3: 79.03%
Epoch [6631/10000] Training Loss: 0.1852 Accuracy: 82.92% | L1: 85.40% | L2: 83.56% | L3: 79.81%
Epoch [6632/10000] Training Loss: 0.1845 Accuracy: 82.91% | L1: 85.22% | L2: 83.64% | L3: 79.88%
Validation Loss: 0.2047 
 Accuracy: 82.16% | L1: 85.45% | L2: 82.17% | L3: 78.88%
Epoch [6633/10000] Training Loss: 0.1854 Accuracy: 82.89% | L1: 85.47% | L2: 83.50% | L3: 79.71%
Epoch [6634/10000] Training Loss: 0.1848 Accuracy: 83.00% | L1: 85.60% | L2: 83.54% | L3: 79.85%
Validation Loss: 0.2036 
 Accuracy: 82.29% | L1: 85.80% | L2: 82.21% | L3: 78.87%
Epoch [6635/10000] Training Loss: 0.1848 Accuracy: 82.92% | L1: 85.42% | L2: 83.54% | L3: 79.80%
Epoch [6636/10000] Training Loss: 0.1848 Accuracy: 82.89% | L1: 85.33% | L2: 83.57% | L3: 79.76%
Validation Loss: 0.2043 
 Accuracy: 82.16% | L1: 85.77% | L2: 82.07% | L3: 78.63%
Epoch [6637/10000] Training Loss: 0.1839 Accuracy: 83.06% | L1: 85.57% | L2: 83.68% | L3: 79.94%
Epoch [6638/10000] Training Loss: 0.1836 Accuracy: 83.00% | L1: 85.41% | L2: 83.58% | L3: 80.00%
Validation Loss: 0.2011 
 Accuracy: 82.36% | L1: 85.70% | L2: 82.43% | L3: 78.96%
Epoch [6639/10000] Training Loss: 0.1847 Accuracy: 82.90% | L1: 85.41% | L2: 83.48% | L3: 79.80%
Epoch [6640/10000] Training Loss: 0.1840 Accuracy: 83.01% | L1: 85.51% | L2: 83.54% | L3: 80.00%
Validation Loss: 0.2033 
 Accuracy: 82.26% | L1: 85.87% | L2: 82.16% | L3: 78.75%
Epoch [6641/10000] Training Loss: 0.1841 Accuracy: 82.92% | L1: 85.33% | L2: 83.52% | L3: 79.91%
Epoch [6642/10000] Training Loss: 0.1843 Accuracy: 82.92% | L1: 85.33% | L2: 83.70% | L3: 79.74%
Validation Loss: 0.2040 
 Accuracy: 82.17% | L1: 85.48% | L2: 82.15% | L3: 78.87%
Epoch [6643/10000] Training Loss: 0.1837 Accuracy: 83.01% | L1: 85.49% | L2: 83.67% | L3: 79.88%
Epoch [6644/10000] Training Loss: 0.1838 Accuracy: 83.01% | L1: 85.55% | L2: 83.60% | L3: 79.87%
Validation Loss: 0.2081 
 Accuracy: 82.00% | L1: 85.97% | L2: 81.90% | L3: 78.13%
Epoch [6645/10000] Training Loss: 0.1829 Accuracy: 83.05% | L1: 85.36% | L2: 83.76% | L3: 80.03%
Epoch [6646/10000] Training Loss: 0.1840 Accuracy: 82.99% | L1: 85.50% | L2: 83.58% | L3: 79.89%
Validation Loss: 0.2046 
 Accuracy: 82.30% | L1: 85.81% | L2: 82.09% | L3: 78.98%
Epoch [6647/10000] Training Loss: 0.1837 Accuracy: 83.01% | L1: 85.50% | L2: 83.56% | L3: 79.98%
Epoch [6648/10000] Training Loss: 0.1836 Accuracy: 82.97% | L1: 85.36% | L2: 83.65% | L3: 79.91%
Validation Loss: 0.2037 
 Accuracy: 82.22% | L1: 85.45% | L2: 82.33% | L3: 78.89%
Epoch [6649/10000] Training Loss: 0.1840 Accuracy: 82.98% | L1: 85.45% | L2: 83.59% | L3: 79.91%
Epoch [6650/10000] Training Loss: 0.1844 Accuracy: 82.95% | L1: 85.39% | L2: 83.69% | L3: 79.78%
Validation Loss: 0.2058 
 Accuracy: 82.10% | L1: 85.84% | L2: 81.95% | L3: 78.51%
Epoch [6651/10000] Training Loss: 0.1835 Accuracy: 83.02% | L1: 85.31% | L2: 83.70% | L3: 80.04%
Epoch [6652/10000] Training Loss: 0.1831 Accuracy: 83.01% | L1: 85.43% | L2: 83.61% | L3: 79.97%
Validation Loss: 0.2031 
 Accuracy: 82.46% | L1: 85.94% | L2: 82.29% | L3: 79.16%
Epoch [6653/10000] Training Loss: 0.1831 Accuracy: 83.06% | L1: 85.47% | L2: 83.82% | L3: 79.89%
Epoch [6654/10000] Training Loss: 0.1829 Accuracy: 83.03% | L1: 85.37% | L2: 83.76% | L3: 79.97%
Validation Loss: 0.2041 
 Accuracy: 82.23% | L1: 85.77% | L2: 82.03% | L3: 78.88%
Epoch [6655/10000] Training Loss: 0.1826 Accuracy: 83.09% | L1: 85.45% | L2: 83.81% | L3: 80.00%
Epoch [6656/10000] Training Loss: 0.1830 Accuracy: 83.00% | L1: 85.30% | L2: 83.63% | L3: 80.06%
Validation Loss: 0.2043 
 Accuracy: 82.31% | L1: 86.01% | L2: 82.30% | L3: 78.63%
Epoch [6657/10000] Training Loss: 0.1825 Accuracy: 83.08% | L1: 85.46% | L2: 83.80% | L3: 80.00%
Epoch [6658/10000] Training Loss: 0.1824 Accuracy: 83.04% | L1: 85.33% | L2: 83.75% | L3: 80.05%
Validation Loss: 0.2043 
 Accuracy: 82.21% | L1: 85.78% | L2: 82.05% | L3: 78.78%
Epoch [6659/10000] Training Loss: 0.1828 Accuracy: 83.09% | L1: 85.42% | L2: 83.76% | L3: 80.09%
Epoch [6660/10000] Training Loss: 0.1826 Accuracy: 83.00% | L1: 85.25% | L2: 83.72% | L3: 80.04%
Validation Loss: 0.2040 
 Accuracy: 82.12% | L1: 85.58% | L2: 82.25% | L3: 78.52%
Epoch [6661/10000] Training Loss: 0.1826 Accuracy: 83.03% | L1: 85.45% | L2: 83.68% | L3: 79.95%
Epoch [6662/10000] Training Loss: 0.1820 Accuracy: 83.15% | L1: 85.53% | L2: 83.85% | L3: 80.06%
Validation Loss: 0.2081 
 Accuracy: 82.13% | L1: 85.79% | L2: 82.02% | L3: 78.57%
Epoch [6663/10000] Training Loss: 0.1817 Accuracy: 83.13% | L1: 85.60% | L2: 83.76% | L3: 80.02%
Epoch [6664/10000] Training Loss: 0.1820 Accuracy: 83.12% | L1: 85.43% | L2: 83.89% | L3: 80.03%
Validation Loss: 0.2040 
 Accuracy: 82.19% | L1: 85.79% | L2: 82.08% | L3: 78.71%
Epoch [6665/10000] Training Loss: 0.1819 Accuracy: 83.12% | L1: 85.53% | L2: 83.75% | L3: 80.08%
Epoch [6666/10000] Training Loss: 0.1827 Accuracy: 83.08% | L1: 85.34% | L2: 83.79% | L3: 80.10%
Validation Loss: 0.2067 
 Accuracy: 82.16% | L1: 85.92% | L2: 82.05% | L3: 78.52%
Epoch [6667/10000] Training Loss: 0.1820 Accuracy: 83.14% | L1: 85.52% | L2: 83.80% | L3: 80.09%
Epoch [6668/10000] Training Loss: 0.1820 Accuracy: 83.16% | L1: 85.52% | L2: 83.90% | L3: 80.07%
Validation Loss: 0.2083 
 Accuracy: 82.05% | L1: 85.86% | L2: 81.91% | L3: 78.39%
Epoch [6669/10000] Training Loss: 0.1816 Accuracy: 83.14% | L1: 85.51% | L2: 83.84% | L3: 80.08%
Epoch [6670/10000] Training Loss: 0.1819 Accuracy: 83.13% | L1: 85.52% | L2: 83.66% | L3: 80.22%
Validation Loss: 0.2061 
 Accuracy: 82.19% | L1: 85.79% | L2: 82.10% | L3: 78.69%
Epoch [6671/10000] Training Loss: 0.1817 Accuracy: 83.16% | L1: 85.38% | L2: 83.88% | L3: 80.22%
Epoch [6672/10000] Training Loss: 0.1817 Accuracy: 83.18% | L1: 85.42% | L2: 83.89% | L3: 80.22%
Validation Loss: 0.2069 
 Accuracy: 82.19% | L1: 86.04% | L2: 82.08% | L3: 78.44%
Epoch [6673/10000] Training Loss: 0.1818 Accuracy: 83.12% | L1: 85.43% | L2: 83.86% | L3: 80.08%
Epoch [6674/10000] Training Loss: 0.1809 Accuracy: 83.19% | L1: 85.35% | L2: 83.99% | L3: 80.23%
Validation Loss: 0.2057 
 Accuracy: 82.30% | L1: 85.92% | L2: 82.23% | L3: 78.76%
Epoch [6675/10000] Training Loss: 0.1818 Accuracy: 83.11% | L1: 85.46% | L2: 83.75% | L3: 80.11%
Epoch [6676/10000] Training Loss: 0.1813 Accuracy: 83.18% | L1: 85.40% | L2: 83.99% | L3: 80.15%
Validation Loss: 0.2054 
 Accuracy: 82.22% | L1: 85.81% | L2: 82.09% | L3: 78.77%
Loading checkpoint from best_vit_model.pth...
DEBUG: No improvement for several epochs. Consider early stopping or adjusting training.
Changing training datasets...
Train indices changed: True
Epoch [6677/10000] Training Loss: 0.1921 Accuracy: 82.37% | L1: 85.41% | L2: 82.83% | L3: 78.86%
Epoch [6678/10000] Training Loss: 0.1917 Accuracy: 82.31% | L1: 85.17% | L2: 82.75% | L3: 79.01%
Validation Loss: 0.2003 
 Accuracy: 82.33% | L1: 85.83% | L2: 82.43% | L3: 78.73%
Checkpoint saved at epoch 6678
Epoch [6679/10000] Training Loss: 0.1917 Accuracy: 82.39% | L1: 85.39% | L2: 82.81% | L3: 78.97%
Epoch [6680/10000] Training Loss: 0.1919 Accuracy: 82.37% | L1: 85.39% | L2: 82.68% | L3: 79.03%
Validation Loss: 0.1978 
 Accuracy: 82.41% | L1: 85.74% | L2: 82.48% | L3: 79.01%
Checkpoint saved at epoch 6680
Epoch [6681/10000] Training Loss: 0.1905 Accuracy: 82.45% | L1: 85.33% | L2: 83.00% | L3: 79.03%
Epoch [6682/10000] Training Loss: 0.1907 Accuracy: 82.44% | L1: 85.33% | L2: 82.85% | L3: 79.13%
Validation Loss: 0.1983 
 Accuracy: 82.56% | L1: 85.81% | L2: 82.53% | L3: 79.33%
Epoch [6683/10000] Training Loss: 0.1909 Accuracy: 82.33% | L1: 85.11% | L2: 82.81% | L3: 79.05%
Epoch [6684/10000] Training Loss: 0.1900 Accuracy: 82.45% | L1: 85.25% | L2: 82.86% | L3: 79.23%
Validation Loss: 0.2001 
 Accuracy: 82.38% | L1: 85.86% | L2: 82.39% | L3: 78.89%
Epoch [6685/10000] Training Loss: 0.1907 Accuracy: 82.47% | L1: 85.38% | L2: 82.95% | L3: 79.09%
Epoch [6686/10000] Training Loss: 0.1890 Accuracy: 82.54% | L1: 85.19% | L2: 83.13% | L3: 79.31%
Validation Loss: 0.1988 
 Accuracy: 82.50% | L1: 85.78% | L2: 82.41% | L3: 79.30%
Epoch [6687/10000] Training Loss: 0.1898 Accuracy: 82.47% | L1: 85.20% | L2: 83.11% | L3: 79.10%
Epoch [6688/10000] Training Loss: 0.1881 Accuracy: 82.62% | L1: 85.36% | L2: 83.07% | L3: 79.43%
Validation Loss: 0.1994 
 Accuracy: 82.50% | L1: 85.84% | L2: 82.46% | L3: 79.21%
Epoch [6689/10000] Training Loss: 0.1897 Accuracy: 82.48% | L1: 85.16% | L2: 83.01% | L3: 79.27%
Epoch [6690/10000] Training Loss: 0.1895 Accuracy: 82.51% | L1: 85.20% | L2: 82.95% | L3: 79.39%
Validation Loss: 0.1997 
 Accuracy: 82.38% | L1: 85.77% | L2: 82.42% | L3: 78.96%
Epoch [6691/10000] Training Loss: 0.1885 Accuracy: 82.57% | L1: 85.31% | L2: 83.08% | L3: 79.31%
Epoch [6692/10000] Training Loss: 0.1890 Accuracy: 82.62% | L1: 85.45% | L2: 83.14% | L3: 79.27%
Validation Loss: 0.1994 
 Accuracy: 82.44% | L1: 85.72% | L2: 82.52% | L3: 79.08%
Epoch [6693/10000] Training Loss: 0.1889 Accuracy: 82.58% | L1: 85.39% | L2: 83.10% | L3: 79.26%
Epoch [6694/10000] Training Loss: 0.1895 Accuracy: 82.54% | L1: 85.32% | L2: 83.06% | L3: 79.25%
Validation Loss: 0.1994 
 Accuracy: 82.32% | L1: 85.83% | L2: 82.39% | L3: 78.73%
Epoch [6695/10000] Training Loss: 0.1880 Accuracy: 82.65% | L1: 85.40% | L2: 83.17% | L3: 79.40%
Epoch [6696/10000] Training Loss: 0.1884 Accuracy: 82.65% | L1: 85.50% | L2: 83.15% | L3: 79.30%
Validation Loss: 0.2002 
 Accuracy: 82.22% | L1: 85.77% | L2: 82.20% | L3: 78.68%
Epoch [6697/10000] Training Loss: 0.1886 Accuracy: 82.61% | L1: 85.23% | L2: 83.16% | L3: 79.43%
Epoch [6698/10000] Training Loss: 0.1877 Accuracy: 82.54% | L1: 85.09% | L2: 83.16% | L3: 79.38%
Validation Loss: 0.2033 
 Accuracy: 82.16% | L1: 85.73% | L2: 82.15% | L3: 78.61%
Epoch [6699/10000] Training Loss: 0.1886 Accuracy: 82.59% | L1: 85.26% | L2: 83.01% | L3: 79.50%
Epoch [6700/10000] Training Loss: 0.1878 Accuracy: 82.66% | L1: 85.38% | L2: 83.17% | L3: 79.43%
Checkpoint 'best_vit_model_every_100_epoch' saved at epoch 6700
Validation Loss: 0.2005 
 Accuracy: 82.30% | L1: 86.01% | L2: 82.04% | L3: 78.85%
Epoch [6701/10000] Training Loss: 0.1878 Accuracy: 82.66% | L1: 85.39% | L2: 83.10% | L3: 79.49%
Epoch [6702/10000] Training Loss: 0.1871 Accuracy: 82.63% | L1: 85.22% | L2: 83.14% | L3: 79.52%
Validation Loss: 0.1997 
 Accuracy: 82.42% | L1: 85.93% | L2: 82.48% | L3: 78.84%
Epoch [6703/10000] Training Loss: 0.1877 Accuracy: 82.64% | L1: 85.18% | L2: 83.36% | L3: 79.38%
Epoch [6704/10000] Training Loss: 0.1874 Accuracy: 82.64% | L1: 85.25% | L2: 83.31% | L3: 79.37%
Validation Loss: 0.2014 
 Accuracy: 82.35% | L1: 85.91% | L2: 82.36% | L3: 78.77%
Epoch [6705/10000] Training Loss: 0.1877 Accuracy: 82.66% | L1: 85.29% | L2: 83.22% | L3: 79.48%
Epoch [6706/10000] Training Loss: 0.1876 Accuracy: 82.71% | L1: 85.35% | L2: 83.29% | L3: 79.51%
Validation Loss: 0.1995 
 Accuracy: 82.41% | L1: 85.84% | L2: 82.50% | L3: 78.89%
Epoch [6707/10000] Training Loss: 0.1876 Accuracy: 82.67% | L1: 85.35% | L2: 83.24% | L3: 79.40%
Epoch [6708/10000] Training Loss: 0.1868 Accuracy: 82.65% | L1: 85.15% | L2: 83.19% | L3: 79.62%
Validation Loss: 0.2022 
 Accuracy: 82.24% | L1: 85.81% | L2: 82.27% | L3: 78.63%
Epoch [6709/10000] Training Loss: 0.1864 Accuracy: 82.74% | L1: 85.31% | L2: 83.18% | L3: 79.72%
Epoch [6710/10000] Training Loss: 0.1861 Accuracy: 82.75% | L1: 85.29% | L2: 83.34% | L3: 79.62%
Validation Loss: 0.2011 
 Accuracy: 82.32% | L1: 85.56% | L2: 82.26% | L3: 79.12%
Epoch [6711/10000] Training Loss: 0.1874 Accuracy: 82.68% | L1: 85.22% | L2: 83.32% | L3: 79.49%
Epoch [6712/10000] Training Loss: 0.1859 Accuracy: 82.77% | L1: 85.20% | L2: 83.41% | L3: 79.69%
Validation Loss: 0.2010 
 Accuracy: 82.42% | L1: 85.76% | L2: 82.41% | L3: 79.09%
Epoch [6713/10000] Training Loss: 0.1875 Accuracy: 82.70% | L1: 85.45% | L2: 83.28% | L3: 79.36%
Epoch [6714/10000] Training Loss: 0.1864 Accuracy: 82.73% | L1: 85.38% | L2: 83.24% | L3: 79.58%
Validation Loss: 0.1989 
 Accuracy: 82.46% | L1: 85.97% | L2: 82.39% | L3: 79.03%
Epoch [6715/10000] Training Loss: 0.1867 Accuracy: 82.75% | L1: 85.35% | L2: 83.29% | L3: 79.60%
Epoch [6716/10000] Training Loss: 0.1866 Accuracy: 82.71% | L1: 85.27% | L2: 83.30% | L3: 79.56%
Validation Loss: 0.2023 
 Accuracy: 82.38% | L1: 85.85% | L2: 82.15% | L3: 79.13%
Epoch [6717/10000] Training Loss: 0.1862 Accuracy: 82.76% | L1: 85.31% | L2: 83.31% | L3: 79.65%
Epoch [6718/10000] Training Loss: 0.1862 Accuracy: 82.76% | L1: 85.26% | L2: 83.33% | L3: 79.68%
Validation Loss: 0.2021 
 Accuracy: 82.25% | L1: 85.76% | L2: 82.20% | L3: 78.81%
Epoch [6719/10000] Training Loss: 0.1859 Accuracy: 82.69% | L1: 85.20% | L2: 83.30% | L3: 79.58%
Epoch [6720/10000] Training Loss: 0.1862 Accuracy: 82.77% | L1: 85.31% | L2: 83.47% | L3: 79.52%
Validation Loss: 0.2027 
 Accuracy: 82.22% | L1: 86.03% | L2: 82.13% | L3: 78.50%
Epoch [6721/10000] Training Loss: 0.1861 Accuracy: 82.76% | L1: 85.34% | L2: 83.38% | L3: 79.55%
Epoch [6722/10000] Training Loss: 0.1856 Accuracy: 82.76% | L1: 85.26% | L2: 83.41% | L3: 79.63%
Validation Loss: 0.2026 
 Accuracy: 82.30% | L1: 85.91% | L2: 82.26% | L3: 78.73%
Epoch [6723/10000] Training Loss: 0.1869 Accuracy: 82.70% | L1: 85.15% | L2: 83.35% | L3: 79.60%
Epoch [6724/10000] Training Loss: 0.1862 Accuracy: 82.75% | L1: 85.32% | L2: 83.26% | L3: 79.67%
Validation Loss: 0.2025 
 Accuracy: 82.33% | L1: 86.07% | L2: 82.27% | L3: 78.65%
Epoch [6725/10000] Training Loss: 0.1855 Accuracy: 82.86% | L1: 85.42% | L2: 83.38% | L3: 79.79%
Epoch [6726/10000] Training Loss: 0.1859 Accuracy: 82.77% | L1: 85.27% | L2: 83.40% | L3: 79.64%
Validation Loss: 0.2024 
 Accuracy: 82.30% | L1: 85.85% | L2: 82.27% | L3: 78.80%
Epoch [6727/10000] Training Loss: 0.1849 Accuracy: 82.85% | L1: 85.25% | L2: 83.53% | L3: 79.78%
Epoch [6728/10000] Training Loss: 0.1859 Accuracy: 82.85% | L1: 85.48% | L2: 83.45% | L3: 79.62%
Validation Loss: 0.2032 
 Accuracy: 82.31% | L1: 85.79% | L2: 82.14% | L3: 78.99%
Epoch [6729/10000] Training Loss: 0.1847 Accuracy: 82.79% | L1: 85.12% | L2: 83.48% | L3: 79.78%
Epoch [6730/10000] Training Loss: 0.1856 Accuracy: 82.79% | L1: 85.26% | L2: 83.45% | L3: 79.65%
Validation Loss: 0.2037 
 Accuracy: 82.14% | L1: 85.58% | L2: 82.06% | L3: 78.79%
Epoch [6731/10000] Training Loss: 0.1845 Accuracy: 82.84% | L1: 85.24% | L2: 83.53% | L3: 79.75%
Epoch [6732/10000] Training Loss: 0.1853 Accuracy: 82.81% | L1: 85.29% | L2: 83.43% | L3: 79.71%
Validation Loss: 0.2036 
 Accuracy: 82.16% | L1: 85.67% | L2: 82.17% | L3: 78.64%
Epoch [6733/10000] Training Loss: 0.1847 Accuracy: 82.84% | L1: 85.34% | L2: 83.58% | L3: 79.61%
Epoch [6734/10000] Training Loss: 0.1846 Accuracy: 82.87% | L1: 85.32% | L2: 83.55% | L3: 79.74%
Validation Loss: 0.2009 
 Accuracy: 82.32% | L1: 85.92% | L2: 82.33% | L3: 78.70%
Epoch [6735/10000] Training Loss: 0.1851 Accuracy: 82.81% | L1: 85.19% | L2: 83.55% | L3: 79.69%
Epoch [6736/10000] Training Loss: 0.1845 Accuracy: 82.85% | L1: 85.21% | L2: 83.54% | L3: 79.79%
Validation Loss: 0.2023 
 Accuracy: 82.43% | L1: 86.10% | L2: 82.22% | L3: 78.96%
Epoch [6737/10000] Training Loss: 0.1847 Accuracy: 82.94% | L1: 85.45% | L2: 83.59% | L3: 79.77%
Epoch [6738/10000] Training Loss: 0.1842 Accuracy: 82.92% | L1: 85.36% | L2: 83.57% | L3: 79.84%
Validation Loss: 0.2020 
 Accuracy: 82.32% | L1: 85.74% | L2: 82.29% | L3: 78.93%
Epoch [6739/10000] Training Loss: 0.1846 Accuracy: 82.89% | L1: 85.43% | L2: 83.47% | L3: 79.78%
Epoch [6740/10000] Training Loss: 0.1846 Accuracy: 82.92% | L1: 85.41% | L2: 83.59% | L3: 79.75%
Validation Loss: 0.2014 
 Accuracy: 82.62% | L1: 86.09% | L2: 82.51% | L3: 79.26%
Epoch [6741/10000] Training Loss: 0.1837 Accuracy: 82.96% | L1: 85.42% | L2: 83.72% | L3: 79.74%
Epoch [6742/10000] Training Loss: 0.1843 Accuracy: 82.88% | L1: 85.34% | L2: 83.47% | L3: 79.84%
Validation Loss: 0.2030 
 Accuracy: 82.28% | L1: 85.97% | L2: 82.15% | L3: 78.74%
Epoch [6743/10000] Training Loss: 0.1843 Accuracy: 82.92% | L1: 85.48% | L2: 83.45% | L3: 79.83%
Epoch [6744/10000] Training Loss: 0.1834 Accuracy: 82.98% | L1: 85.38% | L2: 83.71% | L3: 79.85%
Validation Loss: 0.2062 
 Accuracy: 82.17% | L1: 85.75% | L2: 82.15% | L3: 78.61%
Epoch [6745/10000] Training Loss: 0.1837 Accuracy: 82.98% | L1: 85.50% | L2: 83.53% | L3: 79.90%
Epoch [6746/10000] Training Loss: 0.1844 Accuracy: 82.98% | L1: 85.37% | L2: 83.68% | L3: 79.90%
Validation Loss: 0.2025 
 Accuracy: 82.47% | L1: 85.89% | L2: 82.27% | L3: 79.25%
Epoch [6747/10000] Training Loss: 0.1841 Accuracy: 82.99% | L1: 85.54% | L2: 83.68% | L3: 79.76%
Epoch [6748/10000] Training Loss: 0.1837 Accuracy: 82.97% | L1: 85.36% | L2: 83.73% | L3: 79.84%
Validation Loss: 0.2030 
 Accuracy: 82.28% | L1: 86.07% | L2: 82.39% | L3: 78.36%
Epoch [6749/10000] Training Loss: 0.1836 Accuracy: 82.97% | L1: 85.46% | L2: 83.51% | L3: 79.94%
Epoch [6750/10000] Training Loss: 0.1831 Accuracy: 82.95% | L1: 85.26% | L2: 83.61% | L3: 79.99%
Validation Loss: 0.2050 
 Accuracy: 82.30% | L1: 85.90% | L2: 82.17% | L3: 78.82%
Epoch [6751/10000] Training Loss: 0.1837 Accuracy: 82.92% | L1: 85.29% | L2: 83.61% | L3: 79.87%
Epoch [6752/10000] Training Loss: 0.1831 Accuracy: 82.97% | L1: 85.36% | L2: 83.62% | L3: 79.94%
Validation Loss: 0.2054 
 Accuracy: 82.22% | L1: 85.83% | L2: 82.17% | L3: 78.67%
Epoch [6753/10000] Training Loss: 0.1838 Accuracy: 82.99% | L1: 85.50% | L2: 83.62% | L3: 79.85%
Epoch [6754/10000] Training Loss: 0.1838 Accuracy: 82.98% | L1: 85.34% | L2: 83.68% | L3: 79.91%
Validation Loss: 0.2027 
 Accuracy: 82.23% | L1: 85.16% | L2: 82.29% | L3: 79.25%
Epoch [6755/10000] Training Loss: 0.1825 Accuracy: 83.00% | L1: 85.35% | L2: 83.68% | L3: 79.96%
Epoch [6756/10000] Training Loss: 0.1830 Accuracy: 82.97% | L1: 85.39% | L2: 83.61% | L3: 79.89%
Validation Loss: 0.2071 
 Accuracy: 82.18% | L1: 86.00% | L2: 82.08% | L3: 78.46%
Epoch [6757/10000] Training Loss: 0.1826 Accuracy: 82.98% | L1: 85.36% | L2: 83.73% | L3: 79.84%
Epoch [6758/10000] Training Loss: 0.1832 Accuracy: 83.03% | L1: 85.41% | L2: 83.79% | L3: 79.88%
Validation Loss: 0.2036 
 Accuracy: 82.31% | L1: 85.87% | L2: 82.13% | L3: 78.94%
Epoch [6759/10000] Training Loss: 0.1826 Accuracy: 82.93% | L1: 85.24% | L2: 83.69% | L3: 79.88%
Epoch [6760/10000] Training Loss: 0.1824 Accuracy: 83.00% | L1: 85.28% | L2: 83.69% | L3: 80.03%
Validation Loss: 0.2047 
 Accuracy: 82.23% | L1: 85.76% | L2: 82.19% | L3: 78.72%
Epoch [6761/10000] Training Loss: 0.1823 Accuracy: 83.05% | L1: 85.39% | L2: 83.71% | L3: 80.05%
Epoch [6762/10000] Training Loss: 0.1824 Accuracy: 83.04% | L1: 85.47% | L2: 83.75% | L3: 79.91%
Validation Loss: 0.2045 
 Accuracy: 82.30% | L1: 85.74% | L2: 82.23% | L3: 78.92%
Epoch [6763/10000] Training Loss: 0.1826 Accuracy: 82.95% | L1: 85.14% | L2: 83.71% | L3: 79.99%
Epoch [6764/10000] Training Loss: 0.1821 Accuracy: 83.01% | L1: 85.39% | L2: 83.77% | L3: 79.88%
Validation Loss: 0.2056 
 Accuracy: 82.20% | L1: 85.70% | L2: 82.04% | L3: 78.85%
Epoch [6765/10000] Training Loss: 0.1825 Accuracy: 82.99% | L1: 85.26% | L2: 83.71% | L3: 79.99%
Epoch [6766/10000] Training Loss: 0.1823 Accuracy: 83.05% | L1: 85.18% | L2: 83.89% | L3: 80.08%
Validation Loss: 0.2072 
 Accuracy: 82.10% | L1: 85.94% | L2: 81.99% | L3: 78.37%
Epoch [6767/10000] Training Loss: 0.1829 Accuracy: 83.02% | L1: 85.39% | L2: 83.72% | L3: 79.95%
Epoch [6768/10000] Training Loss: 0.1823 Accuracy: 83.03% | L1: 85.25% | L2: 83.72% | L3: 80.13%
Validation Loss: 0.2051 
 Accuracy: 82.27% | L1: 86.07% | L2: 82.16% | L3: 78.57%
Epoch [6769/10000] Training Loss: 0.1824 Accuracy: 82.94% | L1: 85.11% | L2: 83.75% | L3: 79.97%
Epoch [6770/10000] Training Loss: 0.1821 Accuracy: 83.04% | L1: 85.32% | L2: 83.77% | L3: 80.03%
Validation Loss: 0.2048 
 Accuracy: 82.26% | L1: 85.89% | L2: 82.20% | L3: 78.70%
Epoch [6771/10000] Training Loss: 0.1828 Accuracy: 83.05% | L1: 85.50% | L2: 83.64% | L3: 80.01%
Epoch [6772/10000] Training Loss: 0.1823 Accuracy: 83.01% | L1: 85.31% | L2: 83.67% | L3: 80.03%
Validation Loss: 0.2015 
 Accuracy: 82.38% | L1: 85.81% | L2: 82.43% | L3: 78.90%
Epoch [6773/10000] Training Loss: 0.1824 Accuracy: 83.06% | L1: 85.41% | L2: 83.76% | L3: 80.00%
Epoch [6774/10000] Training Loss: 0.1816 Accuracy: 83.14% | L1: 85.44% | L2: 83.86% | L3: 80.13%
Validation Loss: 0.2051 
 Accuracy: 82.30% | L1: 85.87% | L2: 82.26% | L3: 78.76%
Epoch [6775/10000] Training Loss: 0.1814 Accuracy: 83.12% | L1: 85.44% | L2: 83.77% | L3: 80.16%
Epoch [6776/10000] Training Loss: 0.1815 Accuracy: 83.10% | L1: 85.30% | L2: 83.85% | L3: 80.15%
Validation Loss: 0.2061 
 Accuracy: 82.22% | L1: 85.67% | L2: 82.22% | L3: 78.77%
Epoch [6777/10000] Training Loss: 0.1814 Accuracy: 83.07% | L1: 85.34% | L2: 83.78% | L3: 80.09%
Epoch [6778/10000] Training Loss: 0.1811 Accuracy: 83.10% | L1: 85.32% | L2: 83.81% | L3: 80.16%
Validation Loss: 0.2077 
 Accuracy: 82.11% | L1: 85.54% | L2: 82.05% | L3: 78.76%
Epoch [6779/10000] Training Loss: 0.1807 Accuracy: 83.11% | L1: 85.28% | L2: 83.94% | L3: 80.13%
Epoch [6780/10000] Training Loss: 0.1810 Accuracy: 83.15% | L1: 85.47% | L2: 84.00% | L3: 79.98%
Validation Loss: 0.2075 
 Accuracy: 82.25% | L1: 86.08% | L2: 81.93% | L3: 78.75%
Loading checkpoint from best_vit_model.pth...
DEBUG: No improvement for several epochs. Consider early stopping or adjusting training.
Changing training datasets...
Train indices changed: True
Epoch [6781/10000] Training Loss: 0.1922 Accuracy: 82.29% | L1: 85.23% | L2: 82.67% | L3: 78.98%
Epoch [6782/10000] Training Loss: 0.1918 Accuracy: 82.39% | L1: 85.31% | L2: 82.70% | L3: 79.17%
Validation Loss: 0.1993 
 Accuracy: 82.36% | L1: 85.48% | L2: 82.51% | L3: 79.10%
Checkpoint saved at epoch 6782
Epoch [6783/10000] Training Loss: 0.1916 Accuracy: 82.37% | L1: 85.22% | L2: 82.79% | L3: 79.10%
Epoch [6784/10000] Training Loss: 0.1915 Accuracy: 82.44% | L1: 85.46% | L2: 82.76% | L3: 79.12%
Validation Loss: 0.1997 
 Accuracy: 82.37% | L1: 86.02% | L2: 82.37% | L3: 78.71%
Epoch [6785/10000] Training Loss: 0.1913 Accuracy: 82.36% | L1: 85.25% | L2: 82.72% | L3: 79.10%
Epoch [6786/10000] Training Loss: 0.1923 Accuracy: 82.26% | L1: 85.22% | L2: 82.72% | L3: 78.85%
Validation Loss: 0.1984 
 Accuracy: 82.46% | L1: 85.86% | L2: 82.53% | L3: 78.98%
Checkpoint saved at epoch 6786
Epoch [6787/10000] Training Loss: 0.1915 Accuracy: 82.31% | L1: 85.12% | L2: 82.77% | L3: 79.05%
Epoch [6788/10000] Training Loss: 0.1913 Accuracy: 82.43% | L1: 85.43% | L2: 82.82% | L3: 79.03%
Validation Loss: 0.2000 
 Accuracy: 82.48% | L1: 85.95% | L2: 82.39% | L3: 79.10%
Epoch [6789/10000] Training Loss: 0.1900 Accuracy: 82.47% | L1: 85.26% | L2: 82.91% | L3: 79.25%
Epoch [6790/10000] Training Loss: 0.1902 Accuracy: 82.44% | L1: 85.21% | L2: 82.96% | L3: 79.15%
Validation Loss: 0.1984 
 Accuracy: 82.49% | L1: 85.93% | L2: 82.46% | L3: 79.07%
Checkpoint saved at epoch 6790
Epoch [6791/10000] Training Loss: 0.1895 Accuracy: 82.56% | L1: 85.43% | L2: 82.98% | L3: 79.26%
Epoch [6792/10000] Training Loss: 0.1899 Accuracy: 82.59% | L1: 85.55% | L2: 82.90% | L3: 79.32%
Validation Loss: 0.1987 
 Accuracy: 82.48% | L1: 85.62% | L2: 82.50% | L3: 79.31%
Epoch [6793/10000] Training Loss: 0.1899 Accuracy: 82.51% | L1: 85.23% | L2: 82.99% | L3: 79.31%
Epoch [6794/10000] Training Loss: 0.1897 Accuracy: 82.41% | L1: 85.06% | L2: 82.90% | L3: 79.27%
Validation Loss: 0.1997 
 Accuracy: 82.47% | L1: 85.95% | L2: 82.38% | L3: 79.09%
Epoch [6795/10000] Training Loss: 0.1891 Accuracy: 82.54% | L1: 85.28% | L2: 83.08% | L3: 79.25%
Epoch [6796/10000] Training Loss: 0.1895 Accuracy: 82.54% | L1: 85.31% | L2: 83.05% | L3: 79.25%
Validation Loss: 0.2031 
 Accuracy: 82.17% | L1: 85.76% | L2: 82.04% | L3: 78.71%
Epoch [6797/10000] Training Loss: 0.1896 Accuracy: 82.53% | L1: 85.34% | L2: 82.96% | L3: 79.29%
Epoch [6798/10000] Training Loss: 0.1893 Accuracy: 82.50% | L1: 85.18% | L2: 83.06% | L3: 79.28%
Validation Loss: 0.2017 
 Accuracy: 82.27% | L1: 85.97% | L2: 82.26% | L3: 78.58%
Epoch [6799/10000] Training Loss: 0.1885 Accuracy: 82.59% | L1: 85.32% | L2: 83.05% | L3: 79.41%
Epoch [6800/10000] Training Loss: 0.1890 Accuracy: 82.55% | L1: 85.29% | L2: 82.98% | L3: 79.38%
Checkpoint 'best_vit_model_every_100_epoch' saved at epoch 6800
Validation Loss: 0.1999 
 Accuracy: 82.53% | L1: 86.02% | L2: 82.47% | L3: 79.10%
Epoch [6801/10000] Training Loss: 0.1888 Accuracy: 82.51% | L1: 85.22% | L2: 83.09% | L3: 79.22%
Epoch [6802/10000] Training Loss: 0.1888 Accuracy: 82.57% | L1: 85.22% | L2: 83.15% | L3: 79.33%
Validation Loss: 0.2041 
 Accuracy: 82.17% | L1: 85.99% | L2: 82.09% | L3: 78.42%
Epoch [6803/10000] Training Loss: 0.1879 Accuracy: 82.55% | L1: 85.15% | L2: 83.10% | L3: 79.38%
Epoch [6804/10000] Training Loss: 0.1881 Accuracy: 82.56% | L1: 85.21% | L2: 82.93% | L3: 79.55%
Validation Loss: 0.2015 
 Accuracy: 82.37% | L1: 85.86% | L2: 82.28% | L3: 78.98%
Epoch [6805/10000] Training Loss: 0.1886 Accuracy: 82.55% | L1: 85.31% | L2: 82.97% | L3: 79.39%
Epoch [6806/10000] Training Loss: 0.1879 Accuracy: 82.62% | L1: 85.34% | L2: 83.11% | L3: 79.42%
Validation Loss: 0.2003 
 Accuracy: 82.48% | L1: 86.01% | L2: 82.51% | L3: 78.93%
Epoch [6807/10000] Training Loss: 0.1875 Accuracy: 82.56% | L1: 85.13% | L2: 83.22% | L3: 79.33%
Epoch [6808/10000] Training Loss: 0.1882 Accuracy: 82.64% | L1: 85.33% | L2: 83.13% | L3: 79.45%
Validation Loss: 0.2012 
 Accuracy: 82.37% | L1: 85.95% | L2: 82.22% | L3: 78.94%
Epoch [6809/10000] Training Loss: 0.1881 Accuracy: 82.54% | L1: 85.10% | L2: 83.11% | L3: 79.40%
Epoch [6810/10000] Training Loss: 0.1874 Accuracy: 82.66% | L1: 85.22% | L2: 83.32% | L3: 79.45%
Validation Loss: 0.2032 
 Accuracy: 82.39% | L1: 86.07% | L2: 82.10% | L3: 79.01%
Epoch [6811/10000] Training Loss: 0.1877 Accuracy: 82.63% | L1: 85.20% | L2: 83.14% | L3: 79.54%
Epoch [6812/10000] Training Loss: 0.1872 Accuracy: 82.69% | L1: 85.31% | L2: 83.20% | L3: 79.55%
Validation Loss: 0.2001 
 Accuracy: 82.49% | L1: 85.79% | L2: 82.49% | L3: 79.19%
Epoch [6813/10000] Training Loss: 0.1873 Accuracy: 82.65% | L1: 85.25% | L2: 83.26% | L3: 79.43%
Epoch [6814/10000] Training Loss: 0.1875 Accuracy: 82.71% | L1: 85.35% | L2: 83.20% | L3: 79.57%
Validation Loss: 0.2007 
 Accuracy: 82.47% | L1: 85.92% | L2: 82.35% | L3: 79.13%
Epoch [6815/10000] Training Loss: 0.1867 Accuracy: 82.72% | L1: 85.31% | L2: 83.31% | L3: 79.53%
Epoch [6816/10000] Training Loss: 0.1885 Accuracy: 82.63% | L1: 85.33% | L2: 83.09% | L3: 79.47%
Validation Loss: 0.2024 
 Accuracy: 82.30% | L1: 85.93% | L2: 82.33% | L3: 78.62%
Epoch [6817/10000] Training Loss: 0.1865 Accuracy: 82.75% | L1: 85.43% | L2: 83.30% | L3: 79.52%
Epoch [6818/10000] Training Loss: 0.1866 Accuracy: 82.71% | L1: 85.31% | L2: 83.16% | L3: 79.68%
Validation Loss: 0.2017 
 Accuracy: 82.34% | L1: 85.69% | L2: 82.26% | L3: 79.07%
Epoch [6819/10000] Training Loss: 0.1873 Accuracy: 82.65% | L1: 85.22% | L2: 83.20% | L3: 79.52%
Epoch [6820/10000] Training Loss: 0.1869 Accuracy: 82.69% | L1: 85.32% | L2: 83.19% | L3: 79.58%
Validation Loss: 0.2012 
 Accuracy: 82.35% | L1: 85.77% | L2: 82.32% | L3: 78.95%
Epoch [6821/10000] Training Loss: 0.1876 Accuracy: 82.67% | L1: 85.32% | L2: 83.10% | L3: 79.59%
Epoch [6822/10000] Training Loss: 0.1864 Accuracy: 82.73% | L1: 85.18% | L2: 83.29% | L3: 79.70%
Validation Loss: 0.2012 
 Accuracy: 82.55% | L1: 85.93% | L2: 82.40% | L3: 79.32%
Epoch [6823/10000] Training Loss: 0.1866 Accuracy: 82.76% | L1: 85.31% | L2: 83.29% | L3: 79.66%
Epoch [6824/10000] Training Loss: 0.1863 Accuracy: 82.73% | L1: 85.33% | L2: 83.32% | L3: 79.55%
Validation Loss: 0.2040 
 Accuracy: 82.09% | L1: 85.54% | L2: 82.09% | L3: 78.64%
Epoch [6825/10000] Training Loss: 0.1868 Accuracy: 82.70% | L1: 85.16% | L2: 83.33% | L3: 79.61%
Epoch [6826/10000] Training Loss: 0.1869 Accuracy: 82.68% | L1: 85.20% | L2: 83.29% | L3: 79.54%
Validation Loss: 0.2031 
 Accuracy: 82.22% | L1: 85.84% | L2: 82.09% | L3: 78.74%
Epoch [6827/10000] Training Loss: 0.1857 Accuracy: 82.81% | L1: 85.37% | L2: 83.39% | L3: 79.67%
Epoch [6828/10000] Training Loss: 0.1862 Accuracy: 82.64% | L1: 85.10% | L2: 83.29% | L3: 79.54%
Validation Loss: 0.2016 
 Accuracy: 82.42% | L1: 85.82% | L2: 82.31% | L3: 79.15%
Epoch [6829/10000] Training Loss: 0.1865 Accuracy: 82.73% | L1: 85.29% | L2: 83.26% | L3: 79.64%
Epoch [6830/10000] Training Loss: 0.1853 Accuracy: 82.83% | L1: 85.34% | L2: 83.44% | L3: 79.70%
Validation Loss: 0.2021 
 Accuracy: 82.43% | L1: 86.13% | L2: 82.34% | L3: 78.82%
Epoch [6831/10000] Training Loss: 0.1855 Accuracy: 82.77% | L1: 85.22% | L2: 83.41% | L3: 79.67%
Epoch [6832/10000] Training Loss: 0.1850 Accuracy: 82.82% | L1: 85.31% | L2: 83.43% | L3: 79.71%
Validation Loss: 0.2034 
 Accuracy: 82.17% | L1: 85.56% | L2: 82.29% | L3: 78.67%
Epoch [6833/10000] Training Loss: 0.1851 Accuracy: 82.82% | L1: 85.23% | L2: 83.37% | L3: 79.85%
Epoch [6834/10000] Training Loss: 0.1862 Accuracy: 82.92% | L1: 85.69% | L2: 83.38% | L3: 79.68%
Validation Loss: 0.2016 
 Accuracy: 82.36% | L1: 85.73% | L2: 82.36% | L3: 78.98%
Epoch [6835/10000] Training Loss: 0.1854 Accuracy: 82.77% | L1: 85.37% | L2: 83.33% | L3: 79.61%
Epoch [6836/10000] Training Loss: 0.1852 Accuracy: 82.78% | L1: 85.28% | L2: 83.44% | L3: 79.62%
Validation Loss: 0.2017 
 Accuracy: 82.44% | L1: 85.91% | L2: 82.33% | L3: 79.09%
Epoch [6837/10000] Training Loss: 0.1853 Accuracy: 82.77% | L1: 85.19% | L2: 83.32% | L3: 79.80%
Epoch [6838/10000] Training Loss: 0.1851 Accuracy: 82.87% | L1: 85.43% | L2: 83.36% | L3: 79.83%
Validation Loss: 0.2025 
 Accuracy: 82.34% | L1: 85.85% | L2: 82.28% | L3: 78.88%
Epoch [6839/10000] Training Loss: 0.1861 Accuracy: 82.79% | L1: 85.33% | L2: 83.26% | L3: 79.78%
Epoch [6840/10000] Training Loss: 0.1857 Accuracy: 82.84% | L1: 85.42% | L2: 83.47% | L3: 79.63%
Validation Loss: 0.2031 
 Accuracy: 82.24% | L1: 85.52% | L2: 82.09% | L3: 79.10%
Epoch [6841/10000] Training Loss: 0.1850 Accuracy: 82.84% | L1: 85.34% | L2: 83.55% | L3: 79.64%
Epoch [6842/10000] Training Loss: 0.1852 Accuracy: 82.84% | L1: 85.25% | L2: 83.44% | L3: 79.81%
Validation Loss: 0.2032 
 Accuracy: 82.24% | L1: 85.76% | L2: 82.19% | L3: 78.76%
Epoch [6843/10000] Training Loss: 0.1850 Accuracy: 82.83% | L1: 85.22% | L2: 83.51% | L3: 79.75%
Epoch [6844/10000] Training Loss: 0.1849 Accuracy: 82.86% | L1: 85.34% | L2: 83.40% | L3: 79.85%
Validation Loss: 0.2035 
 Accuracy: 82.36% | L1: 85.85% | L2: 82.31% | L3: 78.93%
Epoch [6845/10000] Training Loss: 0.1846 Accuracy: 82.95% | L1: 85.52% | L2: 83.41% | L3: 79.90%
Epoch [6846/10000] Training Loss: 0.1845 Accuracy: 82.88% | L1: 85.39% | L2: 83.49% | L3: 79.77%
Validation Loss: 0.2011 
 Accuracy: 82.35% | L1: 85.84% | L2: 82.43% | L3: 78.79%
Epoch [6847/10000] Training Loss: 0.1846 Accuracy: 82.90% | L1: 85.37% | L2: 83.50% | L3: 79.82%
Epoch [6848/10000] Training Loss: 0.1844 Accuracy: 82.94% | L1: 85.45% | L2: 83.51% | L3: 79.85%
Validation Loss: 0.2029 
 Accuracy: 82.29% | L1: 85.87% | L2: 82.20% | L3: 78.80%
Epoch [6849/10000] Training Loss: 0.1845 Accuracy: 82.83% | L1: 85.16% | L2: 83.50% | L3: 79.84%
Epoch [6850/10000] Training Loss: 0.1843 Accuracy: 82.92% | L1: 85.39% | L2: 83.52% | L3: 79.86%
Validation Loss: 0.2046 
 Accuracy: 82.17% | L1: 85.93% | L2: 82.04% | L3: 78.55%
Epoch [6851/10000] Training Loss: 0.1840 Accuracy: 82.93% | L1: 85.39% | L2: 83.50% | L3: 79.88%
Epoch [6852/10000] Training Loss: 0.1839 Accuracy: 82.96% | L1: 85.37% | L2: 83.53% | L3: 80.00%
Validation Loss: 0.2028 
 Accuracy: 82.28% | L1: 85.66% | L2: 82.26% | L3: 78.92%
Epoch [6853/10000] Training Loss: 0.1839 Accuracy: 82.93% | L1: 85.34% | L2: 83.57% | L3: 79.86%
Epoch [6854/10000] Training Loss: 0.1840 Accuracy: 82.92% | L1: 85.34% | L2: 83.61% | L3: 79.81%
Validation Loss: 0.2088 
 Accuracy: 82.06% | L1: 85.94% | L2: 81.89% | L3: 78.36%
Epoch [6855/10000] Training Loss: 0.1838 Accuracy: 82.92% | L1: 85.29% | L2: 83.57% | L3: 79.89%
Epoch [6856/10000] Training Loss: 0.1838 Accuracy: 82.82% | L1: 85.05% | L2: 83.57% | L3: 79.85%
Validation Loss: 0.2018 
 Accuracy: 82.43% | L1: 85.81% | L2: 82.35% | L3: 79.13%
Epoch [6857/10000] Training Loss: 0.1833 Accuracy: 82.97% | L1: 85.39% | L2: 83.55% | L3: 79.97%
Epoch [6858/10000] Training Loss: 0.1834 Accuracy: 82.91% | L1: 85.07% | L2: 83.67% | L3: 79.98%
Validation Loss: 0.2026 
 Accuracy: 82.38% | L1: 85.63% | L2: 82.37% | L3: 79.13%
Epoch [6859/10000] Training Loss: 0.1838 Accuracy: 82.98% | L1: 85.45% | L2: 83.54% | L3: 79.95%
Epoch [6860/10000] Training Loss: 0.1830 Accuracy: 82.95% | L1: 85.30% | L2: 83.58% | L3: 79.97%
Validation Loss: 0.2034 
 Accuracy: 82.34% | L1: 85.67% | L2: 82.24% | L3: 79.10%
Epoch [6861/10000] Training Loss: 0.1830 Accuracy: 82.97% | L1: 85.25% | L2: 83.75% | L3: 79.90%
Epoch [6862/10000] Training Loss: 0.1834 Accuracy: 82.90% | L1: 85.17% | L2: 83.54% | L3: 79.98%
Validation Loss: 0.2037 
 Accuracy: 82.25% | L1: 85.81% | L2: 82.16% | L3: 78.79%
Epoch [6863/10000] Training Loss: 0.1839 Accuracy: 82.86% | L1: 85.20% | L2: 83.58% | L3: 79.80%
Epoch [6864/10000] Training Loss: 0.1829 Accuracy: 82.92% | L1: 85.18% | L2: 83.56% | L3: 80.04%
Validation Loss: 0.2054 
 Accuracy: 82.14% | L1: 85.60% | L2: 82.12% | L3: 78.70%
Epoch [6865/10000] Training Loss: 0.1838 Accuracy: 82.99% | L1: 85.51% | L2: 83.63% | L3: 79.83%
Epoch [6866/10000] Training Loss: 0.1832 Accuracy: 83.05% | L1: 85.50% | L2: 83.73% | L3: 79.92%
Validation Loss: 0.2058 
 Accuracy: 82.15% | L1: 85.97% | L2: 82.02% | L3: 78.46%
Epoch [6867/10000] Training Loss: 0.1833 Accuracy: 82.91% | L1: 85.23% | L2: 83.57% | L3: 79.94%
Epoch [6868/10000] Training Loss: 0.1839 Accuracy: 82.86% | L1: 85.13% | L2: 83.61% | L3: 79.84%
Validation Loss: 0.2077 
 Accuracy: 82.07% | L1: 85.71% | L2: 81.89% | L3: 78.60%
Epoch [6869/10000] Training Loss: 0.1831 Accuracy: 83.00% | L1: 85.27% | L2: 83.68% | L3: 80.05%
Epoch [6870/10000] Training Loss: 0.1825 Accuracy: 82.99% | L1: 85.21% | L2: 83.73% | L3: 80.02%
Validation Loss: 0.2033 
 Accuracy: 82.36% | L1: 85.90% | L2: 82.30% | L3: 78.86%
Epoch [6871/10000] Training Loss: 0.1828 Accuracy: 83.00% | L1: 85.31% | L2: 83.69% | L3: 79.99%
Epoch [6872/10000] Training Loss: 0.1823 Accuracy: 83.00% | L1: 85.27% | L2: 83.57% | L3: 80.17%
Validation Loss: 0.2059 
 Accuracy: 82.31% | L1: 86.00% | L2: 82.11% | L3: 78.81%
Epoch [6873/10000] Training Loss: 0.1828 Accuracy: 82.91% | L1: 85.23% | L2: 83.56% | L3: 79.92%
Epoch [6874/10000] Training Loss: 0.1829 Accuracy: 83.04% | L1: 85.46% | L2: 83.64% | L3: 80.01%
Validation Loss: 0.2054 
 Accuracy: 82.18% | L1: 85.54% | L2: 82.21% | L3: 78.79%
Epoch [6875/10000] Training Loss: 0.1839 Accuracy: 82.93% | L1: 85.36% | L2: 83.51% | L3: 79.91%
Epoch [6876/10000] Training Loss: 0.1828 Accuracy: 83.03% | L1: 85.32% | L2: 83.80% | L3: 79.95%
Validation Loss: 0.2044 
 Accuracy: 82.29% | L1: 85.84% | L2: 82.22% | L3: 78.81%
Epoch [6877/10000] Training Loss: 0.1820 Accuracy: 82.99% | L1: 85.23% | L2: 83.81% | L3: 79.94%
Epoch [6878/10000] Training Loss: 0.1821 Accuracy: 83.03% | L1: 85.39% | L2: 83.71% | L3: 80.00%
Validation Loss: 0.2063 
 Accuracy: 82.16% | L1: 85.94% | L2: 81.93% | L3: 78.60%
Epoch [6879/10000] Training Loss: 0.1821 Accuracy: 83.07% | L1: 85.41% | L2: 83.72% | L3: 80.10%
Epoch [6880/10000] Training Loss: 0.1821 Accuracy: 83.08% | L1: 85.41% | L2: 83.80% | L3: 80.02%
Validation Loss: 0.2075 
 Accuracy: 82.11% | L1: 85.80% | L2: 82.02% | L3: 78.49%
Epoch [6881/10000] Training Loss: 0.1818 Accuracy: 83.02% | L1: 85.24% | L2: 83.72% | L3: 80.12%
Epoch [6882/10000] Training Loss: 0.1814 Accuracy: 83.12% | L1: 85.38% | L2: 83.94% | L3: 80.05%
Validation Loss: 0.2062 
 Accuracy: 82.27% | L1: 86.07% | L2: 82.14% | L3: 78.61%
Epoch [6883/10000] Training Loss: 0.1825 Accuracy: 83.03% | L1: 85.39% | L2: 83.74% | L3: 79.97%
Epoch [6884/10000] Training Loss: 0.1822 Accuracy: 83.05% | L1: 85.44% | L2: 83.70% | L3: 80.01%
Validation Loss: 0.2075 
 Accuracy: 82.11% | L1: 85.76% | L2: 82.02% | L3: 78.55%
Epoch [6885/10000] Training Loss: 0.1815 Accuracy: 83.04% | L1: 85.18% | L2: 83.78% | L3: 80.15%
Epoch [6886/10000] Training Loss: 0.1818 Accuracy: 83.04% | L1: 85.34% | L2: 83.72% | L3: 80.07%
Validation Loss: 0.2035 
 Accuracy: 82.38% | L1: 85.83% | L2: 82.30% | L3: 79.02%
Epoch [6887/10000] Training Loss: 0.1810 Accuracy: 83.04% | L1: 85.14% | L2: 83.73% | L3: 80.26%
Epoch [6888/10000] Training Loss: 0.1810 Accuracy: 83.17% | L1: 85.38% | L2: 83.97% | L3: 80.17%
Validation Loss: 0.2060 
 Accuracy: 82.29% | L1: 85.88% | L2: 82.17% | L3: 78.83%
Epoch [6889/10000] Training Loss: 0.1804 Accuracy: 83.06% | L1: 85.12% | L2: 83.86% | L3: 80.20%
Epoch [6890/10000] Training Loss: 0.1818 Accuracy: 83.11% | L1: 85.38% | L2: 83.83% | L3: 80.11%
Validation Loss: 0.2091 
 Accuracy: 81.93% | L1: 85.54% | L2: 81.81% | L3: 78.43%
Loading checkpoint from best_vit_model.pth...
DEBUG: No improvement for several epochs. Consider early stopping or adjusting training.
Changing training datasets...
Train indices changed: True
Epoch [6891/10000] Training Loss: 0.1930 Accuracy: 82.29% | L1: 85.26% | L2: 82.79% | L3: 78.81%
Epoch [6892/10000] Training Loss: 0.1921 Accuracy: 82.39% | L1: 85.35% | L2: 82.85% | L3: 78.96%
Validation Loss: 0.1975 
 Accuracy: 82.48% | L1: 85.91% | L2: 82.50% | L3: 79.04%
Checkpoint saved at epoch 6892
Epoch [6893/10000] Training Loss: 0.1918 Accuracy: 82.33% | L1: 85.14% | L2: 82.86% | L3: 78.99%
Epoch [6894/10000] Training Loss: 0.1917 Accuracy: 82.38% | L1: 85.24% | L2: 82.90% | L3: 79.00%
Validation Loss: 0.1984 
 Accuracy: 82.52% | L1: 85.82% | L2: 82.54% | L3: 79.19%
Epoch [6895/10000] Training Loss: 0.1911 Accuracy: 82.39% | L1: 85.22% | L2: 82.94% | L3: 79.03%
Epoch [6896/10000] Training Loss: 0.1908 Accuracy: 82.41% | L1: 85.15% | L2: 82.91% | L3: 79.18%
Validation Loss: 0.2012 
 Accuracy: 82.28% | L1: 85.86% | L2: 82.28% | L3: 78.70%
Epoch [6897/10000] Training Loss: 0.1909 Accuracy: 82.40% | L1: 85.26% | L2: 82.87% | L3: 79.08%
Epoch [6898/10000] Training Loss: 0.1909 Accuracy: 82.39% | L1: 85.27% | L2: 82.89% | L3: 79.02%
Validation Loss: 0.1991 
 Accuracy: 82.42% | L1: 85.76% | L2: 82.45% | L3: 79.04%
Epoch [6899/10000] Training Loss: 0.1900 Accuracy: 82.56% | L1: 85.30% | L2: 83.14% | L3: 79.24%
Epoch [6900/10000] Training Loss: 0.1908 Accuracy: 82.47% | L1: 85.42% | L2: 82.92% | L3: 79.08%
Checkpoint 'best_vit_model_every_100_epoch' saved at epoch 6900
Validation Loss: 0.1987 
 Accuracy: 82.41% | L1: 85.95% | L2: 82.41% | L3: 78.87%
Epoch [6901/10000] Training Loss: 0.1900 Accuracy: 82.45% | L1: 85.19% | L2: 82.94% | L3: 79.22%
Epoch [6902/10000] Training Loss: 0.1898 Accuracy: 82.43% | L1: 85.01% | L2: 83.03% | L3: 79.26%
Validation Loss: 0.2003 
 Accuracy: 82.28% | L1: 85.72% | L2: 82.38% | L3: 78.73%
Epoch [6903/10000] Training Loss: 0.1906 Accuracy: 82.51% | L1: 85.37% | L2: 83.02% | L3: 79.15%
Epoch [6904/10000] Training Loss: 0.1894 Accuracy: 82.57% | L1: 85.26% | L2: 83.18% | L3: 79.26%
Validation Loss: 0.1991 
 Accuracy: 82.49% | L1: 85.97% | L2: 82.45% | L3: 79.06%
Epoch [6905/10000] Training Loss: 0.1905 Accuracy: 82.47% | L1: 85.23% | L2: 82.99% | L3: 79.19%
Epoch [6906/10000] Training Loss: 0.1893 Accuracy: 82.53% | L1: 85.27% | L2: 83.11% | L3: 79.22%
Validation Loss: 0.2003 
 Accuracy: 82.32% | L1: 85.69% | L2: 82.45% | L3: 78.82%
Epoch [6907/10000] Training Loss: 0.1887 Accuracy: 82.63% | L1: 85.38% | L2: 83.12% | L3: 79.39%
Epoch [6908/10000] Training Loss: 0.1896 Accuracy: 82.60% | L1: 85.36% | L2: 83.23% | L3: 79.20%
Validation Loss: 0.1991 
 Accuracy: 82.51% | L1: 85.89% | L2: 82.46% | L3: 79.17%
Epoch [6909/10000] Training Loss: 0.1890 Accuracy: 82.63% | L1: 85.44% | L2: 83.20% | L3: 79.25%
Epoch [6910/10000] Training Loss: 0.1896 Accuracy: 82.54% | L1: 85.22% | L2: 83.12% | L3: 79.28%
Validation Loss: 0.2001 
 Accuracy: 82.47% | L1: 85.90% | L2: 82.39% | L3: 79.12%
Epoch [6911/10000] Training Loss: 0.1891 Accuracy: 82.60% | L1: 85.29% | L2: 83.20% | L3: 79.29%
Epoch [6912/10000] Training Loss: 0.1884 Accuracy: 82.62% | L1: 85.21% | L2: 83.23% | L3: 79.41%
Validation Loss: 0.2008 
 Accuracy: 82.23% | L1: 85.67% | L2: 82.38% | L3: 78.64%
Epoch [6913/10000] Training Loss: 0.1881 Accuracy: 82.56% | L1: 85.05% | L2: 83.27% | L3: 79.37%
Epoch [6914/10000] Training Loss: 0.1884 Accuracy: 82.57% | L1: 85.16% | L2: 83.23% | L3: 79.33%
Validation Loss: 0.2025 
 Accuracy: 82.25% | L1: 85.98% | L2: 82.32% | L3: 78.47%
Epoch [6915/10000] Training Loss: 0.1890 Accuracy: 82.58% | L1: 85.28% | L2: 83.17% | L3: 79.30%
Epoch [6916/10000] Training Loss: 0.1890 Accuracy: 82.62% | L1: 85.36% | L2: 83.18% | L3: 79.32%
Validation Loss: 0.1989 
 Accuracy: 82.40% | L1: 85.68% | L2: 82.49% | L3: 79.03%
Epoch [6917/10000] Training Loss: 0.1887 Accuracy: 82.61% | L1: 85.28% | L2: 83.18% | L3: 79.38%
Epoch [6918/10000] Training Loss: 0.1886 Accuracy: 82.65% | L1: 85.31% | L2: 83.18% | L3: 79.46%
Validation Loss: 0.2006 
 Accuracy: 82.27% | L1: 85.56% | L2: 82.41% | L3: 78.83%
Epoch [6919/10000] Training Loss: 0.1879 Accuracy: 82.64% | L1: 85.23% | L2: 83.42% | L3: 79.26%
Epoch [6920/10000] Training Loss: 0.1886 Accuracy: 82.54% | L1: 85.11% | L2: 83.26% | L3: 79.26%
Validation Loss: 0.1998 
 Accuracy: 82.46% | L1: 86.02% | L2: 82.39% | L3: 78.95%
Epoch [6921/10000] Training Loss: 0.1881 Accuracy: 82.56% | L1: 85.15% | L2: 83.19% | L3: 79.33%
Epoch [6922/10000] Training Loss: 0.1879 Accuracy: 82.70% | L1: 85.30% | L2: 83.28% | L3: 79.51%
Validation Loss: 0.2005 
 Accuracy: 82.53% | L1: 85.94% | L2: 82.40% | L3: 79.25%
Epoch [6923/10000] Training Loss: 0.1871 Accuracy: 82.76% | L1: 85.36% | L2: 83.43% | L3: 79.49%
Epoch [6924/10000] Training Loss: 0.1876 Accuracy: 82.70% | L1: 85.30% | L2: 83.32% | L3: 79.48%
Validation Loss: 0.2002 
 Accuracy: 82.41% | L1: 85.82% | L2: 82.55% | L3: 78.85%
Epoch [6925/10000] Training Loss: 0.1873 Accuracy: 82.71% | L1: 85.31% | L2: 83.33% | L3: 79.51%
Epoch [6926/10000] Training Loss: 0.1885 Accuracy: 82.78% | L1: 85.54% | L2: 83.33% | L3: 79.47%
Validation Loss: 0.2018 
 Accuracy: 82.34% | L1: 86.03% | L2: 82.38% | L3: 78.61%
Epoch [6927/10000] Training Loss: 0.1876 Accuracy: 82.66% | L1: 85.20% | L2: 83.29% | L3: 79.49%
Epoch [6928/10000] Training Loss: 0.1873 Accuracy: 82.70% | L1: 85.33% | L2: 83.29% | L3: 79.49%
Validation Loss: 0.2021 
 Accuracy: 82.35% | L1: 85.83% | L2: 82.34% | L3: 78.87%
Epoch [6929/10000] Training Loss: 0.1877 Accuracy: 82.67% | L1: 85.24% | L2: 83.34% | L3: 79.44%
Epoch [6930/10000] Training Loss: 0.1882 Accuracy: 82.65% | L1: 85.30% | L2: 83.22% | L3: 79.42%
Validation Loss: 0.2011 
 Accuracy: 82.38% | L1: 85.67% | L2: 82.37% | L3: 79.10%
Epoch [6931/10000] Training Loss: 0.1875 Accuracy: 82.73% | L1: 85.25% | L2: 83.46% | L3: 79.46%
Epoch [6932/10000] Training Loss: 0.1870 Accuracy: 82.73% | L1: 85.29% | L2: 83.43% | L3: 79.48%
Validation Loss: 0.2015 
 Accuracy: 82.47% | L1: 86.01% | L2: 82.42% | L3: 78.98%
Epoch [6933/10000] Training Loss: 0.1871 Accuracy: 82.69% | L1: 85.25% | L2: 83.30% | L3: 79.51%
Epoch [6934/10000] Training Loss: 0.1864 Accuracy: 82.78% | L1: 85.31% | L2: 83.45% | L3: 79.58%
Validation Loss: 0.2016 
 Accuracy: 82.32% | L1: 85.65% | L2: 82.34% | L3: 78.97%
Epoch [6935/10000] Training Loss: 0.1866 Accuracy: 82.73% | L1: 85.19% | L2: 83.44% | L3: 79.56%
Epoch [6936/10000] Training Loss: 0.1863 Accuracy: 82.78% | L1: 85.20% | L2: 83.50% | L3: 79.65%
Validation Loss: 0.2021 
 Accuracy: 82.32% | L1: 86.03% | L2: 82.24% | L3: 78.69%
Epoch [6937/10000] Training Loss: 0.1855 Accuracy: 82.80% | L1: 85.22% | L2: 83.47% | L3: 79.70%
Epoch [6938/10000] Training Loss: 0.1864 Accuracy: 82.75% | L1: 85.30% | L2: 83.41% | L3: 79.56%
Validation Loss: 0.2011 
 Accuracy: 82.42% | L1: 85.68% | L2: 82.52% | L3: 79.06%
Epoch [6939/10000] Training Loss: 0.1862 Accuracy: 82.76% | L1: 85.17% | L2: 83.45% | L3: 79.67%
Epoch [6940/10000] Training Loss: 0.1858 Accuracy: 82.86% | L1: 85.38% | L2: 83.39% | L3: 79.82%
Validation Loss: 0.2019 
 Accuracy: 82.29% | L1: 85.95% | L2: 82.17% | L3: 78.74%
Epoch [6941/10000] Training Loss: 0.1865 Accuracy: 82.75% | L1: 85.33% | L2: 83.27% | L3: 79.67%
Epoch [6942/10000] Training Loss: 0.1857 Accuracy: 82.84% | L1: 85.43% | L2: 83.41% | L3: 79.68%
Validation Loss: 0.2012 
 Accuracy: 82.56% | L1: 85.86% | L2: 82.53% | L3: 79.28%
Epoch [6943/10000] Training Loss: 0.1867 Accuracy: 82.81% | L1: 85.38% | L2: 83.46% | L3: 79.58%
Epoch [6944/10000] Training Loss: 0.1865 Accuracy: 82.79% | L1: 85.27% | L2: 83.55% | L3: 79.54%
Validation Loss: 0.2018 
 Accuracy: 82.38% | L1: 85.79% | L2: 82.45% | L3: 78.90%
Epoch [6945/10000] Training Loss: 0.1850 Accuracy: 82.81% | L1: 85.22% | L2: 83.60% | L3: 79.62%
Epoch [6946/10000] Training Loss: 0.1855 Accuracy: 82.81% | L1: 85.23% | L2: 83.56% | L3: 79.62%
Validation Loss: 0.2044 
 Accuracy: 82.12% | L1: 85.81% | L2: 82.11% | L3: 78.44%
Epoch [6947/10000] Training Loss: 0.1858 Accuracy: 82.80% | L1: 85.28% | L2: 83.49% | L3: 79.63%
Epoch [6948/10000] Training Loss: 0.1849 Accuracy: 82.86% | L1: 85.38% | L2: 83.50% | L3: 79.71%
Validation Loss: 0.2012 
 Accuracy: 82.43% | L1: 85.92% | L2: 82.29% | L3: 79.09%
Epoch [6949/10000] Training Loss: 0.1857 Accuracy: 82.83% | L1: 85.28% | L2: 83.57% | L3: 79.64%
Epoch [6950/10000] Training Loss: 0.1848 Accuracy: 82.85% | L1: 85.21% | L2: 83.58% | L3: 79.74%
Validation Loss: 0.2029 
 Accuracy: 82.32% | L1: 85.89% | L2: 82.28% | L3: 78.80%
Epoch [6951/10000] Training Loss: 0.1857 Accuracy: 82.82% | L1: 85.32% | L2: 83.52% | L3: 79.62%
Epoch [6952/10000] Training Loss: 0.1852 Accuracy: 82.82% | L1: 85.18% | L2: 83.47% | L3: 79.81%
Validation Loss: 0.2016 
 Accuracy: 82.41% | L1: 86.06% | L2: 82.28% | L3: 78.89%
Epoch [6953/10000] Training Loss: 0.1853 Accuracy: 82.85% | L1: 85.23% | L2: 83.61% | L3: 79.69%
Epoch [6954/10000] Training Loss: 0.1844 Accuracy: 82.94% | L1: 85.39% | L2: 83.68% | L3: 79.74%
Validation Loss: 0.2033 
 Accuracy: 82.37% | L1: 85.99% | L2: 82.20% | L3: 78.93%
Epoch [6955/10000] Training Loss: 0.1848 Accuracy: 82.88% | L1: 85.25% | L2: 83.61% | L3: 79.78%
Epoch [6956/10000] Training Loss: 0.1850 Accuracy: 82.80% | L1: 85.28% | L2: 83.58% | L3: 79.54%
Validation Loss: 0.2025 
 Accuracy: 82.34% | L1: 85.73% | L2: 82.31% | L3: 78.97%
Epoch [6957/10000] Training Loss: 0.1846 Accuracy: 82.92% | L1: 85.43% | L2: 83.56% | L3: 79.77%
Epoch [6958/10000] Training Loss: 0.1841 Accuracy: 82.90% | L1: 85.31% | L2: 83.69% | L3: 79.71%
Validation Loss: 0.2022 
 Accuracy: 82.48% | L1: 85.99% | L2: 82.31% | L3: 79.15%
Epoch [6959/10000] Training Loss: 0.1851 Accuracy: 82.83% | L1: 85.16% | L2: 83.57% | L3: 79.76%
Epoch [6960/10000] Training Loss: 0.1844 Accuracy: 82.91% | L1: 85.44% | L2: 83.64% | L3: 79.65%
Validation Loss: 0.2030 
 Accuracy: 82.39% | L1: 85.97% | L2: 82.39% | L3: 78.83%
Epoch [6961/10000] Training Loss: 0.1836 Accuracy: 82.96% | L1: 85.39% | L2: 83.67% | L3: 79.82%
Epoch [6962/10000] Training Loss: 0.1834 Accuracy: 82.96% | L1: 85.31% | L2: 83.72% | L3: 79.84%
Validation Loss: 0.2013 
 Accuracy: 82.61% | L1: 86.03% | L2: 82.53% | L3: 79.26%
Epoch [6963/10000] Training Loss: 0.1852 Accuracy: 82.89% | L1: 85.30% | L2: 83.66% | L3: 79.70%
Epoch [6964/10000] Training Loss: 0.1839 Accuracy: 82.93% | L1: 85.24% | L2: 83.65% | L3: 79.89%
Validation Loss: 0.2031 
 Accuracy: 82.34% | L1: 86.01% | L2: 82.26% | L3: 78.75%
Epoch [6965/10000] Training Loss: 0.1843 Accuracy: 82.89% | L1: 85.25% | L2: 83.59% | L3: 79.84%
Epoch [6966/10000] Training Loss: 0.1837 Accuracy: 82.85% | L1: 85.08% | L2: 83.63% | L3: 79.83%
Validation Loss: 0.2047 
 Accuracy: 82.03% | L1: 85.50% | L2: 82.13% | L3: 78.46%
Epoch [6967/10000] Training Loss: 0.1835 Accuracy: 82.99% | L1: 85.31% | L2: 83.72% | L3: 79.93%
Epoch [6968/10000] Training Loss: 0.1839 Accuracy: 82.95% | L1: 85.38% | L2: 83.63% | L3: 79.84%
Validation Loss: 0.2024 
 Accuracy: 82.39% | L1: 85.77% | L2: 82.33% | L3: 79.07%
Epoch [6969/10000] Training Loss: 0.1840 Accuracy: 82.84% | L1: 85.06% | L2: 83.64% | L3: 79.83%
Epoch [6970/10000] Training Loss: 0.1840 Accuracy: 82.97% | L1: 85.40% | L2: 83.65% | L3: 79.85%
Validation Loss: 0.2024 
 Accuracy: 82.34% | L1: 85.71% | L2: 82.43% | L3: 78.88%
Epoch [6971/10000] Training Loss: 0.1835 Accuracy: 83.03% | L1: 85.39% | L2: 83.81% | L3: 79.90%
Epoch [6972/10000] Training Loss: 0.1836 Accuracy: 82.97% | L1: 85.33% | L2: 83.73% | L3: 79.86%
Validation Loss: 0.2029 
 Accuracy: 82.27% | L1: 85.68% | L2: 82.36% | L3: 78.78%
Epoch [6973/10000] Training Loss: 0.1825 Accuracy: 83.05% | L1: 85.44% | L2: 83.76% | L3: 79.97%
Epoch [6974/10000] Training Loss: 0.1839 Accuracy: 83.03% | L1: 85.51% | L2: 83.78% | L3: 79.80%
Validation Loss: 0.2031 
 Accuracy: 82.32% | L1: 85.72% | L2: 82.17% | L3: 79.07%
Epoch [6975/10000] Training Loss: 0.1838 Accuracy: 82.92% | L1: 85.18% | L2: 83.74% | L3: 79.82%
Epoch [6976/10000] Training Loss: 0.1828 Accuracy: 83.04% | L1: 85.38% | L2: 83.83% | L3: 79.89%
Validation Loss: 0.2021 
 Accuracy: 82.35% | L1: 85.78% | L2: 82.30% | L3: 78.96%
Epoch [6977/10000] Training Loss: 0.1828 Accuracy: 83.04% | L1: 85.36% | L2: 83.86% | L3: 79.89%
Epoch [6978/10000] Training Loss: 0.1829 Accuracy: 82.94% | L1: 85.18% | L2: 83.77% | L3: 79.88%
Validation Loss: 0.2023 
 Accuracy: 82.40% | L1: 85.79% | L2: 82.34% | L3: 79.09%
Epoch [6979/10000] Training Loss: 0.1830 Accuracy: 83.09% | L1: 85.45% | L2: 83.83% | L3: 79.99%
Epoch [6980/10000] Training Loss: 0.1839 Accuracy: 82.97% | L1: 85.27% | L2: 83.72% | L3: 79.92%
Validation Loss: 0.2049 
 Accuracy: 82.18% | L1: 85.86% | L2: 82.10% | L3: 78.59%
Epoch [6981/10000] Training Loss: 0.1835 Accuracy: 83.03% | L1: 85.38% | L2: 83.74% | L3: 79.97%
Epoch [6982/10000] Training Loss: 0.1833 Accuracy: 82.94% | L1: 85.22% | L2: 83.67% | L3: 79.92%
Validation Loss: 0.2031 
 Accuracy: 82.26% | L1: 85.81% | L2: 82.23% | L3: 78.74%
Epoch [6983/10000] Training Loss: 0.1827 Accuracy: 82.95% | L1: 85.11% | L2: 83.80% | L3: 79.94%
Epoch [6984/10000] Training Loss: 0.1828 Accuracy: 83.00% | L1: 85.36% | L2: 83.75% | L3: 79.91%
Validation Loss: 0.2044 
 Accuracy: 82.22% | L1: 85.86% | L2: 82.20% | L3: 78.60%
Epoch [6985/10000] Training Loss: 0.1822 Accuracy: 83.08% | L1: 85.43% | L2: 83.77% | L3: 80.03%
Epoch [6986/10000] Training Loss: 0.1832 Accuracy: 83.04% | L1: 85.42% | L2: 83.70% | L3: 80.00%
Validation Loss: 0.2022 
 Accuracy: 82.33% | L1: 85.80% | L2: 82.33% | L3: 78.87%
Epoch [6987/10000] Training Loss: 0.1825 Accuracy: 83.03% | L1: 85.28% | L2: 83.94% | L3: 79.86%
Epoch [6988/10000] Training Loss: 0.1834 Accuracy: 83.00% | L1: 85.32% | L2: 83.72% | L3: 79.98%
Validation Loss: 0.2030 
 Accuracy: 82.26% | L1: 85.58% | L2: 82.37% | L3: 78.83%
Epoch [6989/10000] Training Loss: 0.1822 Accuracy: 83.08% | L1: 85.48% | L2: 83.74% | L3: 80.02%
Epoch [6990/10000] Training Loss: 0.1820 Accuracy: 83.13% | L1: 85.46% | L2: 83.90% | L3: 80.04%
Validation Loss: 0.2058 
 Accuracy: 82.11% | L1: 85.64% | L2: 82.06% | L3: 78.63%
Epoch [6991/10000] Training Loss: 0.1812 Accuracy: 83.08% | L1: 85.29% | L2: 83.84% | L3: 80.13%
Epoch [6992/10000] Training Loss: 0.1821 Accuracy: 83.10% | L1: 85.44% | L2: 83.90% | L3: 79.96%
Validation Loss: 0.2036 
 Accuracy: 82.40% | L1: 85.88% | L2: 82.32% | L3: 79.01%
Loading checkpoint from best_vit_model.pth...
DEBUG: No improvement for several epochs. Consider early stopping or adjusting training.
Changing training datasets...
Train indices changed: True
Changing validation datasets...
Validation indices changed: True
Epoch [6993/10000] Training Loss: 0.1927 Accuracy: 82.15% | L1: 84.96% | L2: 82.74% | L3: 78.74%
Epoch [6994/10000] Training Loss: 0.1919 Accuracy: 82.27% | L1: 85.11% | L2: 82.75% | L3: 78.94%
Validation Loss: 0.1995 
 Accuracy: 82.47% | L1: 85.89% | L2: 82.42% | L3: 79.10%
Checkpoint saved at epoch 6994
Epoch [6995/10000] Training Loss: 0.1913 Accuracy: 82.33% | L1: 85.10% | L2: 82.82% | L3: 79.05%
Epoch [6996/10000] Training Loss: 0.1912 Accuracy: 82.27% | L1: 85.11% | L2: 82.65% | L3: 79.04%
Validation Loss: 0.2017 
 Accuracy: 82.25% | L1: 85.95% | L2: 82.32% | L3: 78.47%
Epoch [6997/10000] Training Loss: 0.1902 Accuracy: 82.32% | L1: 85.10% | L2: 82.65% | L3: 79.22%
Epoch [6998/10000] Training Loss: 0.1909 Accuracy: 82.24% | L1: 84.93% | L2: 82.76% | L3: 79.04%
Validation Loss: 0.2007 
 Accuracy: 82.24% | L1: 85.72% | L2: 82.27% | L3: 78.73%
Epoch [6999/10000] Training Loss: 0.1900 Accuracy: 82.34% | L1: 84.99% | L2: 82.82% | L3: 79.20%
Epoch [7000/10000] Training Loss: 0.1905 Accuracy: 82.39% | L1: 85.21% | L2: 82.90% | L3: 79.07%
Checkpoint 'best_vit_model_every_100_epoch' saved at epoch 7000
Validation Loss: 0.1980 
 Accuracy: 82.59% | L1: 85.95% | L2: 82.58% | L3: 79.23%
Checkpoint saved at epoch 7000
Epoch [7001/10000] Training Loss: 0.1897 Accuracy: 82.45% | L1: 85.30% | L2: 82.91% | L3: 79.13%
Epoch [7002/10000] Training Loss: 0.1896 Accuracy: 82.39% | L1: 85.08% | L2: 82.82% | L3: 79.28%
Validation Loss: 0.1975 
 Accuracy: 82.73% | L1: 86.02% | L2: 82.86% | L3: 79.31%
Checkpoint saved at epoch 7002
Epoch [7003/10000] Training Loss: 0.1896 Accuracy: 82.42% | L1: 85.16% | L2: 82.96% | L3: 79.14%
Epoch [7004/10000] Training Loss: 0.1891 Accuracy: 82.46% | L1: 85.06% | L2: 83.06% | L3: 79.26%
Validation Loss: 0.2001 
 Accuracy: 82.41% | L1: 86.02% | L2: 82.35% | L3: 78.85%
Epoch [7005/10000] Training Loss: 0.1889 Accuracy: 82.46% | L1: 85.19% | L2: 82.92% | L3: 79.27%
Epoch [7006/10000] Training Loss: 0.1884 Accuracy: 82.48% | L1: 85.08% | L2: 83.03% | L3: 79.33%
Validation Loss: 0.1995 
 Accuracy: 82.52% | L1: 85.91% | L2: 82.53% | L3: 79.12%
Epoch [7007/10000] Training Loss: 0.1891 Accuracy: 82.46% | L1: 85.11% | L2: 83.00% | L3: 79.28%
Epoch [7008/10000] Training Loss: 0.1884 Accuracy: 82.47% | L1: 85.07% | L2: 82.99% | L3: 79.35%
Validation Loss: 0.1995 
 Accuracy: 82.49% | L1: 85.66% | L2: 82.54% | L3: 79.26%
Epoch [7009/10000] Training Loss: 0.1884 Accuracy: 82.52% | L1: 85.09% | L2: 83.06% | L3: 79.39%
Epoch [7010/10000] Training Loss: 0.1885 Accuracy: 82.50% | L1: 85.14% | L2: 83.01% | L3: 79.34%
Validation Loss: 0.2006 
 Accuracy: 82.40% | L1: 85.75% | L2: 82.38% | L3: 79.07%
Epoch [7011/10000] Training Loss: 0.1885 Accuracy: 82.53% | L1: 85.20% | L2: 83.01% | L3: 79.38%
Epoch [7012/10000] Training Loss: 0.1884 Accuracy: 82.60% | L1: 85.30% | L2: 83.05% | L3: 79.44%
Validation Loss: 0.2010 
 Accuracy: 82.40% | L1: 85.94% | L2: 82.39% | L3: 78.87%
Epoch [7013/10000] Training Loss: 0.1880 Accuracy: 82.54% | L1: 85.14% | L2: 83.08% | L3: 79.42%
Epoch [7014/10000] Training Loss: 0.1876 Accuracy: 82.47% | L1: 84.90% | L2: 83.02% | L3: 79.48%
Validation Loss: 0.2017 
 Accuracy: 82.31% | L1: 85.78% | L2: 82.26% | L3: 78.89%
Epoch [7015/10000] Training Loss: 0.1879 Accuracy: 82.61% | L1: 85.26% | L2: 83.07% | L3: 79.51%
Epoch [7016/10000] Training Loss: 0.1880 Accuracy: 82.48% | L1: 85.01% | L2: 83.10% | L3: 79.31%
Validation Loss: 0.2000 
 Accuracy: 82.53% | L1: 86.01% | L2: 82.42% | L3: 79.16%
Epoch [7017/10000] Training Loss: 0.1876 Accuracy: 82.59% | L1: 85.14% | L2: 83.19% | L3: 79.42%
Epoch [7018/10000] Training Loss: 0.1877 Accuracy: 82.62% | L1: 85.14% | L2: 83.18% | L3: 79.53%
Validation Loss: 0.2011 
 Accuracy: 82.25% | L1: 85.77% | L2: 82.39% | L3: 78.60%
Epoch [7019/10000] Training Loss: 0.1878 Accuracy: 82.49% | L1: 85.05% | L2: 83.15% | L3: 79.28%
Epoch [7020/10000] Training Loss: 0.1869 Accuracy: 82.67% | L1: 85.22% | L2: 83.20% | L3: 79.59%
Validation Loss: 0.2010 
 Accuracy: 82.40% | L1: 85.93% | L2: 82.45% | L3: 78.83%
Epoch [7021/10000] Training Loss: 0.1869 Accuracy: 82.64% | L1: 85.21% | L2: 83.27% | L3: 79.44%
Epoch [7022/10000] Training Loss: 0.1872 Accuracy: 82.62% | L1: 85.20% | L2: 83.22% | L3: 79.43%
Validation Loss: 0.2006 
 Accuracy: 82.25% | L1: 86.01% | L2: 82.20% | L3: 78.54%
Epoch [7023/10000] Training Loss: 0.1872 Accuracy: 82.64% | L1: 85.26% | L2: 83.23% | L3: 79.41%
Epoch [7024/10000] Training Loss: 0.1870 Accuracy: 82.62% | L1: 85.19% | L2: 83.23% | L3: 79.44%
Validation Loss: 0.2013 
 Accuracy: 82.42% | L1: 85.94% | L2: 82.42% | L3: 78.90%
Epoch [7025/10000] Training Loss: 0.1869 Accuracy: 82.66% | L1: 85.24% | L2: 83.20% | L3: 79.55%
Epoch [7026/10000] Training Loss: 0.1872 Accuracy: 82.55% | L1: 84.97% | L2: 83.19% | L3: 79.49%
Validation Loss: 0.2037 
 Accuracy: 82.25% | L1: 85.73% | L2: 82.19% | L3: 78.81%
Epoch [7027/10000] Training Loss: 0.1866 Accuracy: 82.67% | L1: 85.20% | L2: 83.32% | L3: 79.49%
Epoch [7028/10000] Training Loss: 0.1859 Accuracy: 82.70% | L1: 85.17% | L2: 83.33% | L3: 79.60%
Validation Loss: 0.1996 
 Accuracy: 82.53% | L1: 85.82% | L2: 82.53% | L3: 79.24%
Epoch [7029/10000] Training Loss: 0.1868 Accuracy: 82.64% | L1: 85.06% | L2: 83.34% | L3: 79.53%
Epoch [7030/10000] Training Loss: 0.1868 Accuracy: 82.66% | L1: 85.11% | L2: 83.19% | L3: 79.68%
Validation Loss: 0.2041 
 Accuracy: 82.35% | L1: 85.86% | L2: 82.25% | L3: 78.96%
Epoch [7031/10000] Training Loss: 0.1859 Accuracy: 82.68% | L1: 85.12% | L2: 83.33% | L3: 79.59%
Epoch [7032/10000] Training Loss: 0.1858 Accuracy: 82.66% | L1: 85.12% | L2: 83.34% | L3: 79.51%
Validation Loss: 0.2040 
 Accuracy: 82.18% | L1: 85.80% | L2: 82.26% | L3: 78.47%
Epoch [7033/10000] Training Loss: 0.1861 Accuracy: 82.69% | L1: 85.20% | L2: 83.24% | L3: 79.64%
Epoch [7034/10000] Training Loss: 0.1867 Accuracy: 82.64% | L1: 85.17% | L2: 83.22% | L3: 79.52%
Validation Loss: 0.2041 
 Accuracy: 82.23% | L1: 85.93% | L2: 82.22% | L3: 78.53%
Epoch [7035/10000] Training Loss: 0.1864 Accuracy: 82.70% | L1: 85.20% | L2: 83.36% | L3: 79.54%
Epoch [7036/10000] Training Loss: 0.1859 Accuracy: 82.66% | L1: 85.06% | L2: 83.32% | L3: 79.60%
Validation Loss: 0.2009 
 Accuracy: 82.54% | L1: 86.03% | L2: 82.40% | L3: 79.18%
Epoch [7037/10000] Training Loss: 0.1853 Accuracy: 82.70% | L1: 85.09% | L2: 83.31% | L3: 79.70%
Epoch [7038/10000] Training Loss: 0.1871 Accuracy: 82.59% | L1: 85.12% | L2: 83.13% | L3: 79.51%
Validation Loss: 0.2028 
 Accuracy: 82.26% | L1: 85.79% | L2: 82.08% | L3: 78.90%
Epoch [7039/10000] Training Loss: 0.1856 Accuracy: 82.75% | L1: 85.15% | L2: 83.47% | L3: 79.65%
Epoch [7040/10000] Training Loss: 0.1858 Accuracy: 82.73% | L1: 85.16% | L2: 83.38% | L3: 79.66%
Validation Loss: 0.2011 
 Accuracy: 82.37% | L1: 85.72% | L2: 82.38% | L3: 79.02%
Epoch [7041/10000] Training Loss: 0.1858 Accuracy: 82.75% | L1: 85.32% | L2: 83.25% | L3: 79.69%
Epoch [7042/10000] Training Loss: 0.1855 Accuracy: 82.77% | L1: 85.22% | L2: 83.43% | L3: 79.65%
Validation Loss: 0.2027 
 Accuracy: 82.32% | L1: 85.49% | L2: 82.44% | L3: 79.03%
Epoch [7043/10000] Training Loss: 0.1856 Accuracy: 82.69% | L1: 84.93% | L2: 83.52% | L3: 79.61%
Epoch [7044/10000] Training Loss: 0.1848 Accuracy: 82.81% | L1: 85.26% | L2: 83.54% | L3: 79.64%
Validation Loss: 0.2035 
 Accuracy: 82.26% | L1: 85.93% | L2: 82.28% | L3: 78.58%
Epoch [7045/10000] Training Loss: 0.1848 Accuracy: 82.85% | L1: 85.26% | L2: 83.50% | L3: 79.78%
Epoch [7046/10000] Training Loss: 0.1847 Accuracy: 82.74% | L1: 85.04% | L2: 83.52% | L3: 79.67%
Validation Loss: 0.2019 
 Accuracy: 82.43% | L1: 86.00% | L2: 82.37% | L3: 78.92%
Epoch [7047/10000] Training Loss: 0.1847 Accuracy: 82.79% | L1: 85.08% | L2: 83.47% | L3: 79.81%
Epoch [7048/10000] Training Loss: 0.1852 Accuracy: 82.80% | L1: 85.32% | L2: 83.35% | L3: 79.71%
Validation Loss: 0.2019 
 Accuracy: 82.42% | L1: 85.72% | L2: 82.37% | L3: 79.19%
Epoch [7049/10000] Training Loss: 0.1858 Accuracy: 82.70% | L1: 85.20% | L2: 83.27% | L3: 79.64%
Epoch [7050/10000] Training Loss: 0.1848 Accuracy: 82.78% | L1: 85.17% | L2: 83.47% | L3: 79.71%
Validation Loss: 0.2026 
 Accuracy: 82.36% | L1: 85.83% | L2: 82.22% | L3: 79.04%
Epoch [7051/10000] Training Loss: 0.1841 Accuracy: 82.74% | L1: 85.03% | L2: 83.40% | L3: 79.79%
Epoch [7052/10000] Training Loss: 0.1845 Accuracy: 82.84% | L1: 85.20% | L2: 83.56% | L3: 79.76%
Validation Loss: 0.2037 
 Accuracy: 82.20% | L1: 85.96% | L2: 82.17% | L3: 78.48%
Epoch [7053/10000] Training Loss: 0.1843 Accuracy: 82.77% | L1: 85.16% | L2: 83.46% | L3: 79.70%
Epoch [7054/10000] Training Loss: 0.1840 Accuracy: 82.83% | L1: 85.28% | L2: 83.52% | L3: 79.70%
Validation Loss: 0.2031 
 Accuracy: 82.35% | L1: 85.90% | L2: 82.29% | L3: 78.85%
Epoch [7055/10000] Training Loss: 0.1846 Accuracy: 82.78% | L1: 85.06% | L2: 83.45% | L3: 79.84%
Epoch [7056/10000] Training Loss: 0.1830 Accuracy: 82.87% | L1: 85.10% | L2: 83.61% | L3: 79.89%
Validation Loss: 0.2052 
 Accuracy: 82.31% | L1: 85.98% | L2: 82.19% | L3: 78.77%
Epoch [7057/10000] Training Loss: 0.1834 Accuracy: 82.91% | L1: 85.31% | L2: 83.57% | L3: 79.86%
Epoch [7058/10000] Training Loss: 0.1843 Accuracy: 82.90% | L1: 85.34% | L2: 83.53% | L3: 79.85%
Validation Loss: 0.2023 
 Accuracy: 82.35% | L1: 85.86% | L2: 82.34% | L3: 78.86%
Epoch [7059/10000] Training Loss: 0.1838 Accuracy: 82.82% | L1: 85.03% | L2: 83.51% | L3: 79.91%
Epoch [7060/10000] Training Loss: 0.1843 Accuracy: 82.83% | L1: 85.11% | L2: 83.46% | L3: 79.92%
Validation Loss: 0.2022 
 Accuracy: 82.49% | L1: 85.88% | L2: 82.40% | L3: 79.19%
Epoch [7061/10000] Training Loss: 0.1842 Accuracy: 82.79% | L1: 85.00% | L2: 83.53% | L3: 79.83%
Epoch [7062/10000] Training Loss: 0.1837 Accuracy: 82.84% | L1: 85.08% | L2: 83.59% | L3: 79.85%
Validation Loss: 0.2047 
 Accuracy: 82.28% | L1: 85.92% | L2: 82.29% | L3: 78.64%
Epoch [7063/10000] Training Loss: 0.1829 Accuracy: 82.89% | L1: 85.10% | L2: 83.58% | L3: 80.00%
Epoch [7064/10000] Training Loss: 0.1833 Accuracy: 82.81% | L1: 84.95% | L2: 83.54% | L3: 79.94%
Validation Loss: 0.2027 
 Accuracy: 82.23% | L1: 85.83% | L2: 82.28% | L3: 78.56%
Epoch [7065/10000] Training Loss: 0.1837 Accuracy: 82.82% | L1: 85.12% | L2: 83.54% | L3: 79.80%
Epoch [7066/10000] Training Loss: 0.1838 Accuracy: 82.83% | L1: 85.13% | L2: 83.53% | L3: 79.84%
Validation Loss: 0.2041 
 Accuracy: 82.28% | L1: 86.07% | L2: 82.19% | L3: 78.58%
Epoch [7067/10000] Training Loss: 0.1831 Accuracy: 82.93% | L1: 85.25% | L2: 83.57% | L3: 79.97%
Epoch [7068/10000] Training Loss: 0.1838 Accuracy: 82.88% | L1: 85.22% | L2: 83.60% | L3: 79.82%
Validation Loss: 0.2040 
 Accuracy: 82.29% | L1: 86.07% | L2: 82.12% | L3: 78.68%
Epoch [7069/10000] Training Loss: 0.1832 Accuracy: 82.94% | L1: 85.33% | L2: 83.53% | L3: 79.95%
Epoch [7070/10000] Training Loss: 0.1832 Accuracy: 82.88% | L1: 85.17% | L2: 83.51% | L3: 79.96%
Validation Loss: 0.2031 
 Accuracy: 82.27% | L1: 85.71% | L2: 82.30% | L3: 78.78%
Epoch [7071/10000] Training Loss: 0.1826 Accuracy: 83.01% | L1: 85.34% | L2: 83.60% | L3: 80.10%
Epoch [7072/10000] Training Loss: 0.1834 Accuracy: 82.87% | L1: 85.09% | L2: 83.57% | L3: 79.95%
Validation Loss: 0.2028 
 Accuracy: 82.42% | L1: 85.80% | L2: 82.18% | L3: 79.29%
Epoch [7073/10000] Training Loss: 0.1829 Accuracy: 83.01% | L1: 85.36% | L2: 83.68% | L3: 79.99%
Epoch [7074/10000] Training Loss: 0.1824 Accuracy: 82.88% | L1: 85.08% | L2: 83.59% | L3: 79.98%
Validation Loss: 0.2048 
 Accuracy: 82.39% | L1: 85.84% | L2: 82.18% | L3: 79.15%
Epoch [7075/10000] Training Loss: 0.1827 Accuracy: 82.92% | L1: 85.16% | L2: 83.64% | L3: 79.98%
Epoch [7076/10000] Training Loss: 0.1820 Accuracy: 82.92% | L1: 85.06% | L2: 83.76% | L3: 79.94%
Validation Loss: 0.2033 
 Accuracy: 82.39% | L1: 85.77% | L2: 82.40% | L3: 79.02%
Epoch [7077/10000] Training Loss: 0.1823 Accuracy: 82.96% | L1: 85.14% | L2: 83.76% | L3: 79.96%
Epoch [7078/10000] Training Loss: 0.1811 Accuracy: 82.89% | L1: 84.97% | L2: 83.81% | L3: 79.90%
Validation Loss: 0.2043 
 Accuracy: 82.32% | L1: 85.87% | L2: 82.29% | L3: 78.79%
Epoch [7079/10000] Training Loss: 0.1826 Accuracy: 82.89% | L1: 85.03% | L2: 83.67% | L3: 79.96%
Epoch [7080/10000] Training Loss: 0.1824 Accuracy: 82.91% | L1: 85.15% | L2: 83.68% | L3: 79.90%
Validation Loss: 0.2038 
 Accuracy: 82.39% | L1: 85.88% | L2: 82.33% | L3: 78.96%
Epoch [7081/10000] Training Loss: 0.1815 Accuracy: 82.94% | L1: 85.16% | L2: 83.60% | L3: 80.05%
Epoch [7082/10000] Training Loss: 0.1822 Accuracy: 82.92% | L1: 85.03% | L2: 83.75% | L3: 79.99%
Validation Loss: 0.2037 
 Accuracy: 82.41% | L1: 85.86% | L2: 82.37% | L3: 79.01%
Epoch [7083/10000] Training Loss: 0.1831 Accuracy: 82.85% | L1: 85.04% | L2: 83.62% | L3: 79.89%
Epoch [7084/10000] Training Loss: 0.1817 Accuracy: 82.95% | L1: 85.00% | L2: 83.82% | L3: 80.02%
Validation Loss: 0.2043 
 Accuracy: 82.40% | L1: 86.05% | L2: 82.23% | L3: 78.91%
Epoch [7085/10000] Training Loss: 0.1822 Accuracy: 82.99% | L1: 85.24% | L2: 83.70% | L3: 80.01%
Epoch [7086/10000] Training Loss: 0.1818 Accuracy: 83.01% | L1: 85.18% | L2: 83.83% | L3: 80.03%
Validation Loss: 0.2045 
 Accuracy: 82.32% | L1: 85.90% | L2: 82.33% | L3: 78.74%
Epoch [7087/10000] Training Loss: 0.1819 Accuracy: 82.99% | L1: 85.20% | L2: 83.71% | L3: 80.06%
Epoch [7088/10000] Training Loss: 0.1816 Accuracy: 82.96% | L1: 85.20% | L2: 83.72% | L3: 79.97%
Validation Loss: 0.2071 
 Accuracy: 82.07% | L1: 85.56% | L2: 82.20% | L3: 78.45%
Epoch [7089/10000] Training Loss: 0.1813 Accuracy: 83.09% | L1: 85.36% | L2: 83.80% | L3: 80.11%
Epoch [7090/10000] Training Loss: 0.1825 Accuracy: 82.97% | L1: 85.19% | L2: 83.67% | L3: 80.06%
Validation Loss: 0.2081 
 Accuracy: 82.11% | L1: 85.73% | L2: 81.98% | L3: 78.61%
Epoch [7091/10000] Training Loss: 0.1818 Accuracy: 83.05% | L1: 85.27% | L2: 83.85% | L3: 80.04%
Epoch [7092/10000] Training Loss: 0.1816 Accuracy: 82.98% | L1: 85.22% | L2: 83.68% | L3: 80.05%
Validation Loss: 0.2060 
 Accuracy: 82.16% | L1: 85.99% | L2: 82.00% | L3: 78.49%
Epoch [7093/10000] Training Loss: 0.1816 Accuracy: 83.06% | L1: 85.29% | L2: 83.80% | L3: 80.10%
Epoch [7094/10000] Training Loss: 0.1813 Accuracy: 83.06% | L1: 85.31% | L2: 83.77% | L3: 80.09%
Validation Loss: 0.2049 
 Accuracy: 82.35% | L1: 85.78% | L2: 82.20% | L3: 79.07%
Epoch [7095/10000] Training Loss: 0.1809 Accuracy: 82.99% | L1: 85.02% | L2: 83.85% | L3: 80.10%
Epoch [7096/10000] Training Loss: 0.1810 Accuracy: 83.05% | L1: 85.15% | L2: 83.86% | L3: 80.14%
Validation Loss: 0.2044 
 Accuracy: 82.42% | L1: 85.90% | L2: 82.30% | L3: 79.04%
Epoch [7097/10000] Training Loss: 0.1811 Accuracy: 83.12% | L1: 85.28% | L2: 83.91% | L3: 80.17%
Epoch [7098/10000] Training Loss: 0.1812 Accuracy: 83.05% | L1: 85.25% | L2: 83.84% | L3: 80.07%
Validation Loss: 0.2065 
 Accuracy: 82.22% | L1: 85.78% | L2: 82.20% | L3: 78.67%
Epoch [7099/10000] Training Loss: 0.1815 Accuracy: 83.06% | L1: 85.28% | L2: 83.81% | L3: 80.10%
Epoch [7100/10000] Training Loss: 0.1808 Accuracy: 83.05% | L1: 85.14% | L2: 83.82% | L3: 80.20%
Checkpoint 'best_vit_model_every_100_epoch' saved at epoch 7100
Validation Loss: 0.2052 
 Accuracy: 82.28% | L1: 85.84% | L2: 82.26% | L3: 78.75%
Epoch [7101/10000] Training Loss: 0.1813 Accuracy: 83.11% | L1: 85.33% | L2: 83.89% | L3: 80.12%
Epoch [7102/10000] Training Loss: 0.1808 Accuracy: 83.06% | L1: 85.30% | L2: 83.80% | L3: 80.09%
Validation Loss: 0.2053 
 Accuracy: 82.27% | L1: 85.74% | L2: 82.17% | L3: 78.90%
Loading checkpoint from best_vit_model.pth...
DEBUG: No improvement for several epochs. Consider early stopping or adjusting training.
Changing training datasets...
Train indices changed: True
Epoch [7103/10000] Training Loss: 0.1918 Accuracy: 82.43% | L1: 85.44% | L2: 82.81% | L3: 79.03%
Epoch [7104/10000] Training Loss: 0.1910 Accuracy: 82.38% | L1: 85.30% | L2: 82.90% | L3: 78.94%
Validation Loss: 0.1993 
 Accuracy: 82.44% | L1: 86.12% | L2: 82.40% | L3: 78.80%
Checkpoint saved at epoch 7104
Epoch [7105/10000] Training Loss: 0.1912 Accuracy: 82.41% | L1: 85.29% | L2: 82.89% | L3: 79.06%
Epoch [7106/10000] Training Loss: 0.1914 Accuracy: 82.46% | L1: 85.45% | L2: 82.96% | L3: 78.98%
Validation Loss: 0.1992 
 Accuracy: 82.41% | L1: 85.70% | L2: 82.63% | L3: 78.91%
Checkpoint saved at epoch 7106
Epoch [7107/10000] Training Loss: 0.1906 Accuracy: 82.41% | L1: 85.29% | L2: 82.89% | L3: 79.05%
Epoch [7108/10000] Training Loss: 0.1898 Accuracy: 82.50% | L1: 85.34% | L2: 82.96% | L3: 79.20%
Validation Loss: 0.1993 
 Accuracy: 82.49% | L1: 85.83% | L2: 82.55% | L3: 79.10%
Epoch [7109/10000] Training Loss: 0.1900 Accuracy: 82.53% | L1: 85.34% | L2: 83.05% | L3: 79.20%
Epoch [7110/10000] Training Loss: 0.1889 Accuracy: 82.53% | L1: 85.26% | L2: 82.98% | L3: 79.35%
Validation Loss: 0.2003 
 Accuracy: 82.35% | L1: 86.00% | L2: 82.32% | L3: 78.74%
Epoch [7111/10000] Training Loss: 0.1894 Accuracy: 82.48% | L1: 85.19% | L2: 83.03% | L3: 79.22%
Epoch [7112/10000] Training Loss: 0.1890 Accuracy: 82.57% | L1: 85.38% | L2: 83.07% | L3: 79.25%
Validation Loss: 0.1999 
 Accuracy: 82.53% | L1: 85.95% | L2: 82.51% | L3: 79.14%
Epoch [7113/10000] Training Loss: 0.1894 Accuracy: 82.53% | L1: 85.28% | L2: 83.05% | L3: 79.26%
Epoch [7114/10000] Training Loss: 0.1895 Accuracy: 82.57% | L1: 85.39% | L2: 83.03% | L3: 79.30%
Validation Loss: 0.1999 
 Accuracy: 82.37% | L1: 85.76% | L2: 82.57% | L3: 78.78%
Epoch [7115/10000] Training Loss: 0.1887 Accuracy: 82.59% | L1: 85.34% | L2: 83.12% | L3: 79.30%
Epoch [7116/10000] Training Loss: 0.1892 Accuracy: 82.55% | L1: 85.33% | L2: 83.10% | L3: 79.24%
Validation Loss: 0.1996 
 Accuracy: 82.39% | L1: 85.97% | L2: 82.36% | L3: 78.84%
Epoch [7117/10000] Training Loss: 0.1886 Accuracy: 82.57% | L1: 85.33% | L2: 83.06% | L3: 79.32%
Epoch [7118/10000] Training Loss: 0.1884 Accuracy: 82.61% | L1: 85.32% | L2: 83.21% | L3: 79.29%
Validation Loss: 0.1973 
 Accuracy: 82.63% | L1: 86.07% | L2: 82.61% | L3: 79.20%
Checkpoint saved at epoch 7118
Epoch [7119/10000] Training Loss: 0.1884 Accuracy: 82.60% | L1: 85.31% | L2: 83.26% | L3: 79.23%
Epoch [7120/10000] Training Loss: 0.1887 Accuracy: 82.55% | L1: 85.26% | L2: 83.15% | L3: 79.25%
Validation Loss: 0.2009 
 Accuracy: 82.43% | L1: 86.15% | L2: 82.33% | L3: 78.81%
Epoch [7121/10000] Training Loss: 0.1883 Accuracy: 82.56% | L1: 85.15% | L2: 83.26% | L3: 79.27%
Epoch [7122/10000] Training Loss: 0.1879 Accuracy: 82.68% | L1: 85.42% | L2: 83.25% | L3: 79.37%
Validation Loss: 0.1995 
 Accuracy: 82.37% | L1: 85.72% | L2: 82.44% | L3: 78.96%
Epoch [7123/10000] Training Loss: 0.1872 Accuracy: 82.68% | L1: 85.30% | L2: 83.32% | L3: 79.42%
Epoch [7124/10000] Training Loss: 0.1875 Accuracy: 82.63% | L1: 85.20% | L2: 83.32% | L3: 79.39%
Validation Loss: 0.1989 
 Accuracy: 82.44% | L1: 85.82% | L2: 82.50% | L3: 79.01%
Epoch [7125/10000] Training Loss: 0.1877 Accuracy: 82.74% | L1: 85.47% | L2: 83.42% | L3: 79.31%
Epoch [7126/10000] Training Loss: 0.1878 Accuracy: 82.59% | L1: 85.13% | L2: 83.26% | L3: 79.38%
Validation Loss: 0.1986 
 Accuracy: 82.46% | L1: 85.84% | L2: 82.59% | L3: 78.94%
Epoch [7127/10000] Training Loss: 0.1875 Accuracy: 82.70% | L1: 85.35% | L2: 83.31% | L3: 79.44%
Epoch [7128/10000] Training Loss: 0.1878 Accuracy: 82.67% | L1: 85.44% | L2: 83.17% | L3: 79.38%
Validation Loss: 0.2001 
 Accuracy: 82.43% | L1: 86.09% | L2: 82.36% | L3: 78.83%
Epoch [7129/10000] Training Loss: 0.1874 Accuracy: 82.64% | L1: 85.22% | L2: 83.31% | L3: 79.40%
Epoch [7130/10000] Training Loss: 0.1870 Accuracy: 82.75% | L1: 85.43% | L2: 83.38% | L3: 79.43%
Validation Loss: 0.1995 
 Accuracy: 82.58% | L1: 85.88% | L2: 82.55% | L3: 79.32%
Epoch [7131/10000] Training Loss: 0.1865 Accuracy: 82.71% | L1: 85.17% | L2: 83.42% | L3: 79.54%
Epoch [7132/10000] Training Loss: 0.1868 Accuracy: 82.72% | L1: 85.27% | L2: 83.28% | L3: 79.59%
Validation Loss: 0.2024 
 Accuracy: 82.38% | L1: 85.80% | L2: 82.42% | L3: 78.93%
Epoch [7133/10000] Training Loss: 0.1860 Accuracy: 82.78% | L1: 85.27% | L2: 83.48% | L3: 79.59%
Epoch [7134/10000] Training Loss: 0.1869 Accuracy: 82.65% | L1: 85.18% | L2: 83.26% | L3: 79.53%
Validation Loss: 0.2029 
 Accuracy: 82.15% | L1: 85.46% | L2: 82.28% | L3: 78.69%
Epoch [7135/10000] Training Loss: 0.1868 Accuracy: 82.74% | L1: 85.44% | L2: 83.29% | L3: 79.49%
Epoch [7136/10000] Training Loss: 0.1867 Accuracy: 82.75% | L1: 85.36% | L2: 83.30% | L3: 79.60%
Validation Loss: 0.2008 
 Accuracy: 82.47% | L1: 85.81% | L2: 82.47% | L3: 79.14%
Epoch [7137/10000] Training Loss: 0.1870 Accuracy: 82.76% | L1: 85.47% | L2: 83.39% | L3: 79.43%
Epoch [7138/10000] Training Loss: 0.1858 Accuracy: 82.77% | L1: 85.31% | L2: 83.44% | L3: 79.57%
Validation Loss: 0.2029 
 Accuracy: 82.40% | L1: 85.98% | L2: 82.38% | L3: 78.83%
Epoch [7139/10000] Training Loss: 0.1867 Accuracy: 82.78% | L1: 85.40% | L2: 83.27% | L3: 79.66%
Epoch [7140/10000] Training Loss: 0.1862 Accuracy: 82.82% | L1: 85.44% | L2: 83.38% | L3: 79.64%
Validation Loss: 0.2017 
 Accuracy: 82.39% | L1: 85.90% | L2: 82.36% | L3: 78.93%
Epoch [7141/10000] Training Loss: 0.1861 Accuracy: 82.80% | L1: 85.47% | L2: 83.36% | L3: 79.56%
Epoch [7142/10000] Training Loss: 0.1862 Accuracy: 82.79% | L1: 85.34% | L2: 83.46% | L3: 79.57%
Validation Loss: 0.2028 
 Accuracy: 82.22% | L1: 85.84% | L2: 82.24% | L3: 78.58%
Epoch [7143/10000] Training Loss: 0.1860 Accuracy: 82.77% | L1: 85.34% | L2: 83.45% | L3: 79.52%
Epoch [7144/10000] Training Loss: 0.1852 Accuracy: 82.79% | L1: 85.21% | L2: 83.55% | L3: 79.61%
Validation Loss: 0.2027 
 Accuracy: 82.35% | L1: 86.13% | L2: 82.15% | L3: 78.77%
Epoch [7145/10000] Training Loss: 0.1858 Accuracy: 82.81% | L1: 85.42% | L2: 83.48% | L3: 79.54%
Epoch [7146/10000] Training Loss: 0.1864 Accuracy: 82.73% | L1: 85.23% | L2: 83.45% | L3: 79.52%
Validation Loss: 0.2012 
 Accuracy: 82.42% | L1: 85.85% | L2: 82.40% | L3: 79.00%
Epoch [7147/10000] Training Loss: 0.1858 Accuracy: 82.78% | L1: 85.34% | L2: 83.39% | L3: 79.61%
Epoch [7148/10000] Training Loss: 0.1856 Accuracy: 82.85% | L1: 85.48% | L2: 83.52% | L3: 79.56%
Validation Loss: 0.2011 
 Accuracy: 82.43% | L1: 85.85% | L2: 82.43% | L3: 79.01%
Epoch [7149/10000] Training Loss: 0.1846 Accuracy: 82.78% | L1: 85.22% | L2: 83.39% | L3: 79.74%
Epoch [7150/10000] Training Loss: 0.1857 Accuracy: 82.79% | L1: 85.33% | L2: 83.48% | L3: 79.56%
Validation Loss: 0.2006 
 Accuracy: 82.61% | L1: 86.18% | L2: 82.44% | L3: 79.20%
Epoch [7151/10000] Training Loss: 0.1859 Accuracy: 82.73% | L1: 85.23% | L2: 83.36% | L3: 79.61%
Epoch [7152/10000] Training Loss: 0.1847 Accuracy: 82.80% | L1: 85.14% | L2: 83.46% | L3: 79.80%
Validation Loss: 0.2021 
 Accuracy: 82.38% | L1: 85.88% | L2: 82.45% | L3: 78.83%
Epoch [7153/10000] Training Loss: 0.1858 Accuracy: 82.81% | L1: 85.36% | L2: 83.52% | L3: 79.56%
Epoch [7154/10000] Training Loss: 0.1851 Accuracy: 82.81% | L1: 85.30% | L2: 83.52% | L3: 79.60%
Validation Loss: 0.2026 
 Accuracy: 82.23% | L1: 85.50% | L2: 82.29% | L3: 78.91%
Epoch [7155/10000] Training Loss: 0.1848 Accuracy: 82.92% | L1: 85.37% | L2: 83.59% | L3: 79.80%
Epoch [7156/10000] Training Loss: 0.1840 Accuracy: 82.93% | L1: 85.28% | L2: 83.60% | L3: 79.92%
Validation Loss: 0.2022 
 Accuracy: 82.42% | L1: 85.91% | L2: 82.49% | L3: 78.86%
Epoch [7157/10000] Training Loss: 0.1843 Accuracy: 82.90% | L1: 85.30% | L2: 83.64% | L3: 79.77%
Epoch [7158/10000] Training Loss: 0.1850 Accuracy: 82.89% | L1: 85.52% | L2: 83.56% | L3: 79.58%
Validation Loss: 0.2033 
 Accuracy: 82.27% | L1: 85.82% | L2: 82.26% | L3: 78.72%
Epoch [7159/10000] Training Loss: 0.1847 Accuracy: 82.90% | L1: 85.52% | L2: 83.55% | L3: 79.64%
Epoch [7160/10000] Training Loss: 0.1844 Accuracy: 82.91% | L1: 85.39% | L2: 83.58% | L3: 79.77%
Validation Loss: 0.2007 
 Accuracy: 82.57% | L1: 85.84% | L2: 82.55% | L3: 79.32%
Epoch [7161/10000] Training Loss: 0.1846 Accuracy: 82.88% | L1: 85.22% | L2: 83.58% | L3: 79.83%
Epoch [7162/10000] Training Loss: 0.1840 Accuracy: 82.87% | L1: 85.25% | L2: 83.56% | L3: 79.80%
Validation Loss: 0.2030 
 Accuracy: 82.36% | L1: 85.71% | L2: 82.29% | L3: 79.07%
Epoch [7163/10000] Training Loss: 0.1841 Accuracy: 82.88% | L1: 85.27% | L2: 83.56% | L3: 79.80%
Epoch [7164/10000] Training Loss: 0.1848 Accuracy: 82.95% | L1: 85.44% | L2: 83.60% | L3: 79.83%
Validation Loss: 0.2051 
 Accuracy: 82.11% | L1: 85.81% | L2: 82.13% | L3: 78.38%
Epoch [7165/10000] Training Loss: 0.1840 Accuracy: 82.85% | L1: 85.23% | L2: 83.65% | L3: 79.67%
Epoch [7166/10000] Training Loss: 0.1842 Accuracy: 82.93% | L1: 85.38% | L2: 83.49% | L3: 79.90%
Validation Loss: 0.2028 
 Accuracy: 82.39% | L1: 85.90% | L2: 82.35% | L3: 78.92%
Epoch [7167/10000] Training Loss: 0.1844 Accuracy: 82.90% | L1: 85.37% | L2: 83.63% | L3: 79.69%
Epoch [7168/10000] Training Loss: 0.1838 Accuracy: 83.04% | L1: 85.54% | L2: 83.68% | L3: 79.90%
Validation Loss: 0.2032 
 Accuracy: 82.29% | L1: 86.08% | L2: 82.10% | L3: 78.68%
Epoch [7169/10000] Training Loss: 0.1837 Accuracy: 82.91% | L1: 85.27% | L2: 83.63% | L3: 79.83%
Epoch [7170/10000] Training Loss: 0.1837 Accuracy: 82.87% | L1: 85.34% | L2: 83.59% | L3: 79.67%
Validation Loss: 0.2057 
 Accuracy: 82.22% | L1: 85.85% | L2: 82.15% | L3: 78.65%
Epoch [7171/10000] Training Loss: 0.1835 Accuracy: 82.95% | L1: 85.30% | L2: 83.68% | L3: 79.86%
Epoch [7172/10000] Training Loss: 0.1831 Accuracy: 83.02% | L1: 85.55% | L2: 83.54% | L3: 79.97%
Validation Loss: 0.2010 
 Accuracy: 82.39% | L1: 85.92% | L2: 82.37% | L3: 78.88%
Epoch [7173/10000] Training Loss: 0.1834 Accuracy: 82.96% | L1: 85.42% | L2: 83.64% | L3: 79.82%
Epoch [7174/10000] Training Loss: 0.1840 Accuracy: 82.99% | L1: 85.44% | L2: 83.65% | L3: 79.89%
Validation Loss: 0.2027 
 Accuracy: 82.48% | L1: 86.06% | L2: 82.43% | L3: 78.97%
Epoch [7175/10000] Training Loss: 0.1832 Accuracy: 82.90% | L1: 85.17% | L2: 83.78% | L3: 79.76%
Epoch [7176/10000] Training Loss: 0.1838 Accuracy: 82.95% | L1: 85.42% | L2: 83.63% | L3: 79.80%
Validation Loss: 0.2035 
 Accuracy: 82.39% | L1: 85.76% | L2: 82.38% | L3: 79.04%
Epoch [7177/10000] Training Loss: 0.1829 Accuracy: 83.01% | L1: 85.32% | L2: 83.70% | L3: 80.01%
Epoch [7178/10000] Training Loss: 0.1827 Accuracy: 83.01% | L1: 85.41% | L2: 83.72% | L3: 79.91%
Validation Loss: 0.2035 
 Accuracy: 82.28% | L1: 85.67% | L2: 82.35% | L3: 78.81%
Epoch [7179/10000] Training Loss: 0.1830 Accuracy: 82.98% | L1: 85.26% | L2: 83.78% | L3: 79.90%
Epoch [7180/10000] Training Loss: 0.1831 Accuracy: 82.96% | L1: 85.31% | L2: 83.73% | L3: 79.86%
Validation Loss: 0.2022 
 Accuracy: 82.42% | L1: 85.66% | L2: 82.54% | L3: 79.06%
Epoch [7181/10000] Training Loss: 0.1827 Accuracy: 83.09% | L1: 85.47% | L2: 83.91% | L3: 79.89%
Epoch [7182/10000] Training Loss: 0.1817 Accuracy: 83.05% | L1: 85.42% | L2: 83.70% | L3: 80.03%
Validation Loss: 0.2043 
 Accuracy: 82.27% | L1: 85.76% | L2: 82.32% | L3: 78.74%
Epoch [7183/10000] Training Loss: 0.1830 Accuracy: 83.04% | L1: 85.59% | L2: 83.75% | L3: 79.77%
Epoch [7184/10000] Training Loss: 0.1833 Accuracy: 82.97% | L1: 85.35% | L2: 83.68% | L3: 79.87%
Validation Loss: 0.2040 
 Accuracy: 82.33% | L1: 86.01% | L2: 82.18% | L3: 78.81%
Epoch [7185/10000] Training Loss: 0.1825 Accuracy: 83.10% | L1: 85.57% | L2: 83.79% | L3: 79.92%
Epoch [7186/10000] Training Loss: 0.1827 Accuracy: 83.05% | L1: 85.35% | L2: 83.86% | L3: 79.92%
Validation Loss: 0.2017 
 Accuracy: 82.37% | L1: 85.65% | L2: 82.47% | L3: 78.99%
Epoch [7187/10000] Training Loss: 0.1821 Accuracy: 83.00% | L1: 85.13% | L2: 83.97% | L3: 79.91%
Epoch [7188/10000] Training Loss: 0.1827 Accuracy: 82.98% | L1: 85.25% | L2: 83.85% | L3: 79.84%
Validation Loss: 0.2068 
 Accuracy: 82.26% | L1: 85.91% | L2: 82.13% | L3: 78.74%
Epoch [7189/10000] Training Loss: 0.1824 Accuracy: 83.08% | L1: 85.44% | L2: 83.85% | L3: 79.96%
Epoch [7190/10000] Training Loss: 0.1830 Accuracy: 82.98% | L1: 85.16% | L2: 83.84% | L3: 79.95%
Validation Loss: 0.2041 
 Accuracy: 82.20% | L1: 85.74% | L2: 82.33% | L3: 78.54%
Epoch [7191/10000] Training Loss: 0.1817 Accuracy: 83.02% | L1: 85.24% | L2: 83.85% | L3: 79.99%
Epoch [7192/10000] Training Loss: 0.1817 Accuracy: 83.09% | L1: 85.40% | L2: 83.86% | L3: 80.01%
Validation Loss: 0.2046 
 Accuracy: 82.30% | L1: 85.89% | L2: 82.15% | L3: 78.86%
Epoch [7193/10000] Training Loss: 0.1822 Accuracy: 83.07% | L1: 85.44% | L2: 83.85% | L3: 79.92%
Epoch [7194/10000] Training Loss: 0.1820 Accuracy: 83.15% | L1: 85.55% | L2: 83.84% | L3: 80.06%
Validation Loss: 0.2060 
 Accuracy: 82.25% | L1: 85.96% | L2: 82.24% | L3: 78.55%
Epoch [7195/10000] Training Loss: 0.1815 Accuracy: 83.11% | L1: 85.35% | L2: 83.87% | L3: 80.12%
Epoch [7196/10000] Training Loss: 0.1812 Accuracy: 83.14% | L1: 85.54% | L2: 83.91% | L3: 79.99%
Validation Loss: 0.2069 
 Accuracy: 81.96% | L1: 85.55% | L2: 82.11% | L3: 78.23%
Epoch [7197/10000] Training Loss: 0.1813 Accuracy: 83.13% | L1: 85.43% | L2: 84.01% | L3: 79.95%
Epoch [7198/10000] Training Loss: 0.1822 Accuracy: 83.08% | L1: 85.44% | L2: 83.75% | L3: 80.06%
Validation Loss: 0.2062 
 Accuracy: 82.06% | L1: 85.81% | L2: 82.07% | L3: 78.31%
Epoch [7199/10000] Training Loss: 0.1813 Accuracy: 83.09% | L1: 85.38% | L2: 83.86% | L3: 80.04%
Epoch [7200/10000] Training Loss: 0.1810 Accuracy: 83.16% | L1: 85.39% | L2: 83.97% | L3: 80.13%
Checkpoint 'best_vit_model_every_100_epoch' saved at epoch 7200
Validation Loss: 0.2047 
 Accuracy: 82.27% | L1: 85.94% | L2: 82.17% | L3: 78.70%
Epoch [7201/10000] Training Loss: 0.1809 Accuracy: 83.16% | L1: 85.49% | L2: 83.94% | L3: 80.06%
Epoch [7202/10000] Training Loss: 0.1808 Accuracy: 83.16% | L1: 85.53% | L2: 83.89% | L3: 80.08%
Validation Loss: 0.2049 
 Accuracy: 82.29% | L1: 85.91% | L2: 82.12% | L3: 78.84%
Epoch [7203/10000] Training Loss: 0.1820 Accuracy: 83.08% | L1: 85.34% | L2: 83.85% | L3: 80.04%
Epoch [7204/10000] Training Loss: 0.1812 Accuracy: 83.09% | L1: 85.37% | L2: 83.78% | L3: 80.11%
Validation Loss: 0.2053 
 Accuracy: 82.21% | L1: 85.67% | L2: 82.28% | L3: 78.67%
Epoch [7205/10000] Training Loss: 0.1810 Accuracy: 83.15% | L1: 85.36% | L2: 83.93% | L3: 80.18%
Epoch [7206/10000] Training Loss: 0.1816 Accuracy: 83.05% | L1: 85.29% | L2: 83.87% | L3: 79.99%
Validation Loss: 0.2046 
 Accuracy: 82.27% | L1: 85.89% | L2: 82.30% | L3: 78.62%
Epoch [7207/10000] Training Loss: 0.1812 Accuracy: 83.12% | L1: 85.28% | L2: 83.93% | L3: 80.13%
Epoch [7208/10000] Training Loss: 0.1805 Accuracy: 83.23% | L1: 85.42% | L2: 84.03% | L3: 80.25%
Validation Loss: 0.2048 
 Accuracy: 82.16% | L1: 85.71% | L2: 82.17% | L3: 78.59%
Epoch [7209/10000] Training Loss: 0.1804 Accuracy: 83.06% | L1: 85.02% | L2: 83.92% | L3: 80.25%
Epoch [7210/10000] Training Loss: 0.1810 Accuracy: 83.17% | L1: 85.37% | L2: 84.00% | L3: 80.12%
Validation Loss: 0.2049 
 Accuracy: 82.23% | L1: 85.97% | L2: 82.12% | L3: 78.59%
Epoch [7211/10000] Training Loss: 0.1806 Accuracy: 83.09% | L1: 85.25% | L2: 83.89% | L3: 80.13%
Epoch [7212/10000] Training Loss: 0.1804 Accuracy: 83.14% | L1: 85.24% | L2: 84.06% | L3: 80.12%
Validation Loss: 0.2045 
 Accuracy: 82.36% | L1: 85.68% | L2: 82.36% | L3: 79.04%
Epoch [7213/10000] Training Loss: 0.1806 Accuracy: 83.17% | L1: 85.28% | L2: 84.02% | L3: 80.19%
Epoch [7214/10000] Training Loss: 0.1806 Accuracy: 83.22% | L1: 85.47% | L2: 83.96% | L3: 80.23%
Validation Loss: 0.2025 
 Accuracy: 82.35% | L1: 85.85% | L2: 82.29% | L3: 78.91%
Epoch [7215/10000] Training Loss: 0.1803 Accuracy: 83.17% | L1: 85.29% | L2: 84.08% | L3: 80.14%
Epoch [7216/10000] Training Loss: 0.1809 Accuracy: 83.18% | L1: 85.40% | L2: 83.95% | L3: 80.20%
Validation Loss: 0.2053 
 Accuracy: 82.22% | L1: 86.04% | L2: 82.10% | L3: 78.53%
Epoch [7217/10000] Training Loss: 0.1802 Accuracy: 83.22% | L1: 85.42% | L2: 84.01% | L3: 80.24%
Epoch [7218/10000] Training Loss: 0.1801 Accuracy: 83.21% | L1: 85.35% | L2: 84.11% | L3: 80.17%
Validation Loss: 0.2064 
 Accuracy: 82.29% | L1: 86.00% | L2: 82.19% | L3: 78.68%
Loading checkpoint from best_vit_model.pth...
DEBUG: No improvement for several epochs. Consider early stopping or adjusting training.
Changing training datasets...
Train indices changed: True
Epoch [7219/10000] Training Loss: 0.1933 Accuracy: 82.20% | L1: 85.12% | L2: 82.63% | L3: 78.86%
Epoch [7220/10000] Training Loss: 0.1932 Accuracy: 82.25% | L1: 85.15% | L2: 82.68% | L3: 78.94%
Validation Loss: 0.2002 
 Accuracy: 82.23% | L1: 85.66% | L2: 82.37% | L3: 78.67%
Checkpoint saved at epoch 7220
Epoch [7221/10000] Training Loss: 0.1920 Accuracy: 82.29% | L1: 85.17% | L2: 82.71% | L3: 78.99%
Epoch [7222/10000] Training Loss: 0.1910 Accuracy: 82.41% | L1: 85.11% | L2: 83.07% | L3: 79.05%
Validation Loss: 0.2007 
 Accuracy: 82.23% | L1: 85.67% | L2: 82.29% | L3: 78.72%
Epoch [7223/10000] Training Loss: 0.1920 Accuracy: 82.40% | L1: 85.17% | L2: 82.99% | L3: 79.03%
Epoch [7224/10000] Training Loss: 0.1918 Accuracy: 82.43% | L1: 85.40% | L2: 82.88% | L3: 79.02%
Validation Loss: 0.1995 
 Accuracy: 82.43% | L1: 85.74% | L2: 82.41% | L3: 79.13%
Checkpoint saved at epoch 7224
Epoch [7225/10000] Training Loss: 0.1914 Accuracy: 82.36% | L1: 85.11% | L2: 82.93% | L3: 79.03%
Epoch [7226/10000] Training Loss: 0.1898 Accuracy: 82.44% | L1: 85.01% | L2: 83.03% | L3: 79.29%
Validation Loss: 0.1990 
 Accuracy: 82.46% | L1: 85.85% | L2: 82.57% | L3: 78.96%
Checkpoint saved at epoch 7226
Epoch [7227/10000] Training Loss: 0.1915 Accuracy: 82.38% | L1: 85.12% | L2: 82.87% | L3: 79.16%
Epoch [7228/10000] Training Loss: 0.1906 Accuracy: 82.48% | L1: 85.27% | L2: 82.99% | L3: 79.19%
Validation Loss: 0.1989 
 Accuracy: 82.54% | L1: 86.00% | L2: 82.46% | L3: 79.16%
Checkpoint saved at epoch 7228
Epoch [7229/10000] Training Loss: 0.1905 Accuracy: 82.54% | L1: 85.40% | L2: 82.93% | L3: 79.29%
Epoch [7230/10000] Training Loss: 0.1896 Accuracy: 82.48% | L1: 85.23% | L2: 83.01% | L3: 79.20%
Validation Loss: 0.2019 
 Accuracy: 82.12% | L1: 85.32% | L2: 82.26% | L3: 78.78%
Epoch [7231/10000] Training Loss: 0.1904 Accuracy: 82.47% | L1: 85.23% | L2: 83.04% | L3: 79.13%
Epoch [7232/10000] Training Loss: 0.1903 Accuracy: 82.45% | L1: 85.19% | L2: 82.94% | L3: 79.21%
Validation Loss: 0.2001 
 Accuracy: 82.31% | L1: 85.86% | L2: 82.24% | L3: 78.81%
Epoch [7233/10000] Training Loss: 0.1894 Accuracy: 82.53% | L1: 85.19% | L2: 82.99% | L3: 79.42%
Epoch [7234/10000] Training Loss: 0.1889 Accuracy: 82.47% | L1: 85.12% | L2: 83.09% | L3: 79.21%
Validation Loss: 0.2037 
 Accuracy: 82.13% | L1: 85.91% | L2: 82.10% | L3: 78.39%
Epoch [7235/10000] Training Loss: 0.1899 Accuracy: 82.49% | L1: 85.21% | L2: 83.02% | L3: 79.24%
Epoch [7236/10000] Training Loss: 0.1896 Accuracy: 82.54% | L1: 85.29% | L2: 83.04% | L3: 79.30%
Validation Loss: 0.1992 
 Accuracy: 82.37% | L1: 85.82% | L2: 82.46% | L3: 78.83%
Epoch [7237/10000] Training Loss: 0.1894 Accuracy: 82.61% | L1: 85.43% | L2: 83.01% | L3: 79.39%
Epoch [7238/10000] Training Loss: 0.1885 Accuracy: 82.47% | L1: 84.96% | L2: 83.00% | L3: 79.47%
Validation Loss: 0.2013 
 Accuracy: 82.29% | L1: 85.81% | L2: 82.32% | L3: 78.74%
Epoch [7239/10000] Training Loss: 0.1888 Accuracy: 82.54% | L1: 85.16% | L2: 83.05% | L3: 79.40%
Epoch [7240/10000] Training Loss: 0.1889 Accuracy: 82.55% | L1: 85.16% | L2: 83.13% | L3: 79.35%
Validation Loss: 0.1986 
 Accuracy: 82.56% | L1: 86.13% | L2: 82.45% | L3: 79.09%
Checkpoint saved at epoch 7240
Epoch [7241/10000] Training Loss: 0.1887 Accuracy: 82.65% | L1: 85.33% | L2: 83.25% | L3: 79.37%
Epoch [7242/10000] Training Loss: 0.1890 Accuracy: 82.55% | L1: 85.21% | L2: 83.07% | L3: 79.37%
Validation Loss: 0.2003 
 Accuracy: 82.39% | L1: 85.80% | L2: 82.39% | L3: 78.98%
Epoch [7243/10000] Training Loss: 0.1886 Accuracy: 82.60% | L1: 85.19% | L2: 83.11% | L3: 79.50%
Epoch [7244/10000] Training Loss: 0.1891 Accuracy: 82.63% | L1: 85.24% | L2: 83.18% | L3: 79.46%
Validation Loss: 0.2001 
 Accuracy: 82.42% | L1: 85.81% | L2: 82.40% | L3: 79.06%
Epoch [7245/10000] Training Loss: 0.1881 Accuracy: 82.65% | L1: 85.33% | L2: 83.20% | L3: 79.43%
Epoch [7246/10000] Training Loss: 0.1877 Accuracy: 82.68% | L1: 85.25% | L2: 83.31% | L3: 79.48%
Validation Loss: 0.2005 
 Accuracy: 82.41% | L1: 85.77% | L2: 82.37% | L3: 79.10%
Epoch [7247/10000] Training Loss: 0.1875 Accuracy: 82.71% | L1: 85.32% | L2: 83.23% | L3: 79.57%
Epoch [7248/10000] Training Loss: 0.1876 Accuracy: 82.66% | L1: 85.23% | L2: 83.27% | L3: 79.48%
Validation Loss: 0.1996 
 Accuracy: 82.49% | L1: 85.95% | L2: 82.43% | L3: 79.10%
Epoch [7249/10000] Training Loss: 0.1875 Accuracy: 82.63% | L1: 85.11% | L2: 83.28% | L3: 79.49%
Epoch [7250/10000] Training Loss: 0.1873 Accuracy: 82.70% | L1: 85.26% | L2: 83.24% | L3: 79.61%
Validation Loss: 0.2025 
 Accuracy: 82.20% | L1: 85.64% | L2: 82.15% | L3: 78.82%
Epoch [7251/10000] Training Loss: 0.1871 Accuracy: 82.62% | L1: 85.17% | L2: 83.22% | L3: 79.48%
Epoch [7252/10000] Training Loss: 0.1873 Accuracy: 82.69% | L1: 85.17% | L2: 83.28% | L3: 79.62%
Validation Loss: 0.2007 
 Accuracy: 82.40% | L1: 85.83% | L2: 82.37% | L3: 79.01%
Epoch [7253/10000] Training Loss: 0.1871 Accuracy: 82.62% | L1: 85.13% | L2: 83.23% | L3: 79.51%
Epoch [7254/10000] Training Loss: 0.1878 Accuracy: 82.71% | L1: 85.24% | L2: 83.35% | L3: 79.54%
Validation Loss: 0.2014 
 Accuracy: 82.28% | L1: 85.96% | L2: 82.19% | L3: 78.70%
Epoch [7255/10000] Training Loss: 0.1863 Accuracy: 82.68% | L1: 85.04% | L2: 83.40% | L3: 79.60%
Epoch [7256/10000] Training Loss: 0.1874 Accuracy: 82.70% | L1: 85.24% | L2: 83.30% | L3: 79.55%
Validation Loss: 0.2011 
 Accuracy: 82.43% | L1: 85.80% | L2: 82.39% | L3: 79.10%
Epoch [7257/10000] Training Loss: 0.1864 Accuracy: 82.72% | L1: 85.21% | L2: 83.36% | L3: 79.58%
Epoch [7258/10000] Training Loss: 0.1879 Accuracy: 82.58% | L1: 85.07% | L2: 83.30% | L3: 79.39%
Validation Loss: 0.2020 
 Accuracy: 82.32% | L1: 86.05% | L2: 82.27% | L3: 78.65%
Epoch [7259/10000] Training Loss: 0.1867 Accuracy: 82.71% | L1: 85.21% | L2: 83.37% | L3: 79.56%
Epoch [7260/10000] Training Loss: 0.1864 Accuracy: 82.78% | L1: 85.32% | L2: 83.38% | L3: 79.65%
Validation Loss: 0.2025 
 Accuracy: 82.28% | L1: 85.77% | L2: 82.33% | L3: 78.75%
Epoch [7261/10000] Training Loss: 0.1865 Accuracy: 82.80% | L1: 85.45% | L2: 83.43% | L3: 79.50%
Epoch [7262/10000] Training Loss: 0.1865 Accuracy: 82.75% | L1: 85.21% | L2: 83.39% | L3: 79.66%
Validation Loss: 0.2002 
 Accuracy: 82.58% | L1: 86.05% | L2: 82.51% | L3: 79.17%
Epoch [7263/10000] Training Loss: 0.1856 Accuracy: 82.82% | L1: 85.24% | L2: 83.42% | L3: 79.81%
Epoch [7264/10000] Training Loss: 0.1863 Accuracy: 82.74% | L1: 85.14% | L2: 83.46% | L3: 79.62%
Validation Loss: 0.2023 
 Accuracy: 82.33% | L1: 85.95% | L2: 82.52% | L3: 78.51%
Epoch [7265/10000] Training Loss: 0.1862 Accuracy: 82.73% | L1: 85.13% | L2: 83.46% | L3: 79.59%
Epoch [7266/10000] Training Loss: 0.1870 Accuracy: 82.79% | L1: 85.38% | L2: 83.32% | L3: 79.66%
Validation Loss: 0.2016 
 Accuracy: 82.21% | L1: 85.79% | L2: 82.32% | L3: 78.52%
Epoch [7267/10000] Training Loss: 0.1863 Accuracy: 82.78% | L1: 85.31% | L2: 83.36% | L3: 79.68%
Epoch [7268/10000] Training Loss: 0.1858 Accuracy: 82.81% | L1: 85.31% | L2: 83.44% | L3: 79.68%
Validation Loss: 0.2004 
 Accuracy: 82.51% | L1: 85.65% | L2: 82.59% | L3: 79.30%
Epoch [7269/10000] Training Loss: 0.1855 Accuracy: 82.79% | L1: 85.20% | L2: 83.42% | L3: 79.74%
Epoch [7270/10000] Training Loss: 0.1849 Accuracy: 82.85% | L1: 85.29% | L2: 83.50% | L3: 79.75%
Validation Loss: 0.2021 
 Accuracy: 82.30% | L1: 85.84% | L2: 82.26% | L3: 78.81%
Epoch [7271/10000] Training Loss: 0.1860 Accuracy: 82.76% | L1: 85.20% | L2: 83.32% | L3: 79.75%
Epoch [7272/10000] Training Loss: 0.1855 Accuracy: 82.87% | L1: 85.37% | L2: 83.50% | L3: 79.72%
Validation Loss: 0.2023 
 Accuracy: 82.35% | L1: 85.85% | L2: 82.43% | L3: 78.78%
Epoch [7273/10000] Training Loss: 0.1855 Accuracy: 82.76% | L1: 85.10% | L2: 83.50% | L3: 79.68%
Epoch [7274/10000] Training Loss: 0.1855 Accuracy: 82.81% | L1: 85.22% | L2: 83.39% | L3: 79.81%
Validation Loss: 0.2011 
 Accuracy: 82.53% | L1: 85.79% | L2: 82.36% | L3: 79.45%
Epoch [7275/10000] Training Loss: 0.1850 Accuracy: 82.81% | L1: 85.27% | L2: 83.51% | L3: 79.66%
Epoch [7276/10000] Training Loss: 0.1846 Accuracy: 82.83% | L1: 85.18% | L2: 83.58% | L3: 79.74%
Validation Loss: 0.2028 
 Accuracy: 82.38% | L1: 85.75% | L2: 82.44% | L3: 78.94%
Epoch [7277/10000] Training Loss: 0.1847 Accuracy: 82.87% | L1: 85.22% | L2: 83.52% | L3: 79.88%
Epoch [7278/10000] Training Loss: 0.1851 Accuracy: 82.83% | L1: 85.23% | L2: 83.55% | L3: 79.70%
Validation Loss: 0.2031 
 Accuracy: 82.36% | L1: 86.00% | L2: 82.30% | L3: 78.77%
Epoch [7279/10000] Training Loss: 0.1851 Accuracy: 82.83% | L1: 85.26% | L2: 83.48% | L3: 79.76%
Epoch [7280/10000] Training Loss: 0.1846 Accuracy: 82.88% | L1: 85.30% | L2: 83.51% | L3: 79.82%
Validation Loss: 0.2014 
 Accuracy: 82.45% | L1: 85.93% | L2: 82.36% | L3: 79.04%
Epoch [7281/10000] Training Loss: 0.1855 Accuracy: 82.79% | L1: 85.24% | L2: 83.38% | L3: 79.74%
Epoch [7282/10000] Training Loss: 0.1852 Accuracy: 82.86% | L1: 85.23% | L2: 83.63% | L3: 79.74%
Validation Loss: 0.2028 
 Accuracy: 82.37% | L1: 85.92% | L2: 82.29% | L3: 78.91%
Epoch [7283/10000] Training Loss: 0.1856 Accuracy: 82.83% | L1: 85.30% | L2: 83.46% | L3: 79.74%
Epoch [7284/10000] Training Loss: 0.1845 Accuracy: 82.83% | L1: 85.26% | L2: 83.46% | L3: 79.76%
Validation Loss: 0.2026 
 Accuracy: 82.42% | L1: 85.77% | L2: 82.31% | L3: 79.16%
Epoch [7285/10000] Training Loss: 0.1841 Accuracy: 82.94% | L1: 85.33% | L2: 83.66% | L3: 79.84%
Epoch [7286/10000] Training Loss: 0.1840 Accuracy: 82.87% | L1: 85.15% | L2: 83.65% | L3: 79.81%
Validation Loss: 0.2026 
 Accuracy: 82.44% | L1: 86.09% | L2: 82.21% | L3: 79.02%
Epoch [7287/10000] Training Loss: 0.1850 Accuracy: 82.85% | L1: 85.24% | L2: 83.61% | L3: 79.71%
Epoch [7288/10000] Training Loss: 0.1839 Accuracy: 82.88% | L1: 85.24% | L2: 83.63% | L3: 79.77%
Validation Loss: 0.2037 
 Accuracy: 82.32% | L1: 85.89% | L2: 82.15% | L3: 78.93%
Epoch [7289/10000] Training Loss: 0.1845 Accuracy: 82.89% | L1: 85.18% | L2: 83.65% | L3: 79.84%
Epoch [7290/10000] Training Loss: 0.1839 Accuracy: 82.96% | L1: 85.32% | L2: 83.60% | L3: 79.96%
Validation Loss: 0.2035 
 Accuracy: 82.30% | L1: 85.92% | L2: 82.21% | L3: 78.75%
Epoch [7291/10000] Training Loss: 0.1841 Accuracy: 82.92% | L1: 85.20% | L2: 83.60% | L3: 79.97%
Epoch [7292/10000] Training Loss: 0.1841 Accuracy: 82.86% | L1: 85.18% | L2: 83.53% | L3: 79.87%
Validation Loss: 0.2009 
 Accuracy: 82.37% | L1: 85.97% | L2: 82.37% | L3: 78.78%
Epoch [7293/10000] Training Loss: 0.1839 Accuracy: 82.89% | L1: 85.19% | L2: 83.61% | L3: 79.86%
Epoch [7294/10000] Training Loss: 0.1846 Accuracy: 82.92% | L1: 85.31% | L2: 83.72% | L3: 79.73%
Validation Loss: 0.2045 
 Accuracy: 82.39% | L1: 85.80% | L2: 82.27% | L3: 79.08%
Epoch [7295/10000] Training Loss: 0.1839 Accuracy: 82.97% | L1: 85.38% | L2: 83.66% | L3: 79.86%
Epoch [7296/10000] Training Loss: 0.1833 Accuracy: 82.88% | L1: 85.09% | L2: 83.56% | L3: 79.98%
Validation Loss: 0.2025 
 Accuracy: 82.34% | L1: 85.70% | L2: 82.39% | L3: 78.93%
Epoch [7297/10000] Training Loss: 0.1842 Accuracy: 82.88% | L1: 85.20% | L2: 83.64% | L3: 79.80%
Epoch [7298/10000] Training Loss: 0.1839 Accuracy: 82.97% | L1: 85.31% | L2: 83.65% | L3: 79.94%
Validation Loss: 0.2045 
 Accuracy: 82.21% | L1: 85.73% | L2: 82.13% | L3: 78.78%
Epoch [7299/10000] Training Loss: 0.1840 Accuracy: 82.98% | L1: 85.29% | L2: 83.70% | L3: 79.94%
Epoch [7300/10000] Training Loss: 0.1837 Accuracy: 82.99% | L1: 85.35% | L2: 83.68% | L3: 79.93%
Checkpoint 'best_vit_model_every_100_epoch' saved at epoch 7300
Validation Loss: 0.2043 
 Accuracy: 82.15% | L1: 85.81% | L2: 82.03% | L3: 78.60%
Epoch [7301/10000] Training Loss: 0.1833 Accuracy: 82.94% | L1: 85.25% | L2: 83.67% | L3: 79.90%
Epoch [7302/10000] Training Loss: 0.1827 Accuracy: 83.03% | L1: 85.38% | L2: 83.74% | L3: 79.96%
Validation Loss: 0.2037 
 Accuracy: 82.31% | L1: 85.93% | L2: 82.12% | L3: 78.88%
Epoch [7303/10000] Training Loss: 0.1829 Accuracy: 83.04% | L1: 85.33% | L2: 83.79% | L3: 80.00%
Epoch [7304/10000] Training Loss: 0.1837 Accuracy: 83.01% | L1: 85.43% | L2: 83.80% | L3: 79.80%
Validation Loss: 0.2073 
 Accuracy: 82.16% | L1: 85.96% | L2: 81.98% | L3: 78.54%
Epoch [7305/10000] Training Loss: 0.1831 Accuracy: 82.96% | L1: 85.19% | L2: 83.69% | L3: 79.99%
Epoch [7306/10000] Training Loss: 0.1833 Accuracy: 83.03% | L1: 85.29% | L2: 83.72% | L3: 80.08%
Validation Loss: 0.2036 
 Accuracy: 82.29% | L1: 85.71% | L2: 82.23% | L3: 78.94%
Epoch [7307/10000] Training Loss: 0.1824 Accuracy: 83.02% | L1: 85.17% | L2: 83.82% | L3: 80.08%
Epoch [7308/10000] Training Loss: 0.1825 Accuracy: 83.01% | L1: 85.25% | L2: 83.71% | L3: 80.05%
Validation Loss: 0.2035 
 Accuracy: 82.40% | L1: 85.87% | L2: 82.21% | L3: 79.12%
Epoch [7309/10000] Training Loss: 0.1821 Accuracy: 83.08% | L1: 85.31% | L2: 83.98% | L3: 79.95%
Epoch [7310/10000] Training Loss: 0.1828 Accuracy: 83.00% | L1: 85.23% | L2: 83.79% | L3: 79.98%
Validation Loss: 0.2043 
 Accuracy: 82.35% | L1: 85.89% | L2: 82.26% | L3: 78.90%
Epoch [7311/10000] Training Loss: 0.1821 Accuracy: 83.03% | L1: 85.19% | L2: 83.82% | L3: 80.09%
Epoch [7312/10000] Training Loss: 0.1829 Accuracy: 83.01% | L1: 85.18% | L2: 83.84% | L3: 79.99%
Validation Loss: 0.2036 
 Accuracy: 82.45% | L1: 86.00% | L2: 82.32% | L3: 79.04%
Epoch [7313/10000] Training Loss: 0.1829 Accuracy: 83.04% | L1: 85.28% | L2: 83.82% | L3: 80.02%
Epoch [7314/10000] Training Loss: 0.1823 Accuracy: 83.03% | L1: 85.12% | L2: 83.89% | L3: 80.08%
Validation Loss: 0.2058 
 Accuracy: 82.20% | L1: 85.83% | L2: 82.14% | L3: 78.62%
Epoch [7315/10000] Training Loss: 0.1828 Accuracy: 83.00% | L1: 85.24% | L2: 83.74% | L3: 80.02%
Epoch [7316/10000] Training Loss: 0.1815 Accuracy: 83.14% | L1: 85.45% | L2: 83.93% | L3: 80.03%
Validation Loss: 0.2043 
 Accuracy: 82.19% | L1: 85.52% | L2: 82.17% | L3: 78.87%
Epoch [7317/10000] Training Loss: 0.1820 Accuracy: 83.08% | L1: 85.23% | L2: 83.87% | L3: 80.13%
Epoch [7318/10000] Training Loss: 0.1816 Accuracy: 83.09% | L1: 85.35% | L2: 83.85% | L3: 80.06%
Validation Loss: 0.2051 
 Accuracy: 82.19% | L1: 85.91% | L2: 82.04% | L3: 78.62%
Epoch [7319/10000] Training Loss: 0.1820 Accuracy: 83.09% | L1: 85.27% | L2: 83.93% | L3: 80.06%
Epoch [7320/10000] Training Loss: 0.1814 Accuracy: 83.02% | L1: 84.94% | L2: 83.87% | L3: 80.26%
Validation Loss: 0.2055 
 Accuracy: 82.22% | L1: 85.61% | L2: 82.13% | L3: 78.93%
Epoch [7321/10000] Training Loss: 0.1815 Accuracy: 83.02% | L1: 84.99% | L2: 83.96% | L3: 80.11%
Epoch [7322/10000] Training Loss: 0.1818 Accuracy: 83.11% | L1: 85.27% | L2: 83.98% | L3: 80.10%
Validation Loss: 0.2055 
 Accuracy: 82.20% | L1: 85.96% | L2: 81.90% | L3: 78.75%
Epoch [7323/10000] Training Loss: 0.1815 Accuracy: 83.12% | L1: 85.33% | L2: 83.83% | L3: 80.19%
Epoch [7324/10000] Training Loss: 0.1818 Accuracy: 83.01% | L1: 85.12% | L2: 83.83% | L3: 80.07%
Validation Loss: 0.2065 
 Accuracy: 82.14% | L1: 85.70% | L2: 82.01% | L3: 78.72%
Epoch [7325/10000] Training Loss: 0.1818 Accuracy: 83.16% | L1: 85.55% | L2: 83.82% | L3: 80.10%
Epoch [7326/10000] Training Loss: 0.1812 Accuracy: 83.17% | L1: 85.36% | L2: 83.94% | L3: 80.20%
Validation Loss: 0.2058 
 Accuracy: 82.36% | L1: 85.77% | L2: 82.15% | L3: 79.15%
Epoch [7327/10000] Training Loss: 0.1814 Accuracy: 83.16% | L1: 85.28% | L2: 83.96% | L3: 80.23%
Epoch [7328/10000] Training Loss: 0.1814 Accuracy: 83.08% | L1: 85.12% | L2: 83.95% | L3: 80.16%
Validation Loss: 0.2092 
 Accuracy: 82.03% | L1: 85.69% | L2: 81.79% | L3: 78.62%
Epoch [7329/10000] Training Loss: 0.1809 Accuracy: 83.14% | L1: 85.25% | L2: 83.95% | L3: 80.21%
Epoch [7330/10000] Training Loss: 0.1809 Accuracy: 83.12% | L1: 85.11% | L2: 83.99% | L3: 80.26%
Validation Loss: 0.2056 
 Accuracy: 82.21% | L1: 85.73% | L2: 82.16% | L3: 78.76%
Epoch [7331/10000] Training Loss: 0.1814 Accuracy: 83.18% | L1: 85.31% | L2: 83.97% | L3: 80.28%
Epoch [7332/10000] Training Loss: 0.1803 Accuracy: 83.23% | L1: 85.35% | L2: 84.01% | L3: 80.33%
Validation Loss: 0.2073 
 Accuracy: 82.11% | L1: 85.86% | L2: 82.01% | L3: 78.45%
Epoch [7333/10000] Training Loss: 0.1813 Accuracy: 83.13% | L1: 85.25% | L2: 83.94% | L3: 80.21%
Epoch [7334/10000] Training Loss: 0.1808 Accuracy: 83.29% | L1: 85.48% | L2: 84.11% | L3: 80.28%
Validation Loss: 0.2051 
 Accuracy: 82.29% | L1: 85.88% | L2: 82.17% | L3: 78.81%
Epoch [7335/10000] Training Loss: 0.1810 Accuracy: 83.13% | L1: 85.22% | L2: 83.92% | L3: 80.25%
Epoch [7336/10000] Training Loss: 0.1805 Accuracy: 83.13% | L1: 85.20% | L2: 83.94% | L3: 80.24%
Validation Loss: 0.2097 
 Accuracy: 82.10% | L1: 85.89% | L2: 81.90% | L3: 78.52%
Epoch [7337/10000] Training Loss: 0.1804 Accuracy: 83.20% | L1: 85.31% | L2: 84.07% | L3: 80.22%
Epoch [7338/10000] Training Loss: 0.1807 Accuracy: 83.14% | L1: 85.19% | L2: 83.98% | L3: 80.24%
Validation Loss: 0.2064 
 Accuracy: 82.21% | L1: 85.73% | L2: 82.22% | L3: 78.68%
Epoch [7339/10000] Training Loss: 0.1810 Accuracy: 83.09% | L1: 85.09% | L2: 84.06% | L3: 80.12%
Epoch [7340/10000] Training Loss: 0.1807 Accuracy: 83.20% | L1: 85.34% | L2: 84.05% | L3: 80.22%
Validation Loss: 0.2061 
 Accuracy: 82.23% | L1: 85.80% | L2: 81.99% | L3: 78.91%
Loading checkpoint from best_vit_model.pth...
DEBUG: No improvement for several epochs. Consider early stopping or adjusting training.
Changing training datasets...
Train indices changed: True
Epoch [7341/10000] Training Loss: 0.1938 Accuracy: 82.32% | L1: 85.36% | L2: 82.64% | L3: 78.96%
Epoch [7342/10000] Training Loss: 0.1919 Accuracy: 82.35% | L1: 85.30% | L2: 82.71% | L3: 79.06%
Validation Loss: 0.1979 
 Accuracy: 82.60% | L1: 85.89% | L2: 82.71% | L3: 79.21%
Checkpoint saved at epoch 7342
Epoch [7343/10000] Training Loss: 0.1906 Accuracy: 82.44% | L1: 85.26% | L2: 82.90% | L3: 79.17%
Epoch [7344/10000] Training Loss: 0.1918 Accuracy: 82.46% | L1: 85.39% | L2: 82.92% | L3: 79.07%
Validation Loss: 0.2005 
 Accuracy: 82.35% | L1: 85.94% | L2: 82.33% | L3: 78.78%
Epoch [7345/10000] Training Loss: 0.1915 Accuracy: 82.43% | L1: 85.31% | L2: 82.80% | L3: 79.18%
Epoch [7346/10000] Training Loss: 0.1910 Accuracy: 82.42% | L1: 85.13% | L2: 82.86% | L3: 79.26%
Validation Loss: 0.1994 
 Accuracy: 82.42% | L1: 85.69% | L2: 82.48% | L3: 79.10%
Epoch [7347/10000] Training Loss: 0.1908 Accuracy: 82.48% | L1: 85.28% | L2: 82.94% | L3: 79.20%
Epoch [7348/10000] Training Loss: 0.1898 Accuracy: 82.48% | L1: 85.08% | L2: 83.01% | L3: 79.36%
Validation Loss: 0.2000 
 Accuracy: 82.32% | L1: 85.83% | L2: 82.39% | L3: 78.72%
Epoch [7349/10000] Training Loss: 0.1901 Accuracy: 82.51% | L1: 85.38% | L2: 82.92% | L3: 79.23%
Epoch [7350/10000] Training Loss: 0.1891 Accuracy: 82.55% | L1: 85.32% | L2: 83.00% | L3: 79.32%
Validation Loss: 0.2036 
 Accuracy: 82.13% | L1: 86.06% | L2: 81.92% | L3: 78.43%
Epoch [7351/10000] Training Loss: 0.1892 Accuracy: 82.59% | L1: 85.37% | L2: 83.10% | L3: 79.30%
Epoch [7352/10000] Training Loss: 0.1887 Accuracy: 82.64% | L1: 85.37% | L2: 83.04% | L3: 79.49%
Validation Loss: 0.1984 
 Accuracy: 82.57% | L1: 85.85% | L2: 82.53% | L3: 79.34%
Epoch [7353/10000] Training Loss: 0.1894 Accuracy: 82.56% | L1: 85.29% | L2: 83.04% | L3: 79.36%
Epoch [7354/10000] Training Loss: 0.1885 Accuracy: 82.61% | L1: 85.25% | L2: 83.15% | L3: 79.43%
Validation Loss: 0.1985 
 Accuracy: 82.56% | L1: 85.89% | L2: 82.52% | L3: 79.26%
Epoch [7355/10000] Training Loss: 0.1889 Accuracy: 82.63% | L1: 85.38% | L2: 83.07% | L3: 79.44%
Epoch [7356/10000] Training Loss: 0.1884 Accuracy: 82.61% | L1: 85.37% | L2: 83.03% | L3: 79.42%
Validation Loss: 0.2006 
 Accuracy: 82.36% | L1: 85.84% | L2: 82.25% | L3: 78.99%
Epoch [7357/10000] Training Loss: 0.1888 Accuracy: 82.55% | L1: 85.15% | L2: 83.04% | L3: 79.46%
Epoch [7358/10000] Training Loss: 0.1888 Accuracy: 82.57% | L1: 85.21% | L2: 83.03% | L3: 79.46%
Validation Loss: 0.2014 
 Accuracy: 82.36% | L1: 86.08% | L2: 82.19% | L3: 78.81%
Epoch [7359/10000] Training Loss: 0.1885 Accuracy: 82.61% | L1: 85.33% | L2: 83.13% | L3: 79.37%
Epoch [7360/10000] Training Loss: 0.1888 Accuracy: 82.64% | L1: 85.31% | L2: 83.07% | L3: 79.52%
Validation Loss: 0.1978 
 Accuracy: 82.54% | L1: 85.86% | L2: 82.61% | L3: 79.14%
Checkpoint saved at epoch 7360
Epoch [7361/10000] Training Loss: 0.1883 Accuracy: 82.64% | L1: 85.28% | L2: 83.17% | L3: 79.47%
Epoch [7362/10000] Training Loss: 0.1875 Accuracy: 82.69% | L1: 85.28% | L2: 83.24% | L3: 79.56%
Validation Loss: 0.2036 
 Accuracy: 82.06% | L1: 85.59% | L2: 82.13% | L3: 78.46%
Epoch [7363/10000] Training Loss: 0.1885 Accuracy: 82.61% | L1: 85.28% | L2: 83.11% | L3: 79.43%
Epoch [7364/10000] Training Loss: 0.1877 Accuracy: 82.65% | L1: 85.28% | L2: 83.19% | L3: 79.47%
Validation Loss: 0.2007 
 Accuracy: 82.44% | L1: 85.90% | L2: 82.36% | L3: 79.06%
Epoch [7365/10000] Training Loss: 0.1873 Accuracy: 82.71% | L1: 85.29% | L2: 83.31% | L3: 79.53%
Epoch [7366/10000] Training Loss: 0.1876 Accuracy: 82.63% | L1: 85.25% | L2: 83.12% | L3: 79.53%
Validation Loss: 0.1999 
 Accuracy: 82.33% | L1: 85.67% | L2: 82.47% | L3: 78.84%
Epoch [7367/10000] Training Loss: 0.1876 Accuracy: 82.70% | L1: 85.35% | L2: 83.23% | L3: 79.52%
Epoch [7368/10000] Training Loss: 0.1872 Accuracy: 82.72% | L1: 85.34% | L2: 83.29% | L3: 79.52%
Validation Loss: 0.2009 
 Accuracy: 82.40% | L1: 85.93% | L2: 82.31% | L3: 78.95%
Epoch [7369/10000] Training Loss: 0.1881 Accuracy: 82.69% | L1: 85.37% | L2: 83.21% | L3: 79.49%
Epoch [7370/10000] Training Loss: 0.1875 Accuracy: 82.64% | L1: 85.13% | L2: 83.23% | L3: 79.55%
Validation Loss: 0.2008 
 Accuracy: 82.45% | L1: 86.01% | L2: 82.38% | L3: 78.97%
Epoch [7371/10000] Training Loss: 0.1864 Accuracy: 82.76% | L1: 85.31% | L2: 83.40% | L3: 79.58%
Epoch [7372/10000] Training Loss: 0.1864 Accuracy: 82.79% | L1: 85.31% | L2: 83.40% | L3: 79.65%
Validation Loss: 0.2005 
 Accuracy: 82.50% | L1: 86.02% | L2: 82.55% | L3: 78.93%
Epoch [7373/10000] Training Loss: 0.1867 Accuracy: 82.73% | L1: 85.31% | L2: 83.38% | L3: 79.51%
Epoch [7374/10000] Training Loss: 0.1858 Accuracy: 82.80% | L1: 85.34% | L2: 83.30% | L3: 79.75%
Validation Loss: 0.2008 
 Accuracy: 82.35% | L1: 86.02% | L2: 82.34% | L3: 78.69%
Epoch [7375/10000] Training Loss: 0.1867 Accuracy: 82.78% | L1: 85.39% | L2: 83.30% | L3: 79.63%
Epoch [7376/10000] Training Loss: 0.1864 Accuracy: 82.76% | L1: 85.28% | L2: 83.40% | L3: 79.61%
Validation Loss: 0.2015 
 Accuracy: 82.45% | L1: 86.11% | L2: 82.34% | L3: 78.90%
Epoch [7377/10000] Training Loss: 0.1863 Accuracy: 82.77% | L1: 85.39% | L2: 83.29% | L3: 79.63%
Epoch [7378/10000] Training Loss: 0.1862 Accuracy: 82.80% | L1: 85.30% | L2: 83.43% | L3: 79.67%
Validation Loss: 0.2000 
 Accuracy: 82.46% | L1: 85.89% | L2: 82.42% | L3: 79.08%
Epoch [7379/10000] Training Loss: 0.1864 Accuracy: 82.81% | L1: 85.33% | L2: 83.31% | L3: 79.78%
Epoch [7380/10000] Training Loss: 0.1860 Accuracy: 82.81% | L1: 85.42% | L2: 83.38% | L3: 79.63%
Validation Loss: 0.2034 
 Accuracy: 82.19% | L1: 85.61% | L2: 82.26% | L3: 78.71%
Epoch [7381/10000] Training Loss: 0.1867 Accuracy: 82.77% | L1: 85.28% | L2: 83.47% | L3: 79.57%
Epoch [7382/10000] Training Loss: 0.1855 Accuracy: 82.86% | L1: 85.35% | L2: 83.49% | L3: 79.75%
Validation Loss: 0.2025 
 Accuracy: 82.31% | L1: 85.59% | L2: 82.36% | L3: 78.97%
Epoch [7383/10000] Training Loss: 0.1856 Accuracy: 82.80% | L1: 85.21% | L2: 83.39% | L3: 79.79%
Epoch [7384/10000] Training Loss: 0.1844 Accuracy: 82.92% | L1: 85.36% | L2: 83.54% | L3: 79.86%
Validation Loss: 0.2024 
 Accuracy: 82.31% | L1: 85.76% | L2: 82.38% | L3: 78.80%
Epoch [7385/10000] Training Loss: 0.1859 Accuracy: 82.91% | L1: 85.45% | L2: 83.52% | L3: 79.76%
Epoch [7386/10000] Training Loss: 0.1854 Accuracy: 82.84% | L1: 85.35% | L2: 83.39% | L3: 79.79%
Validation Loss: 0.2027 
 Accuracy: 82.25% | L1: 85.93% | L2: 82.27% | L3: 78.55%
Epoch [7387/10000] Training Loss: 0.1861 Accuracy: 82.83% | L1: 85.31% | L2: 83.51% | L3: 79.68%
Epoch [7388/10000] Training Loss: 0.1855 Accuracy: 82.81% | L1: 85.31% | L2: 83.31% | L3: 79.81%
Validation Loss: 0.2014 
 Accuracy: 82.45% | L1: 85.99% | L2: 82.37% | L3: 79.00%
Epoch [7389/10000] Training Loss: 0.1857 Accuracy: 82.76% | L1: 85.18% | L2: 83.53% | L3: 79.59%
Epoch [7390/10000] Training Loss: 0.1849 Accuracy: 82.82% | L1: 85.18% | L2: 83.52% | L3: 79.76%
Validation Loss: 0.2009 
 Accuracy: 82.34% | L1: 85.86% | L2: 82.33% | L3: 78.83%
Epoch [7391/10000] Training Loss: 0.1855 Accuracy: 82.78% | L1: 85.20% | L2: 83.41% | L3: 79.74%
Epoch [7392/10000] Training Loss: 0.1846 Accuracy: 82.88% | L1: 85.34% | L2: 83.55% | L3: 79.76%
Validation Loss: 0.2012 
 Accuracy: 82.33% | L1: 85.80% | L2: 82.36% | L3: 78.83%
Epoch [7393/10000] Training Loss: 0.1854 Accuracy: 82.84% | L1: 85.34% | L2: 83.42% | L3: 79.77%
Epoch [7394/10000] Training Loss: 0.1851 Accuracy: 82.80% | L1: 85.23% | L2: 83.40% | L3: 79.76%
Validation Loss: 0.2033 
 Accuracy: 82.22% | L1: 85.84% | L2: 82.26% | L3: 78.56%
Epoch [7395/10000] Training Loss: 0.1853 Accuracy: 82.83% | L1: 85.23% | L2: 83.39% | L3: 79.88%
Epoch [7396/10000] Training Loss: 0.1844 Accuracy: 82.94% | L1: 85.38% | L2: 83.59% | L3: 79.86%
Validation Loss: 0.2014 
 Accuracy: 82.58% | L1: 85.86% | L2: 82.48% | L3: 79.41%
Epoch [7397/10000] Training Loss: 0.1849 Accuracy: 82.89% | L1: 85.31% | L2: 83.61% | L3: 79.75%
Epoch [7398/10000] Training Loss: 0.1843 Accuracy: 82.90% | L1: 85.21% | L2: 83.68% | L3: 79.81%
Validation Loss: 0.2033 
 Accuracy: 82.38% | L1: 85.82% | L2: 82.36% | L3: 78.97%
Epoch [7399/10000] Training Loss: 0.1841 Accuracy: 82.92% | L1: 85.21% | L2: 83.69% | L3: 79.86%
Epoch [7400/10000] Training Loss: 0.1840 Accuracy: 82.91% | L1: 85.29% | L2: 83.44% | L3: 80.00%
Checkpoint 'best_vit_model_every_100_epoch' saved at epoch 7400
Validation Loss: 0.2045 
 Accuracy: 82.23% | L1: 85.62% | L2: 82.34% | L3: 78.73%
Epoch [7401/10000] Training Loss: 0.1843 Accuracy: 82.94% | L1: 85.29% | L2: 83.59% | L3: 79.93%
Epoch [7402/10000] Training Loss: 0.1841 Accuracy: 82.90% | L1: 85.25% | L2: 83.55% | L3: 79.90%
Validation Loss: 0.2035 
 Accuracy: 82.29% | L1: 85.92% | L2: 82.20% | L3: 78.75%
Epoch [7403/10000] Training Loss: 0.1836 Accuracy: 82.98% | L1: 85.38% | L2: 83.72% | L3: 79.86%
Epoch [7404/10000] Training Loss: 0.1851 Accuracy: 82.91% | L1: 85.36% | L2: 83.57% | L3: 79.79%
Validation Loss: 0.2044 
 Accuracy: 82.25% | L1: 85.70% | L2: 82.28% | L3: 78.78%
Epoch [7405/10000] Training Loss: 0.1843 Accuracy: 82.89% | L1: 85.30% | L2: 83.50% | L3: 79.87%
Epoch [7406/10000] Training Loss: 0.1836 Accuracy: 83.02% | L1: 85.47% | L2: 83.71% | L3: 79.89%
Validation Loss: 0.2032 
 Accuracy: 82.28% | L1: 85.70% | L2: 82.32% | L3: 78.83%
Epoch [7407/10000] Training Loss: 0.1839 Accuracy: 82.93% | L1: 85.17% | L2: 83.73% | L3: 79.91%
Epoch [7408/10000] Training Loss: 0.1839 Accuracy: 82.94% | L1: 85.24% | L2: 83.59% | L3: 80.00%
Validation Loss: 0.2035 
 Accuracy: 82.30% | L1: 85.90% | L2: 82.25% | L3: 78.74%
Epoch [7409/10000] Training Loss: 0.1839 Accuracy: 82.98% | L1: 85.42% | L2: 83.66% | L3: 79.86%
Epoch [7410/10000] Training Loss: 0.1839 Accuracy: 83.00% | L1: 85.40% | L2: 83.70% | L3: 79.89%
Validation Loss: 0.2033 
 Accuracy: 82.45% | L1: 86.19% | L2: 82.20% | L3: 78.97%
Epoch [7411/10000] Training Loss: 0.1826 Accuracy: 83.01% | L1: 85.40% | L2: 83.60% | L3: 80.05%
Epoch [7412/10000] Training Loss: 0.1835 Accuracy: 83.02% | L1: 85.39% | L2: 83.59% | L3: 80.07%
Validation Loss: 0.2024 
 Accuracy: 82.27% | L1: 85.73% | L2: 82.34% | L3: 78.75%
Epoch [7413/10000] Training Loss: 0.1837 Accuracy: 83.01% | L1: 85.36% | L2: 83.72% | L3: 79.96%
Epoch [7414/10000] Training Loss: 0.1829 Accuracy: 83.02% | L1: 85.30% | L2: 83.72% | L3: 80.05%
Validation Loss: 0.2046 
 Accuracy: 82.29% | L1: 85.89% | L2: 82.15% | L3: 78.83%
Epoch [7415/10000] Training Loss: 0.1836 Accuracy: 83.04% | L1: 85.53% | L2: 83.60% | L3: 79.99%
Epoch [7416/10000] Training Loss: 0.1829 Accuracy: 82.94% | L1: 85.08% | L2: 83.75% | L3: 79.99%
Validation Loss: 0.2045 
 Accuracy: 82.32% | L1: 85.90% | L2: 82.19% | L3: 78.88%
Epoch [7417/10000] Training Loss: 0.1832 Accuracy: 83.00% | L1: 85.32% | L2: 83.70% | L3: 79.98%
Epoch [7418/10000] Training Loss: 0.1832 Accuracy: 83.01% | L1: 85.40% | L2: 83.57% | L3: 80.06%
Validation Loss: 0.2021 
 Accuracy: 82.43% | L1: 85.70% | L2: 82.39% | L3: 79.22%
Epoch [7419/10000] Training Loss: 0.1826 Accuracy: 82.96% | L1: 85.26% | L2: 83.65% | L3: 79.97%
Epoch [7420/10000] Training Loss: 0.1834 Accuracy: 83.01% | L1: 85.31% | L2: 83.72% | L3: 80.00%
Validation Loss: 0.2058 
 Accuracy: 82.16% | L1: 85.84% | L2: 82.11% | L3: 78.53%
Epoch [7421/10000] Training Loss: 0.1833 Accuracy: 82.97% | L1: 85.18% | L2: 83.71% | L3: 80.03%
Epoch [7422/10000] Training Loss: 0.1830 Accuracy: 82.98% | L1: 85.30% | L2: 83.74% | L3: 79.90%
Validation Loss: 0.2048 
 Accuracy: 82.34% | L1: 85.66% | L2: 82.32% | L3: 79.06%
Epoch [7423/10000] Training Loss: 0.1821 Accuracy: 83.04% | L1: 85.26% | L2: 83.80% | L3: 80.06%
Epoch [7424/10000] Training Loss: 0.1826 Accuracy: 83.02% | L1: 85.28% | L2: 83.80% | L3: 79.99%
Validation Loss: 0.2049 
 Accuracy: 82.34% | L1: 85.71% | L2: 82.24% | L3: 79.06%
Epoch [7425/10000] Training Loss: 0.1829 Accuracy: 83.10% | L1: 85.40% | L2: 83.73% | L3: 80.17%
Epoch [7426/10000] Training Loss: 0.1829 Accuracy: 83.02% | L1: 85.33% | L2: 83.81% | L3: 79.92%
Validation Loss: 0.2032 
 Accuracy: 82.29% | L1: 85.57% | L2: 82.22% | L3: 79.08%
Epoch [7427/10000] Training Loss: 0.1824 Accuracy: 83.05% | L1: 85.34% | L2: 83.73% | L3: 80.08%
Epoch [7428/10000] Training Loss: 0.1831 Accuracy: 83.03% | L1: 85.33% | L2: 83.68% | L3: 80.07%
Validation Loss: 0.2022 
 Accuracy: 82.34% | L1: 85.59% | L2: 82.35% | L3: 79.07%
Epoch [7429/10000] Training Loss: 0.1820 Accuracy: 83.07% | L1: 85.37% | L2: 83.74% | L3: 80.10%
Epoch [7430/10000] Training Loss: 0.1826 Accuracy: 83.07% | L1: 85.32% | L2: 83.82% | L3: 80.07%
Validation Loss: 0.2044 
 Accuracy: 82.39% | L1: 85.87% | L2: 82.21% | L3: 79.10%
Epoch [7431/10000] Training Loss: 0.1815 Accuracy: 83.10% | L1: 85.27% | L2: 83.86% | L3: 80.16%
Epoch [7432/10000] Training Loss: 0.1827 Accuracy: 83.07% | L1: 85.36% | L2: 83.85% | L3: 80.01%
Validation Loss: 0.2047 
 Accuracy: 82.30% | L1: 85.95% | L2: 82.28% | L3: 78.67%
Epoch [7433/10000] Training Loss: 0.1815 Accuracy: 83.07% | L1: 85.24% | L2: 83.84% | L3: 80.12%
Epoch [7434/10000] Training Loss: 0.1817 Accuracy: 83.11% | L1: 85.36% | L2: 83.86% | L3: 80.11%
Validation Loss: 0.2043 
 Accuracy: 82.20% | L1: 85.61% | L2: 82.33% | L3: 78.66%
Epoch [7435/10000] Training Loss: 0.1809 Accuracy: 83.16% | L1: 85.43% | L2: 83.91% | L3: 80.13%
Epoch [7436/10000] Training Loss: 0.1808 Accuracy: 83.13% | L1: 85.31% | L2: 83.90% | L3: 80.17%
Validation Loss: 0.2031 
 Accuracy: 82.46% | L1: 85.93% | L2: 82.39% | L3: 79.07%
Epoch [7437/10000] Training Loss: 0.1818 Accuracy: 83.11% | L1: 85.34% | L2: 83.78% | L3: 80.22%
Epoch [7438/10000] Training Loss: 0.1820 Accuracy: 83.08% | L1: 85.42% | L2: 83.75% | L3: 80.09%
Validation Loss: 0.2054 
 Accuracy: 82.21% | L1: 86.06% | L2: 82.02% | L3: 78.54%
Epoch [7439/10000] Training Loss: 0.1817 Accuracy: 83.11% | L1: 85.36% | L2: 83.78% | L3: 80.18%
Epoch [7440/10000] Training Loss: 0.1813 Accuracy: 83.15% | L1: 85.37% | L2: 83.85% | L3: 80.23%
Validation Loss: 0.2045 
 Accuracy: 82.36% | L1: 85.91% | L2: 82.23% | L3: 78.95%
Epoch [7441/10000] Training Loss: 0.1814 Accuracy: 83.13% | L1: 85.36% | L2: 83.81% | L3: 80.22%
Epoch [7442/10000] Training Loss: 0.1812 Accuracy: 83.13% | L1: 85.35% | L2: 83.94% | L3: 80.11%
Validation Loss: 0.2056 
 Accuracy: 82.29% | L1: 85.90% | L2: 82.17% | L3: 78.81%
Epoch [7443/10000] Training Loss: 0.1812 Accuracy: 83.14% | L1: 85.35% | L2: 83.84% | L3: 80.23%
Epoch [7444/10000] Training Loss: 0.1811 Accuracy: 83.21% | L1: 85.37% | L2: 84.04% | L3: 80.21%
Validation Loss: 0.2097 
 Accuracy: 82.16% | L1: 85.96% | L2: 82.00% | L3: 78.52%
Epoch [7445/10000] Training Loss: 0.1822 Accuracy: 83.09% | L1: 85.36% | L2: 83.92% | L3: 80.00%
Epoch [7446/10000] Training Loss: 0.1810 Accuracy: 83.20% | L1: 85.37% | L2: 83.96% | L3: 80.28%
Validation Loss: 0.2041 
 Accuracy: 82.37% | L1: 85.78% | L2: 82.32% | L3: 79.00%
Epoch [7447/10000] Training Loss: 0.1811 Accuracy: 83.17% | L1: 85.39% | L2: 83.85% | L3: 80.27%
Epoch [7448/10000] Training Loss: 0.1807 Accuracy: 83.22% | L1: 85.44% | L2: 83.98% | L3: 80.24%
Validation Loss: 0.2055 
 Accuracy: 82.32% | L1: 85.63% | L2: 82.25% | L3: 79.07%
Epoch [7449/10000] Training Loss: 0.1803 Accuracy: 83.20% | L1: 85.36% | L2: 84.03% | L3: 80.20%
Epoch [7450/10000] Training Loss: 0.1805 Accuracy: 83.15% | L1: 85.21% | L2: 84.04% | L3: 80.21%
Validation Loss: 0.2070 
 Accuracy: 82.38% | L1: 85.85% | L2: 82.22% | L3: 79.06%
Epoch [7451/10000] Training Loss: 0.1805 Accuracy: 83.27% | L1: 85.48% | L2: 84.02% | L3: 80.29%
Epoch [7452/10000] Training Loss: 0.1800 Accuracy: 83.26% | L1: 85.51% | L2: 83.95% | L3: 80.33%
Validation Loss: 0.2072 
 Accuracy: 82.11% | L1: 85.61% | L2: 82.14% | L3: 78.58%
Epoch [7453/10000] Training Loss: 0.1799 Accuracy: 83.24% | L1: 85.35% | L2: 84.07% | L3: 80.31%
Epoch [7454/10000] Training Loss: 0.1807 Accuracy: 83.14% | L1: 85.29% | L2: 84.00% | L3: 80.12%
Validation Loss: 0.2081 
 Accuracy: 82.06% | L1: 85.66% | L2: 82.10% | L3: 78.41%
Epoch [7455/10000] Training Loss: 0.1808 Accuracy: 83.15% | L1: 85.27% | L2: 83.93% | L3: 80.25%
Epoch [7456/10000] Training Loss: 0.1806 Accuracy: 83.20% | L1: 85.26% | L2: 84.06% | L3: 80.26%
Validation Loss: 0.2076 
 Accuracy: 82.04% | L1: 85.84% | L2: 81.87% | L3: 78.42%
Epoch [7457/10000] Training Loss: 0.1800 Accuracy: 83.20% | L1: 85.39% | L2: 84.01% | L3: 80.20%
Epoch [7458/10000] Training Loss: 0.1802 Accuracy: 83.27% | L1: 85.42% | L2: 84.11% | L3: 80.29%
Validation Loss: 0.2053 
 Accuracy: 82.25% | L1: 85.61% | L2: 82.26% | L3: 78.90%
Epoch [7459/10000] Training Loss: 0.1798 Accuracy: 83.26% | L1: 85.29% | L2: 84.06% | L3: 80.42%
Epoch [7460/10000] Training Loss: 0.1793 Accuracy: 83.27% | L1: 85.28% | L2: 84.18% | L3: 80.36%
Validation Loss: 0.2051 
 Accuracy: 82.31% | L1: 85.80% | L2: 82.20% | L3: 78.94%
Loading checkpoint from best_vit_model.pth...
DEBUG: No improvement for several epochs. Consider early stopping or adjusting training.
Changing training datasets...
Train indices changed: True
Epoch [7461/10000] Training Loss: 0.1934 Accuracy: 82.26% | L1: 85.12% | L2: 82.72% | L3: 78.92%
Epoch [7462/10000] Training Loss: 0.1935 Accuracy: 82.24% | L1: 85.05% | L2: 82.60% | L3: 79.06%
Validation Loss: 0.2002 
 Accuracy: 82.14% | L1: 85.69% | L2: 82.27% | L3: 78.48%
Checkpoint saved at epoch 7462
Epoch [7463/10000] Training Loss: 0.1919 Accuracy: 82.35% | L1: 85.22% | L2: 82.75% | L3: 79.08%
Epoch [7464/10000] Training Loss: 0.1906 Accuracy: 82.49% | L1: 85.39% | L2: 82.88% | L3: 79.21%
Validation Loss: 0.1986 
 Accuracy: 82.53% | L1: 85.80% | L2: 82.48% | L3: 79.30%
Checkpoint saved at epoch 7464
Epoch [7465/10000] Training Loss: 0.1911 Accuracy: 82.42% | L1: 85.16% | L2: 82.86% | L3: 79.24%
Epoch [7466/10000] Training Loss: 0.1910 Accuracy: 82.37% | L1: 85.09% | L2: 82.86% | L3: 79.16%
Validation Loss: 0.2013 
 Accuracy: 82.34% | L1: 86.14% | L2: 82.32% | L3: 78.56%
Epoch [7467/10000] Training Loss: 0.1917 Accuracy: 82.42% | L1: 85.33% | L2: 82.86% | L3: 79.09%
Epoch [7468/10000] Training Loss: 0.1906 Accuracy: 82.46% | L1: 85.17% | L2: 82.93% | L3: 79.29%
Validation Loss: 0.1983 
 Accuracy: 82.52% | L1: 85.79% | L2: 82.53% | L3: 79.25%
Checkpoint saved at epoch 7468
Epoch [7469/10000] Training Loss: 0.1912 Accuracy: 82.51% | L1: 85.44% | L2: 82.88% | L3: 79.20%
Epoch [7470/10000] Training Loss: 0.1902 Accuracy: 82.52% | L1: 85.22% | L2: 82.96% | L3: 79.38%
Validation Loss: 0.1990 
 Accuracy: 82.57% | L1: 85.82% | L2: 82.60% | L3: 79.30%
Epoch [7471/10000] Training Loss: 0.1898 Accuracy: 82.55% | L1: 85.31% | L2: 83.01% | L3: 79.33%
Epoch [7472/10000] Training Loss: 0.1911 Accuracy: 82.50% | L1: 85.42% | L2: 82.83% | L3: 79.24%
Validation Loss: 0.2015 
 Accuracy: 82.47% | L1: 85.91% | L2: 82.42% | L3: 79.08%
Epoch [7473/10000] Training Loss: 0.1899 Accuracy: 82.47% | L1: 85.14% | L2: 82.92% | L3: 79.35%
Epoch [7474/10000] Training Loss: 0.1901 Accuracy: 82.50% | L1: 85.26% | L2: 82.97% | L3: 79.28%
Validation Loss: 0.1996 
 Accuracy: 82.36% | L1: 85.77% | L2: 82.33% | L3: 78.99%
Epoch [7475/10000] Training Loss: 0.1894 Accuracy: 82.54% | L1: 85.21% | L2: 83.02% | L3: 79.40%
Epoch [7476/10000] Training Loss: 0.1893 Accuracy: 82.60% | L1: 85.37% | L2: 83.05% | L3: 79.38%
Validation Loss: 0.2008 
 Accuracy: 82.40% | L1: 85.82% | L2: 82.53% | L3: 78.85%
Epoch [7477/10000] Training Loss: 0.1904 Accuracy: 82.57% | L1: 85.42% | L2: 83.02% | L3: 79.26%
Epoch [7478/10000] Training Loss: 0.1893 Accuracy: 82.58% | L1: 85.17% | L2: 83.18% | L3: 79.38%
Validation Loss: 0.1998 
 Accuracy: 82.43% | L1: 85.92% | L2: 82.51% | L3: 78.86%
Epoch [7479/10000] Training Loss: 0.1892 Accuracy: 82.58% | L1: 85.25% | L2: 83.16% | L3: 79.32%
Epoch [7480/10000] Training Loss: 0.1892 Accuracy: 82.60% | L1: 85.29% | L2: 83.05% | L3: 79.45%
Validation Loss: 0.1994 
 Accuracy: 82.48% | L1: 85.87% | L2: 82.61% | L3: 78.95%
Epoch [7481/10000] Training Loss: 0.1891 Accuracy: 82.58% | L1: 85.28% | L2: 83.00% | L3: 79.45%
Epoch [7482/10000] Training Loss: 0.1880 Accuracy: 82.60% | L1: 85.12% | L2: 83.21% | L3: 79.47%
Validation Loss: 0.1991 
 Accuracy: 82.46% | L1: 85.62% | L2: 82.68% | L3: 79.07%
Epoch [7483/10000] Training Loss: 0.1881 Accuracy: 82.66% | L1: 85.39% | L2: 83.07% | L3: 79.53%
Epoch [7484/10000] Training Loss: 0.1883 Accuracy: 82.60% | L1: 85.32% | L2: 83.08% | L3: 79.39%
Validation Loss: 0.1988 
 Accuracy: 82.55% | L1: 86.00% | L2: 82.62% | L3: 79.02%
Epoch [7485/10000] Training Loss: 0.1884 Accuracy: 82.65% | L1: 85.26% | L2: 83.27% | L3: 79.43%
Epoch [7486/10000] Training Loss: 0.1882 Accuracy: 82.65% | L1: 85.24% | L2: 83.16% | L3: 79.55%
Validation Loss: 0.2019 
 Accuracy: 82.26% | L1: 85.85% | L2: 82.40% | L3: 78.53%
Epoch [7487/10000] Training Loss: 0.1877 Accuracy: 82.75% | L1: 85.45% | L2: 83.28% | L3: 79.51%
Epoch [7488/10000] Training Loss: 0.1882 Accuracy: 82.73% | L1: 85.38% | L2: 83.19% | L3: 79.62%
Validation Loss: 0.2023 
 Accuracy: 82.18% | L1: 85.74% | L2: 82.28% | L3: 78.53%
Epoch [7489/10000] Training Loss: 0.1878 Accuracy: 82.73% | L1: 85.38% | L2: 83.17% | L3: 79.65%
Epoch [7490/10000] Training Loss: 0.1877 Accuracy: 82.66% | L1: 85.26% | L2: 83.24% | L3: 79.50%
Validation Loss: 0.2011 
 Accuracy: 82.28% | L1: 85.62% | L2: 82.43% | L3: 78.80%
Epoch [7491/10000] Training Loss: 0.1881 Accuracy: 82.65% | L1: 85.24% | L2: 83.12% | L3: 79.59%
Epoch [7492/10000] Training Loss: 0.1877 Accuracy: 82.73% | L1: 85.37% | L2: 83.28% | L3: 79.54%
Validation Loss: 0.2002 
 Accuracy: 82.32% | L1: 85.67% | L2: 82.47% | L3: 78.81%
Epoch [7493/10000] Training Loss: 0.1871 Accuracy: 82.69% | L1: 85.24% | L2: 83.24% | L3: 79.60%
Epoch [7494/10000] Training Loss: 0.1879 Accuracy: 82.66% | L1: 85.35% | L2: 83.11% | L3: 79.53%
Validation Loss: 0.2001 
 Accuracy: 82.57% | L1: 85.98% | L2: 82.39% | L3: 79.35%
Epoch [7495/10000] Training Loss: 0.1876 Accuracy: 82.67% | L1: 85.18% | L2: 83.24% | L3: 79.59%
Epoch [7496/10000] Training Loss: 0.1877 Accuracy: 82.80% | L1: 85.56% | L2: 83.19% | L3: 79.66%
Validation Loss: 0.2013 
 Accuracy: 82.48% | L1: 85.86% | L2: 82.59% | L3: 79.00%
Epoch [7497/10000] Training Loss: 0.1871 Accuracy: 82.72% | L1: 85.34% | L2: 83.25% | L3: 79.56%
Epoch [7498/10000] Training Loss: 0.1869 Accuracy: 82.74% | L1: 85.22% | L2: 83.26% | L3: 79.75%
Validation Loss: 0.1994 
 Accuracy: 82.43% | L1: 86.00% | L2: 82.43% | L3: 78.85%
Epoch [7499/10000] Training Loss: 0.1863 Accuracy: 82.84% | L1: 85.46% | L2: 83.36% | L3: 79.71%
Epoch [7500/10000] Training Loss: 0.1876 Accuracy: 82.70% | L1: 85.25% | L2: 83.28% | L3: 79.57%
Checkpoint 'best_vit_model_every_100_epoch' saved at epoch 7500
Validation Loss: 0.2020 
 Accuracy: 82.35% | L1: 85.84% | L2: 82.37% | L3: 78.82%
Epoch [7501/10000] Training Loss: 0.1862 Accuracy: 82.85% | L1: 85.39% | L2: 83.46% | L3: 79.70%
Epoch [7502/10000] Training Loss: 0.1877 Accuracy: 82.72% | L1: 85.40% | L2: 83.15% | L3: 79.62%
Validation Loss: 0.2009 
 Accuracy: 82.41% | L1: 85.99% | L2: 82.29% | L3: 78.94%
Epoch [7503/10000] Training Loss: 0.1865 Accuracy: 82.81% | L1: 85.39% | L2: 83.33% | L3: 79.71%
Epoch [7504/10000] Training Loss: 0.1862 Accuracy: 82.85% | L1: 85.41% | L2: 83.46% | L3: 79.67%
Validation Loss: 0.2012 
 Accuracy: 82.44% | L1: 85.95% | L2: 82.51% | L3: 78.88%
Epoch [7505/10000] Training Loss: 0.1869 Accuracy: 82.72% | L1: 85.20% | L2: 83.40% | L3: 79.55%
Epoch [7506/10000] Training Loss: 0.1862 Accuracy: 82.81% | L1: 85.31% | L2: 83.34% | L3: 79.78%
Validation Loss: 0.2004 
 Accuracy: 82.39% | L1: 85.84% | L2: 82.35% | L3: 79.00%
Epoch [7507/10000] Training Loss: 0.1867 Accuracy: 82.77% | L1: 85.27% | L2: 83.39% | L3: 79.67%
Epoch [7508/10000] Training Loss: 0.1854 Accuracy: 82.85% | L1: 85.32% | L2: 83.37% | L3: 79.85%
Validation Loss: 0.2022 
 Accuracy: 82.51% | L1: 85.73% | L2: 82.38% | L3: 79.43%
Epoch [7509/10000] Training Loss: 0.1856 Accuracy: 82.83% | L1: 85.31% | L2: 83.49% | L3: 79.70%
Epoch [7510/10000] Training Loss: 0.1858 Accuracy: 82.78% | L1: 85.14% | L2: 83.41% | L3: 79.78%
Validation Loss: 0.2039 
 Accuracy: 82.24% | L1: 85.86% | L2: 82.14% | L3: 78.72%
Epoch [7511/10000] Training Loss: 0.1861 Accuracy: 82.77% | L1: 85.19% | L2: 83.33% | L3: 79.80%
Epoch [7512/10000] Training Loss: 0.1856 Accuracy: 82.90% | L1: 85.39% | L2: 83.55% | L3: 79.77%
Validation Loss: 0.2017 
 Accuracy: 82.23% | L1: 85.81% | L2: 82.42% | L3: 78.47%
Epoch [7513/10000] Training Loss: 0.1858 Accuracy: 82.79% | L1: 85.26% | L2: 83.33% | L3: 79.79%
Epoch [7514/10000] Training Loss: 0.1855 Accuracy: 82.85% | L1: 85.28% | L2: 83.48% | L3: 79.79%
Validation Loss: 0.2025 
 Accuracy: 82.45% | L1: 86.12% | L2: 82.40% | L3: 78.81%
Epoch [7515/10000] Training Loss: 0.1854 Accuracy: 82.88% | L1: 85.41% | L2: 83.42% | L3: 79.81%
Epoch [7516/10000] Training Loss: 0.1846 Accuracy: 82.91% | L1: 85.36% | L2: 83.49% | L3: 79.87%
Validation Loss: 0.2034 
 Accuracy: 82.32% | L1: 85.93% | L2: 82.26% | L3: 78.76%
Epoch [7517/10000] Training Loss: 0.1846 Accuracy: 82.88% | L1: 85.36% | L2: 83.52% | L3: 79.78%
Epoch [7518/10000] Training Loss: 0.1853 Accuracy: 82.91% | L1: 85.35% | L2: 83.58% | L3: 79.79%
Validation Loss: 0.2025 
 Accuracy: 82.40% | L1: 85.83% | L2: 82.29% | L3: 79.09%
Epoch [7519/10000] Training Loss: 0.1854 Accuracy: 82.88% | L1: 85.38% | L2: 83.38% | L3: 79.89%
Epoch [7520/10000] Training Loss: 0.1854 Accuracy: 82.91% | L1: 85.36% | L2: 83.51% | L3: 79.87%
Validation Loss: 0.2027 
 Accuracy: 82.47% | L1: 85.99% | L2: 82.23% | L3: 79.21%
Epoch [7521/10000] Training Loss: 0.1852 Accuracy: 82.91% | L1: 85.35% | L2: 83.53% | L3: 79.87%
Epoch [7522/10000] Training Loss: 0.1847 Accuracy: 82.94% | L1: 85.39% | L2: 83.54% | L3: 79.90%
Validation Loss: 0.2029 
 Accuracy: 82.29% | L1: 85.92% | L2: 82.16% | L3: 78.77%
Epoch [7523/10000] Training Loss: 0.1851 Accuracy: 82.87% | L1: 85.31% | L2: 83.46% | L3: 79.85%
Epoch [7524/10000] Training Loss: 0.1846 Accuracy: 82.89% | L1: 85.22% | L2: 83.43% | L3: 80.01%
Validation Loss: 0.2038 
 Accuracy: 82.38% | L1: 86.14% | L2: 82.27% | L3: 78.74%
Epoch [7525/10000] Training Loss: 0.1848 Accuracy: 82.92% | L1: 85.24% | L2: 83.57% | L3: 79.96%
Epoch [7526/10000] Training Loss: 0.1843 Accuracy: 82.88% | L1: 85.24% | L2: 83.60% | L3: 79.80%
Validation Loss: 0.2045 
 Accuracy: 82.17% | L1: 85.60% | L2: 82.19% | L3: 78.73%
Epoch [7527/10000] Training Loss: 0.1833 Accuracy: 82.98% | L1: 85.41% | L2: 83.58% | L3: 79.95%
Epoch [7528/10000] Training Loss: 0.1840 Accuracy: 82.89% | L1: 85.23% | L2: 83.54% | L3: 79.91%
Validation Loss: 0.2028 
 Accuracy: 82.47% | L1: 85.98% | L2: 82.41% | L3: 79.03%
Epoch [7529/10000] Training Loss: 0.1849 Accuracy: 82.98% | L1: 85.48% | L2: 83.55% | L3: 79.91%
Epoch [7530/10000] Training Loss: 0.1843 Accuracy: 82.97% | L1: 85.36% | L2: 83.62% | L3: 79.93%
Validation Loss: 0.2046 
 Accuracy: 82.33% | L1: 85.77% | L2: 82.27% | L3: 78.94%
Epoch [7531/10000] Training Loss: 0.1842 Accuracy: 82.93% | L1: 85.26% | L2: 83.54% | L3: 79.99%
Epoch [7532/10000] Training Loss: 0.1842 Accuracy: 82.95% | L1: 85.22% | L2: 83.61% | L3: 80.01%
Validation Loss: 0.2016 
 Accuracy: 82.32% | L1: 85.91% | L2: 82.40% | L3: 78.65%
Epoch [7533/10000] Training Loss: 0.1843 Accuracy: 82.96% | L1: 85.34% | L2: 83.64% | L3: 79.90%
Epoch [7534/10000] Training Loss: 0.1838 Accuracy: 82.95% | L1: 85.28% | L2: 83.61% | L3: 79.97%
Validation Loss: 0.2055 
 Accuracy: 82.22% | L1: 85.91% | L2: 82.13% | L3: 78.61%
Epoch [7535/10000] Training Loss: 0.1838 Accuracy: 82.96% | L1: 85.30% | L2: 83.60% | L3: 79.99%
Epoch [7536/10000] Training Loss: 0.1830 Accuracy: 83.05% | L1: 85.44% | L2: 83.69% | L3: 80.02%
Validation Loss: 0.2063 
 Accuracy: 82.16% | L1: 85.70% | L2: 82.13% | L3: 78.67%
Epoch [7537/10000] Training Loss: 0.1835 Accuracy: 82.91% | L1: 85.09% | L2: 83.80% | L3: 79.85%
Epoch [7538/10000] Training Loss: 0.1841 Accuracy: 82.96% | L1: 85.24% | L2: 83.67% | L3: 79.96%
Validation Loss: 0.2034 
 Accuracy: 82.52% | L1: 86.00% | L2: 82.42% | L3: 79.14%
Epoch [7539/10000] Training Loss: 0.1834 Accuracy: 82.98% | L1: 85.31% | L2: 83.66% | L3: 79.98%
Epoch [7540/10000] Training Loss: 0.1836 Accuracy: 82.95% | L1: 85.23% | L2: 83.66% | L3: 79.98%
Validation Loss: 0.2040 
 Accuracy: 82.26% | L1: 85.90% | L2: 82.14% | L3: 78.72%
Epoch [7541/10000] Training Loss: 0.1841 Accuracy: 83.01% | L1: 85.46% | L2: 83.59% | L3: 79.99%
Epoch [7542/10000] Training Loss: 0.1839 Accuracy: 83.03% | L1: 85.52% | L2: 83.66% | L3: 79.91%
Validation Loss: 0.2039 
 Accuracy: 82.40% | L1: 85.86% | L2: 82.40% | L3: 78.94%
Epoch [7543/10000] Training Loss: 0.1837 Accuracy: 82.92% | L1: 85.27% | L2: 83.63% | L3: 79.85%
Epoch [7544/10000] Training Loss: 0.1835 Accuracy: 83.02% | L1: 85.37% | L2: 83.69% | L3: 80.00%
Validation Loss: 0.2040 
 Accuracy: 82.36% | L1: 85.85% | L2: 82.28% | L3: 78.95%
Epoch [7545/10000] Training Loss: 0.1829 Accuracy: 83.02% | L1: 85.31% | L2: 83.74% | L3: 80.01%
Epoch [7546/10000] Training Loss: 0.1827 Accuracy: 83.03% | L1: 85.24% | L2: 83.76% | L3: 80.10%
Validation Loss: 0.2052 
 Accuracy: 82.14% | L1: 85.93% | L2: 82.00% | L3: 78.50%
Epoch [7547/10000] Training Loss: 0.1825 Accuracy: 83.05% | L1: 85.36% | L2: 83.68% | L3: 80.12%
Epoch [7548/10000] Training Loss: 0.1832 Accuracy: 83.00% | L1: 85.32% | L2: 83.56% | L3: 80.12%
Validation Loss: 0.2033 
 Accuracy: 82.32% | L1: 85.83% | L2: 82.27% | L3: 78.88%
Epoch [7549/10000] Training Loss: 0.1827 Accuracy: 83.10% | L1: 85.43% | L2: 83.88% | L3: 79.99%
Epoch [7550/10000] Training Loss: 0.1827 Accuracy: 83.03% | L1: 85.22% | L2: 83.77% | L3: 80.09%
Validation Loss: 0.2045 
 Accuracy: 82.36% | L1: 85.67% | L2: 82.27% | L3: 79.13%
Epoch [7551/10000] Training Loss: 0.1825 Accuracy: 83.02% | L1: 85.28% | L2: 83.76% | L3: 80.01%
Epoch [7552/10000] Training Loss: 0.1821 Accuracy: 83.06% | L1: 85.33% | L2: 83.81% | L3: 80.05%
Validation Loss: 0.2045 
 Accuracy: 82.26% | L1: 85.97% | L2: 82.15% | L3: 78.67%
Epoch [7553/10000] Training Loss: 0.1825 Accuracy: 83.04% | L1: 85.26% | L2: 83.65% | L3: 80.20%
Epoch [7554/10000] Training Loss: 0.1826 Accuracy: 83.06% | L1: 85.33% | L2: 83.81% | L3: 80.04%
Validation Loss: 0.2067 
 Accuracy: 82.12% | L1: 85.92% | L2: 82.07% | L3: 78.36%
Epoch [7555/10000] Training Loss: 0.1828 Accuracy: 83.12% | L1: 85.39% | L2: 83.80% | L3: 80.18%
Epoch [7556/10000] Training Loss: 0.1827 Accuracy: 83.11% | L1: 85.40% | L2: 83.75% | L3: 80.19%
Validation Loss: 0.2051 
 Accuracy: 82.22% | L1: 85.78% | L2: 82.16% | L3: 78.71%
Epoch [7557/10000] Training Loss: 0.1818 Accuracy: 83.10% | L1: 85.30% | L2: 83.83% | L3: 80.15%
Epoch [7558/10000] Training Loss: 0.1824 Accuracy: 83.05% | L1: 85.30% | L2: 83.79% | L3: 80.07%
Validation Loss: 0.2058 
 Accuracy: 82.32% | L1: 85.78% | L2: 82.31% | L3: 78.86%
Epoch [7559/10000] Training Loss: 0.1823 Accuracy: 83.04% | L1: 85.24% | L2: 83.80% | L3: 80.09%
Epoch [7560/10000] Training Loss: 0.1821 Accuracy: 83.02% | L1: 85.14% | L2: 83.75% | L3: 80.16%
Validation Loss: 0.2044 
 Accuracy: 82.38% | L1: 85.95% | L2: 82.34% | L3: 78.86%
Epoch [7561/10000] Training Loss: 0.1823 Accuracy: 83.06% | L1: 85.20% | L2: 83.71% | L3: 80.25%
Epoch [7562/10000] Training Loss: 0.1825 Accuracy: 83.15% | L1: 85.37% | L2: 83.79% | L3: 80.28%
Validation Loss: 0.2060 
 Accuracy: 82.17% | L1: 85.73% | L2: 82.15% | L3: 78.63%
Epoch [7563/10000] Training Loss: 0.1818 Accuracy: 83.12% | L1: 85.38% | L2: 83.78% | L3: 80.21%
Epoch [7564/10000] Training Loss: 0.1822 Accuracy: 83.15% | L1: 85.46% | L2: 83.85% | L3: 80.14%
Validation Loss: 0.2045 
 Accuracy: 82.20% | L1: 85.79% | L2: 82.12% | L3: 78.69%
Epoch [7565/10000] Training Loss: 0.1819 Accuracy: 83.10% | L1: 85.32% | L2: 83.80% | L3: 80.19%
Epoch [7566/10000] Training Loss: 0.1815 Accuracy: 83.18% | L1: 85.45% | L2: 83.89% | L3: 80.18%
Validation Loss: 0.2074 
 Accuracy: 82.06% | L1: 85.62% | L2: 82.08% | L3: 78.49%
Epoch [7567/10000] Training Loss: 0.1816 Accuracy: 83.12% | L1: 85.12% | L2: 83.96% | L3: 80.28%
Epoch [7568/10000] Training Loss: 0.1808 Accuracy: 83.17% | L1: 85.28% | L2: 83.89% | L3: 80.35%
Validation Loss: 0.2080 
 Accuracy: 82.08% | L1: 85.75% | L2: 82.05% | L3: 78.44%
Loading checkpoint from best_vit_model.pth...
DEBUG: No improvement for several epochs. Consider early stopping or adjusting training.
Changing training datasets...
Train indices changed: True
Changing validation datasets...
Validation indices changed: True
Epoch [7569/10000] Training Loss: 0.1934 Accuracy: 82.27% | L1: 85.24% | L2: 82.57% | L3: 79.00%
Epoch [7570/10000] Training Loss: 0.1932 Accuracy: 82.33% | L1: 85.33% | L2: 82.65% | L3: 79.02%
Validation Loss: 0.1998 
 Accuracy: 82.48% | L1: 86.07% | L2: 82.42% | L3: 78.93%
Checkpoint saved at epoch 7570
Epoch [7571/10000] Training Loss: 0.1923 Accuracy: 82.45% | L1: 85.40% | L2: 82.84% | L3: 79.10%
Epoch [7572/10000] Training Loss: 0.1917 Accuracy: 82.45% | L1: 85.37% | L2: 82.80% | L3: 79.18%
Validation Loss: 0.1996 
 Accuracy: 82.27% | L1: 85.99% | L2: 82.34% | L3: 78.49%
Checkpoint saved at epoch 7572
Epoch [7573/10000] Training Loss: 0.1910 Accuracy: 82.49% | L1: 85.36% | L2: 82.92% | L3: 79.18%
Epoch [7574/10000] Training Loss: 0.1913 Accuracy: 82.50% | L1: 85.27% | L2: 83.01% | L3: 79.23%
Validation Loss: 0.1991 
 Accuracy: 82.35% | L1: 85.86% | L2: 82.40% | L3: 78.79%
Checkpoint saved at epoch 7574
Epoch [7575/10000] Training Loss: 0.1904 Accuracy: 82.45% | L1: 85.12% | L2: 82.93% | L3: 79.29%
Epoch [7576/10000] Training Loss: 0.1905 Accuracy: 82.59% | L1: 85.38% | L2: 83.04% | L3: 79.34%
Validation Loss: 0.2005 
 Accuracy: 82.40% | L1: 86.02% | L2: 82.26% | L3: 78.91%
Epoch [7577/10000] Training Loss: 0.1906 Accuracy: 82.52% | L1: 85.25% | L2: 82.99% | L3: 79.33%
Epoch [7578/10000] Training Loss: 0.1897 Accuracy: 82.55% | L1: 85.29% | L2: 83.00% | L3: 79.36%
Validation Loss: 0.2002 
 Accuracy: 82.30% | L1: 85.68% | L2: 82.12% | L3: 79.09%
Epoch [7579/10000] Training Loss: 0.1909 Accuracy: 82.44% | L1: 85.14% | L2: 82.93% | L3: 79.26%
Epoch [7580/10000] Training Loss: 0.1896 Accuracy: 82.57% | L1: 85.33% | L2: 83.01% | L3: 79.38%
Validation Loss: 0.2022 
 Accuracy: 82.25% | L1: 86.03% | L2: 82.09% | L3: 78.64%
Epoch [7581/10000] Training Loss: 0.1892 Accuracy: 82.69% | L1: 85.50% | L2: 83.17% | L3: 79.39%
Epoch [7582/10000] Training Loss: 0.1898 Accuracy: 82.51% | L1: 85.26% | L2: 82.95% | L3: 79.30%
Validation Loss: 0.1997 
 Accuracy: 82.37% | L1: 85.99% | L2: 82.35% | L3: 78.76%
Epoch [7583/10000] Training Loss: 0.1889 Accuracy: 82.66% | L1: 85.39% | L2: 83.13% | L3: 79.45%
Epoch [7584/10000] Training Loss: 0.1893 Accuracy: 82.49% | L1: 85.01% | L2: 83.09% | L3: 79.36%
Validation Loss: 0.2008 
 Accuracy: 82.31% | L1: 85.80% | L2: 82.31% | L3: 78.82%
Epoch [7585/10000] Training Loss: 0.1890 Accuracy: 82.56% | L1: 85.16% | L2: 83.16% | L3: 79.37%
Epoch [7586/10000] Training Loss: 0.1893 Accuracy: 82.55% | L1: 85.18% | L2: 83.04% | L3: 79.43%
Validation Loss: 0.2001 
 Accuracy: 82.39% | L1: 85.94% | L2: 82.31% | L3: 78.92%
Epoch [7587/10000] Training Loss: 0.1886 Accuracy: 82.71% | L1: 85.44% | L2: 83.11% | L3: 79.58%
Epoch [7588/10000] Training Loss: 0.1882 Accuracy: 82.61% | L1: 85.14% | L2: 83.12% | L3: 79.58%
Validation Loss: 0.2006 
 Accuracy: 82.46% | L1: 85.96% | L2: 82.46% | L3: 78.97%
Epoch [7589/10000] Training Loss: 0.1887 Accuracy: 82.70% | L1: 85.40% | L2: 83.31% | L3: 79.40%
Epoch [7590/10000] Training Loss: 0.1888 Accuracy: 82.71% | L1: 85.57% | L2: 83.18% | L3: 79.38%
Validation Loss: 0.1987 
 Accuracy: 82.61% | L1: 85.88% | L2: 82.41% | L3: 79.55%
Checkpoint saved at epoch 7590
Epoch [7591/10000] Training Loss: 0.1878 Accuracy: 82.71% | L1: 85.26% | L2: 83.24% | L3: 79.62%
Epoch [7592/10000] Training Loss: 0.1874 Accuracy: 82.69% | L1: 85.28% | L2: 83.21% | L3: 79.58%
Validation Loss: 0.2003 
 Accuracy: 82.38% | L1: 85.99% | L2: 82.21% | L3: 78.93%
Epoch [7593/10000] Training Loss: 0.1892 Accuracy: 82.69% | L1: 85.53% | L2: 83.07% | L3: 79.48%
Epoch [7594/10000] Training Loss: 0.1887 Accuracy: 82.70% | L1: 85.34% | L2: 83.16% | L3: 79.60%
Validation Loss: 0.1995 
 Accuracy: 82.45% | L1: 85.91% | L2: 82.45% | L3: 78.99%
Epoch [7595/10000] Training Loss: 0.1886 Accuracy: 82.75% | L1: 85.41% | L2: 83.30% | L3: 79.53%
Epoch [7596/10000] Training Loss: 0.1884 Accuracy: 82.67% | L1: 85.35% | L2: 83.12% | L3: 79.53%
Validation Loss: 0.2036 
 Accuracy: 82.20% | L1: 85.82% | L2: 82.07% | L3: 78.69%
Epoch [7597/10000] Training Loss: 0.1881 Accuracy: 82.79% | L1: 85.58% | L2: 83.25% | L3: 79.54%
Epoch [7598/10000] Training Loss: 0.1876 Accuracy: 82.69% | L1: 85.18% | L2: 83.23% | L3: 79.64%
Validation Loss: 0.2003 
 Accuracy: 82.50% | L1: 85.90% | L2: 82.45% | L3: 79.14%
Epoch [7599/10000] Training Loss: 0.1874 Accuracy: 82.77% | L1: 85.28% | L2: 83.35% | L3: 79.69%
Epoch [7600/10000] Training Loss: 0.1876 Accuracy: 82.67% | L1: 85.10% | L2: 83.22% | L3: 79.68%
Checkpoint 'best_vit_model_every_100_epoch' saved at epoch 7600
Validation Loss: 0.1995 
 Accuracy: 82.33% | L1: 85.43% | L2: 82.40% | L3: 79.15%
Epoch [7601/10000] Training Loss: 0.1867 Accuracy: 82.79% | L1: 85.33% | L2: 83.35% | L3: 79.69%
Epoch [7602/10000] Training Loss: 0.1875 Accuracy: 82.68% | L1: 85.19% | L2: 83.27% | L3: 79.59%
Validation Loss: 0.2001 
 Accuracy: 82.40% | L1: 85.74% | L2: 82.40% | L3: 79.05%
Epoch [7603/10000] Training Loss: 0.1874 Accuracy: 82.72% | L1: 85.22% | L2: 83.36% | L3: 79.58%
Epoch [7604/10000] Training Loss: 0.1867 Accuracy: 82.76% | L1: 85.24% | L2: 83.37% | L3: 79.66%
Validation Loss: 0.2003 
 Accuracy: 82.48% | L1: 85.89% | L2: 82.51% | L3: 79.05%
Epoch [7605/10000] Training Loss: 0.1869 Accuracy: 82.79% | L1: 85.30% | L2: 83.40% | L3: 79.67%
Epoch [7606/10000] Training Loss: 0.1872 Accuracy: 82.74% | L1: 85.28% | L2: 83.29% | L3: 79.66%
Validation Loss: 0.2015 
 Accuracy: 82.28% | L1: 86.03% | L2: 82.23% | L3: 78.57%
Epoch [7607/10000] Training Loss: 0.1864 Accuracy: 82.75% | L1: 85.25% | L2: 83.32% | L3: 79.67%
Epoch [7608/10000] Training Loss: 0.1864 Accuracy: 82.85% | L1: 85.39% | L2: 83.45% | L3: 79.71%
Validation Loss: 0.2017 
 Accuracy: 82.39% | L1: 85.75% | L2: 82.40% | L3: 79.01%
Epoch [7609/10000] Training Loss: 0.1861 Accuracy: 82.79% | L1: 85.29% | L2: 83.42% | L3: 79.66%
Epoch [7610/10000] Training Loss: 0.1860 Accuracy: 82.87% | L1: 85.45% | L2: 83.47% | L3: 79.69%
Validation Loss: 0.2026 
 Accuracy: 82.32% | L1: 85.99% | L2: 82.25% | L3: 78.72%
Epoch [7611/10000] Training Loss: 0.1869 Accuracy: 82.77% | L1: 85.27% | L2: 83.40% | L3: 79.66%
Epoch [7612/10000] Training Loss: 0.1872 Accuracy: 82.78% | L1: 85.28% | L2: 83.38% | L3: 79.68%
Validation Loss: 0.2027 
 Accuracy: 82.30% | L1: 85.74% | L2: 82.15% | L3: 79.02%
Epoch [7613/10000] Training Loss: 0.1865 Accuracy: 82.79% | L1: 85.27% | L2: 83.30% | L3: 79.81%
Epoch [7614/10000] Training Loss: 0.1863 Accuracy: 82.84% | L1: 85.33% | L2: 83.47% | L3: 79.72%
Validation Loss: 0.2047 
 Accuracy: 82.27% | L1: 86.13% | L2: 82.06% | L3: 78.62%
Epoch [7615/10000] Training Loss: 0.1856 Accuracy: 82.83% | L1: 85.21% | L2: 83.46% | L3: 79.80%
Epoch [7616/10000] Training Loss: 0.1862 Accuracy: 82.87% | L1: 85.36% | L2: 83.44% | L3: 79.80%
Validation Loss: 0.2031 
 Accuracy: 82.35% | L1: 86.06% | L2: 82.17% | L3: 78.83%
Epoch [7617/10000] Training Loss: 0.1857 Accuracy: 82.89% | L1: 85.39% | L2: 83.51% | L3: 79.77%
Epoch [7618/10000] Training Loss: 0.1857 Accuracy: 82.87% | L1: 85.36% | L2: 83.52% | L3: 79.72%
Validation Loss: 0.2042 
 Accuracy: 82.19% | L1: 85.74% | L2: 82.21% | L3: 78.62%
Epoch [7619/10000] Training Loss: 0.1850 Accuracy: 82.88% | L1: 85.45% | L2: 83.38% | L3: 79.82%
Epoch [7620/10000] Training Loss: 0.1853 Accuracy: 82.91% | L1: 85.38% | L2: 83.52% | L3: 79.83%
Validation Loss: 0.2019 
 Accuracy: 82.43% | L1: 86.01% | L2: 82.18% | L3: 79.09%
Epoch [7621/10000] Training Loss: 0.1856 Accuracy: 82.88% | L1: 85.41% | L2: 83.55% | L3: 79.69%
Epoch [7622/10000] Training Loss: 0.1858 Accuracy: 82.85% | L1: 85.29% | L2: 83.45% | L3: 79.81%
Validation Loss: 0.2008 
 Accuracy: 82.44% | L1: 86.05% | L2: 82.35% | L3: 78.93%
Epoch [7623/10000] Training Loss: 0.1861 Accuracy: 82.95% | L1: 85.51% | L2: 83.56% | L3: 79.76%
Epoch [7624/10000] Training Loss: 0.1857 Accuracy: 82.87% | L1: 85.40% | L2: 83.35% | L3: 79.87%
Validation Loss: 0.2017 
 Accuracy: 82.17% | L1: 85.76% | L2: 82.18% | L3: 78.57%
Epoch [7625/10000] Training Loss: 0.1859 Accuracy: 82.84% | L1: 85.24% | L2: 83.46% | L3: 79.83%
Epoch [7626/10000] Training Loss: 0.1846 Accuracy: 82.94% | L1: 85.31% | L2: 83.56% | L3: 79.96%
Validation Loss: 0.2042 
 Accuracy: 82.29% | L1: 86.00% | L2: 82.24% | L3: 78.62%
Epoch [7627/10000] Training Loss: 0.1850 Accuracy: 82.95% | L1: 85.44% | L2: 83.60% | L3: 79.81%
Epoch [7628/10000] Training Loss: 0.1850 Accuracy: 82.91% | L1: 85.38% | L2: 83.52% | L3: 79.83%
Validation Loss: 0.2034 
 Accuracy: 82.21% | L1: 85.90% | L2: 82.01% | L3: 78.71%
Epoch [7629/10000] Training Loss: 0.1848 Accuracy: 82.93% | L1: 85.33% | L2: 83.57% | L3: 79.89%
Epoch [7630/10000] Training Loss: 0.1848 Accuracy: 82.91% | L1: 85.26% | L2: 83.48% | L3: 79.97%
Validation Loss: 0.2044 
 Accuracy: 82.12% | L1: 85.86% | L2: 81.97% | L3: 78.53%
Epoch [7631/10000] Training Loss: 0.1846 Accuracy: 82.94% | L1: 85.31% | L2: 83.64% | L3: 79.87%
Epoch [7632/10000] Training Loss: 0.1845 Accuracy: 82.94% | L1: 85.28% | L2: 83.71% | L3: 79.85%
Validation Loss: 0.2016 
 Accuracy: 82.40% | L1: 85.95% | L2: 82.26% | L3: 78.98%
Epoch [7633/10000] Training Loss: 0.1845 Accuracy: 82.98% | L1: 85.36% | L2: 83.64% | L3: 79.94%
Epoch [7634/10000] Training Loss: 0.1841 Accuracy: 82.92% | L1: 85.21% | L2: 83.63% | L3: 79.92%
Validation Loss: 0.2022 
 Accuracy: 82.52% | L1: 86.09% | L2: 82.30% | L3: 79.17%
Epoch [7635/10000] Training Loss: 0.1846 Accuracy: 83.00% | L1: 85.41% | L2: 83.62% | L3: 79.98%
Epoch [7636/10000] Training Loss: 0.1840 Accuracy: 83.02% | L1: 85.44% | L2: 83.65% | L3: 79.96%
Validation Loss: 0.2023 
 Accuracy: 82.31% | L1: 85.55% | L2: 82.23% | L3: 79.15%
Epoch [7637/10000] Training Loss: 0.1841 Accuracy: 83.04% | L1: 85.43% | L2: 83.68% | L3: 80.02%
Epoch [7638/10000] Training Loss: 0.1848 Accuracy: 82.97% | L1: 85.33% | L2: 83.65% | L3: 79.94%
Validation Loss: 0.2037 
 Accuracy: 82.28% | L1: 85.83% | L2: 82.13% | L3: 78.89%
Epoch [7639/10000] Training Loss: 0.1845 Accuracy: 83.01% | L1: 85.50% | L2: 83.57% | L3: 79.96%
Epoch [7640/10000] Training Loss: 0.1843 Accuracy: 82.98% | L1: 85.43% | L2: 83.60% | L3: 79.92%
Validation Loss: 0.2023 
 Accuracy: 82.23% | L1: 85.59% | L2: 82.25% | L3: 78.85%
Epoch [7641/10000] Training Loss: 0.1838 Accuracy: 82.96% | L1: 85.26% | L2: 83.67% | L3: 79.94%
Epoch [7642/10000] Training Loss: 0.1837 Accuracy: 83.00% | L1: 85.31% | L2: 83.79% | L3: 79.89%
Validation Loss: 0.2032 
 Accuracy: 82.21% | L1: 85.78% | L2: 82.20% | L3: 78.66%
Epoch [7643/10000] Training Loss: 0.1833 Accuracy: 83.06% | L1: 85.38% | L2: 83.80% | L3: 79.99%
Epoch [7644/10000] Training Loss: 0.1841 Accuracy: 83.02% | L1: 85.39% | L2: 83.65% | L3: 80.02%
Validation Loss: 0.2029 
 Accuracy: 82.29% | L1: 85.85% | L2: 82.21% | L3: 78.82%
Epoch [7645/10000] Training Loss: 0.1834 Accuracy: 83.07% | L1: 85.44% | L2: 83.79% | L3: 79.98%
Epoch [7646/10000] Training Loss: 0.1842 Accuracy: 82.87% | L1: 85.24% | L2: 83.62% | L3: 79.75%
Validation Loss: 0.2035 
 Accuracy: 82.11% | L1: 85.80% | L2: 82.04% | L3: 78.50%
Epoch [7647/10000] Training Loss: 0.1835 Accuracy: 82.99% | L1: 85.33% | L2: 83.68% | L3: 79.96%
Epoch [7648/10000] Training Loss: 0.1841 Accuracy: 82.99% | L1: 85.31% | L2: 83.70% | L3: 79.94%
Validation Loss: 0.2040 
 Accuracy: 82.27% | L1: 85.57% | L2: 82.07% | L3: 79.17%
Epoch [7649/10000] Training Loss: 0.1833 Accuracy: 83.04% | L1: 85.39% | L2: 83.76% | L3: 79.97%
Epoch [7650/10000] Training Loss: 0.1835 Accuracy: 83.05% | L1: 85.42% | L2: 83.68% | L3: 80.06%
Validation Loss: 0.2037 
 Accuracy: 82.40% | L1: 86.00% | L2: 82.26% | L3: 78.93%
Epoch [7651/10000] Training Loss: 0.1832 Accuracy: 82.99% | L1: 85.25% | L2: 83.68% | L3: 80.04%
Epoch [7652/10000] Training Loss: 0.1824 Accuracy: 83.07% | L1: 85.23% | L2: 83.87% | L3: 80.10%
Validation Loss: 0.2054 
 Accuracy: 82.17% | L1: 85.71% | L2: 82.04% | L3: 78.75%
Epoch [7653/10000] Training Loss: 0.1823 Accuracy: 83.08% | L1: 85.31% | L2: 83.75% | L3: 80.18%
Epoch [7654/10000] Training Loss: 0.1830 Accuracy: 82.99% | L1: 85.15% | L2: 83.74% | L3: 80.09%
Validation Loss: 0.2038 
 Accuracy: 82.44% | L1: 85.76% | L2: 82.13% | L3: 79.43%
Epoch [7655/10000] Training Loss: 0.1826 Accuracy: 83.04% | L1: 85.27% | L2: 83.82% | L3: 80.02%
Epoch [7656/10000] Training Loss: 0.1829 Accuracy: 83.04% | L1: 85.27% | L2: 83.91% | L3: 79.95%
Validation Loss: 0.2038 
 Accuracy: 82.35% | L1: 85.93% | L2: 82.32% | L3: 78.79%
Epoch [7657/10000] Training Loss: 0.1826 Accuracy: 83.09% | L1: 85.43% | L2: 83.81% | L3: 80.03%
Epoch [7658/10000] Training Loss: 0.1826 Accuracy: 83.06% | L1: 85.33% | L2: 83.69% | L3: 80.16%
Validation Loss: 0.2086 
 Accuracy: 81.87% | L1: 85.58% | L2: 81.75% | L3: 78.30%
Epoch [7659/10000] Training Loss: 0.1826 Accuracy: 83.07% | L1: 85.34% | L2: 83.86% | L3: 80.02%
Epoch [7660/10000] Training Loss: 0.1821 Accuracy: 83.20% | L1: 85.61% | L2: 83.84% | L3: 80.14%
Validation Loss: 0.2051 
 Accuracy: 82.10% | L1: 85.68% | L2: 82.08% | L3: 78.53%
Epoch [7661/10000] Training Loss: 0.1821 Accuracy: 83.08% | L1: 85.24% | L2: 83.87% | L3: 80.13%
Epoch [7662/10000] Training Loss: 0.1819 Accuracy: 83.16% | L1: 85.38% | L2: 83.90% | L3: 80.20%
Validation Loss: 0.2043 
 Accuracy: 82.35% | L1: 85.86% | L2: 82.15% | L3: 79.03%
Epoch [7663/10000] Training Loss: 0.1821 Accuracy: 83.07% | L1: 85.27% | L2: 83.83% | L3: 80.09%
Epoch [7664/10000] Training Loss: 0.1823 Accuracy: 83.13% | L1: 85.42% | L2: 83.85% | L3: 80.10%
Validation Loss: 0.2053 
 Accuracy: 82.35% | L1: 85.88% | L2: 82.15% | L3: 79.01%
Epoch [7665/10000] Training Loss: 0.1820 Accuracy: 83.15% | L1: 85.36% | L2: 83.86% | L3: 80.24%
Epoch [7666/10000] Training Loss: 0.1818 Accuracy: 83.15% | L1: 85.38% | L2: 83.94% | L3: 80.13%
Validation Loss: 0.2048 
 Accuracy: 82.04% | L1: 85.69% | L2: 82.09% | L3: 78.32%
Epoch [7667/10000] Training Loss: 0.1828 Accuracy: 83.08% | L1: 85.37% | L2: 83.72% | L3: 80.13%
Epoch [7668/10000] Training Loss: 0.1815 Accuracy: 83.18% | L1: 85.33% | L2: 83.93% | L3: 80.29%
Validation Loss: 0.2038 
 Accuracy: 82.28% | L1: 85.86% | L2: 82.22% | L3: 78.77%
Epoch [7669/10000] Training Loss: 0.1826 Accuracy: 83.13% | L1: 85.47% | L2: 83.79% | L3: 80.15%
Epoch [7670/10000] Training Loss: 0.1820 Accuracy: 83.10% | L1: 85.38% | L2: 83.87% | L3: 80.05%
Validation Loss: 0.2085 
 Accuracy: 81.99% | L1: 85.85% | L2: 81.83% | L3: 78.27%
Epoch [7671/10000] Training Loss: 0.1823 Accuracy: 83.11% | L1: 85.33% | L2: 83.83% | L3: 80.17%
Epoch [7672/10000] Training Loss: 0.1811 Accuracy: 83.18% | L1: 85.32% | L2: 83.94% | L3: 80.28%
Validation Loss: 0.2059 
 Accuracy: 82.09% | L1: 85.72% | L2: 82.01% | L3: 78.54%
Epoch [7673/10000] Training Loss: 0.1819 Accuracy: 83.17% | L1: 85.42% | L2: 83.94% | L3: 80.16%
Epoch [7674/10000] Training Loss: 0.1821 Accuracy: 83.17% | L1: 85.44% | L2: 83.92% | L3: 80.14%
Validation Loss: 0.2059 
 Accuracy: 82.10% | L1: 85.49% | L2: 82.03% | L3: 78.77%
Epoch [7675/10000] Training Loss: 0.1813 Accuracy: 83.26% | L1: 85.51% | L2: 84.03% | L3: 80.25%
Epoch [7676/10000] Training Loss: 0.1808 Accuracy: 83.19% | L1: 85.29% | L2: 83.97% | L3: 80.31%
Validation Loss: 0.2079 
 Accuracy: 82.04% | L1: 85.81% | L2: 81.91% | L3: 78.41%
Epoch [7677/10000] Training Loss: 0.1813 Accuracy: 83.18% | L1: 85.37% | L2: 83.96% | L3: 80.19%
Epoch [7678/10000] Training Loss: 0.1814 Accuracy: 83.16% | L1: 85.34% | L2: 83.91% | L3: 80.22%
Validation Loss: 0.2040 
 Accuracy: 82.41% | L1: 86.12% | L2: 82.21% | L3: 78.91%
Epoch [7679/10000] Training Loss: 0.1813 Accuracy: 83.21% | L1: 85.39% | L2: 83.94% | L3: 80.31%
Epoch [7680/10000] Training Loss: 0.1814 Accuracy: 83.16% | L1: 85.31% | L2: 83.87% | L3: 80.30%
Validation Loss: 0.2049 
 Accuracy: 82.30% | L1: 86.07% | L2: 82.10% | L3: 78.74%
Epoch [7681/10000] Training Loss: 0.1815 Accuracy: 83.19% | L1: 85.51% | L2: 83.89% | L3: 80.17%
Epoch [7682/10000] Training Loss: 0.1809 Accuracy: 83.25% | L1: 85.50% | L2: 83.94% | L3: 80.31%
Validation Loss: 0.2043 
 Accuracy: 82.33% | L1: 86.02% | L2: 82.10% | L3: 78.88%
Epoch [7683/10000] Training Loss: 0.1806 Accuracy: 83.15% | L1: 85.27% | L2: 83.95% | L3: 80.24%
Epoch [7684/10000] Training Loss: 0.1813 Accuracy: 83.15% | L1: 85.23% | L2: 83.96% | L3: 80.27%
Validation Loss: 0.2062 
 Accuracy: 82.25% | L1: 85.61% | L2: 82.13% | L3: 79.01%
Epoch [7685/10000] Training Loss: 0.1812 Accuracy: 83.13% | L1: 85.31% | L2: 83.81% | L3: 80.27%
Epoch [7686/10000] Training Loss: 0.1805 Accuracy: 83.20% | L1: 85.29% | L2: 83.99% | L3: 80.32%
Validation Loss: 0.2064 
 Accuracy: 82.30% | L1: 86.01% | L2: 82.10% | L3: 78.80%
Epoch [7687/10000] Training Loss: 0.1809 Accuracy: 83.19% | L1: 85.28% | L2: 84.02% | L3: 80.29%
Epoch [7688/10000] Training Loss: 0.1809 Accuracy: 83.24% | L1: 85.41% | L2: 84.04% | L3: 80.26%
Validation Loss: 0.2069 
 Accuracy: 82.19% | L1: 85.70% | L2: 82.13% | L3: 78.74%
Epoch [7689/10000] Training Loss: 0.1809 Accuracy: 83.18% | L1: 85.23% | L2: 84.05% | L3: 80.27%
Epoch [7690/10000] Training Loss: 0.1802 Accuracy: 83.26% | L1: 85.31% | L2: 84.08% | L3: 80.39%
Validation Loss: 0.2047 
 Accuracy: 82.25% | L1: 85.77% | L2: 82.11% | L3: 78.86%
Loading checkpoint from best_vit_model.pth...
DEBUG: No improvement for several epochs. Consider early stopping or adjusting training.
Changing training datasets...
Train indices changed: True
Epoch [7691/10000] Training Loss: 0.1932 Accuracy: 82.37% | L1: 85.45% | L2: 82.74% | L3: 78.91%
Epoch [7692/10000] Training Loss: 0.1935 Accuracy: 82.44% | L1: 85.50% | L2: 82.82% | L3: 79.01%
Validation Loss: 0.1973 
 Accuracy: 82.50% | L1: 86.08% | L2: 82.48% | L3: 78.94%
Checkpoint saved at epoch 7692
Epoch [7693/10000] Training Loss: 0.1922 Accuracy: 82.40% | L1: 85.37% | L2: 82.67% | L3: 79.15%
Epoch [7694/10000] Training Loss: 0.1922 Accuracy: 82.36% | L1: 85.24% | L2: 82.81% | L3: 79.03%
Validation Loss: 0.1998 
 Accuracy: 82.30% | L1: 85.59% | L2: 82.35% | L3: 78.97%
Epoch [7695/10000] Training Loss: 0.1911 Accuracy: 82.46% | L1: 85.31% | L2: 82.87% | L3: 79.21%
Epoch [7696/10000] Training Loss: 0.1906 Accuracy: 82.49% | L1: 85.33% | L2: 82.90% | L3: 79.24%
Validation Loss: 0.1980 
 Accuracy: 82.49% | L1: 86.10% | L2: 82.42% | L3: 78.95%
Epoch [7697/10000] Training Loss: 0.1911 Accuracy: 82.45% | L1: 85.35% | L2: 82.89% | L3: 79.11%
Epoch [7698/10000] Training Loss: 0.1904 Accuracy: 82.56% | L1: 85.50% | L2: 82.99% | L3: 79.19%
Validation Loss: 0.2003 
 Accuracy: 82.46% | L1: 86.02% | L2: 82.51% | L3: 78.86%
Epoch [7699/10000] Training Loss: 0.1907 Accuracy: 82.52% | L1: 85.32% | L2: 82.99% | L3: 79.24%
Epoch [7700/10000] Training Loss: 0.1900 Accuracy: 82.54% | L1: 85.32% | L2: 83.04% | L3: 79.25%
Checkpoint 'best_vit_model_every_100_epoch' saved at epoch 7700
Validation Loss: 0.2013 
 Accuracy: 82.27% | L1: 85.83% | L2: 82.05% | L3: 78.93%
Epoch [7701/10000] Training Loss: 0.1900 Accuracy: 82.60% | L1: 85.54% | L2: 83.01% | L3: 79.24%
Epoch [7702/10000] Training Loss: 0.1892 Accuracy: 82.67% | L1: 85.55% | L2: 83.14% | L3: 79.30%
Validation Loss: 0.2002 
 Accuracy: 82.19% | L1: 85.76% | L2: 82.34% | L3: 78.48%
Epoch [7703/10000] Training Loss: 0.1900 Accuracy: 82.56% | L1: 85.36% | L2: 83.04% | L3: 79.28%
Epoch [7704/10000] Training Loss: 0.1903 Accuracy: 82.60% | L1: 85.58% | L2: 82.94% | L3: 79.29%
Validation Loss: 0.2011 
 Accuracy: 82.20% | L1: 85.74% | L2: 82.16% | L3: 78.69%
Epoch [7705/10000] Training Loss: 0.1893 Accuracy: 82.61% | L1: 85.35% | L2: 83.17% | L3: 79.30%
Epoch [7706/10000] Training Loss: 0.1886 Accuracy: 82.67% | L1: 85.42% | L2: 83.16% | L3: 79.43%
Validation Loss: 0.1987 
 Accuracy: 82.45% | L1: 85.84% | L2: 82.43% | L3: 79.07%
Epoch [7707/10000] Training Loss: 0.1892 Accuracy: 82.65% | L1: 85.44% | L2: 83.16% | L3: 79.36%
Epoch [7708/10000] Training Loss: 0.1893 Accuracy: 82.70% | L1: 85.50% | L2: 83.20% | L3: 79.40%
Validation Loss: 0.1992 
 Accuracy: 82.51% | L1: 85.99% | L2: 82.44% | L3: 79.09%
Epoch [7709/10000] Training Loss: 0.1891 Accuracy: 82.61% | L1: 85.32% | L2: 83.19% | L3: 79.31%
Epoch [7710/10000] Training Loss: 0.1897 Accuracy: 82.62% | L1: 85.38% | L2: 83.12% | L3: 79.36%
slurmstepd: error: *** JOB 12533 ON gnode2 CANCELLED AT 2025-04-01T11:44:38 DUE TO TIME LIMIT ***
